{"results": {"load_nexus.LoadNexus.time_load_event_nexus": {"result": [3.812751566499969], "stats": [{"ci_99": [3.6824412413774117, 3.9489475766225652], "q_25": 3.7711957494999524, "q_75": 3.857250226000005, "min": 3.768754258000058, "max": 3.8685202449999565, "mean": 3.8156944089999882, "std": 0.045637392281145016, "repeat": 4, "number": 1}]}, "transform_coords.TransformCoords.time_energy_to_tof": {"result": [0.0012123349375059433], "stats": [{"ci_99": [0.0011675036004975034, 0.0012436619411733273], "q_25": 0.0011884877187497978, "q_75": 0.0012199162499975102, "min": 0.0011686031250093265, "max": 0.0012372416249988305, "mean": 0.0012055827708354154, "std": 2.340847084483382e-05, "repeat": 6, "number": 8}]}, "transform_coords.TransformCoords.time_tof_to_dspacing": {"result": [0.03579182799995806], "stats": [{"ci_99": [0.028244082857655783, 0.056002350000085244], "q_25": 0.035512748749994216, "q_75": 0.04797446475004108, "min": 0.035330373999954645, "max": 0.056002350000085244, "mean": 0.04172857433333851, "std": 0.008758666664152644, "repeat": 6, "number": 1}]}, "transform_coords.TransformCoords.time_tof_to_energy": {"result": [0.2500877209999999], "stats": [{"ci_99": [0.21622869741118453, 0.3274597469888198], "q_25": 0.24925160600002982, "q_75": 0.3020545489999904, "min": 0.2492181409999148, "max": 0.30860909400007586, "mean": 0.27184422220000215, "std": 0.027422730883469075, "repeat": 5, "number": 1}]}, "transform_coords.TransformCoords.time_tof_to_wavelength": {"result": [0.0011768377777785746], "stats": [{"ci_99": [0.0011577983220748473, 0.0012086589001471617], "q_25": 0.0011730877500074005, "q_75": 0.0011951129722168237, "min": 0.001164326555555009, "max": 0.0012083271111072867, "mean": 0.0011832286111110046, "std": 1.5853991795152477e-05, "repeat": 6, "number": 9}]}, "transform_coords.TransformCoords.time_wavelength_to_tof": {"result": [0.03374614950001842], "stats": [{"ci_99": [0.02870422404020702, 0.05508903400004783], "q_25": 0.03361979800004633, "q_75": 0.0339237267500323, "min": 0.033561748000010994, "max": 0.05508903400004783, "mean": 0.0372839468333647, "std": 0.00796380787057625, "repeat": 6, "number": 1}]}}, "params": {"cpu": "2 Core CPU", "machine": "cloud-container", "os": "Ubuntu latest", "ram": "7GB", "python": "3.9", "appdirs": "", "cmake": "", "conan": "", "ess-dmsc::ess-streaming-data-types": "", "h5py": "", "ipykernel": "6.3.1", "ipympl": "", "ipywidgets": "", "mantid-framework": "", "matplotlib-base": "", "ninja": "", "numpy": "", "pip": "", "pooch": "", "python-configuration": "", "python-confluent-kafka": "", "pythreejs": "", "pyyaml": "", "scipp::scipp": "", "scipy": "", "tbb": ""}, "requirements": {"appdirs": "", "cmake": "", "conan": "", "ess-dmsc::ess-streaming-data-types": "", "h5py": "", "ipykernel": "6.3.1", "ipympl": "", "ipywidgets": "", "mantid-framework": "", "matplotlib-base": "", "ninja": "", "numpy": "", "pip": "", "pooch": "", "python-configuration": "", "python-confluent-kafka": "", "pythreejs": "", "pyyaml": "", "scipp::scipp": "", "scipy": "", "tbb": ""}, "commit_hash": "0743224ebd5fb11bdf84beb708696315a0fae96c", "date": 1637587963000, "env_name": "conda-py3.9-appdirs-cmake-conan-ess-dmsc__ess-streaming-data-types-h5py-ipykernel6.3.1-ipympl-ipywidgets-mantid-framework-matplotlib-base-ninja-numpy-pip-pooch-python-configuration-python-confluent-kafka-pythreejs-pyyaml-scipp__scipp-scipy-tbb", "python": "3.9", "profiles": {}, "started_at": {"load_nexus.LoadNexus.time_load_event_nexus": 1637590328219, "transform_coords.TransformCoords.time_energy_to_tof": 1637590340412, "transform_coords.TransformCoords.time_tof_to_dspacing": 1637590359778, "transform_coords.TransformCoords.time_tof_to_energy": 1637590379287, "transform_coords.TransformCoords.time_tof_to_wavelength": 1637590399662, "transform_coords.TransformCoords.time_wavelength_to_tof": 1637590419040}, "ended_at": {"load_nexus.LoadNexus.time_load_event_nexus": 1637590340411, "transform_coords.TransformCoords.time_energy_to_tof": 1637590359778, "transform_coords.TransformCoords.time_tof_to_dspacing": 1637590379287, "transform_coords.TransformCoords.time_tof_to_energy": 1637590399661, "transform_coords.TransformCoords.time_tof_to_wavelength": 1637590419040, "transform_coords.TransformCoords.time_wavelength_to_tof": 1637590438449}, "benchmark_version": {"load_nexus.LoadNexus.time_load_event_nexus": "9bb61e37c240f4221eff71f827efb0f1cfb5371f7c6b0e72f79b9ca92578e5e9", "transform_coords.TransformCoords.time_energy_to_tof": "f1ea8beffb41e75997f96056160ef6dd12d9afb53546d00f7e0cb2b307a616bb", "transform_coords.TransformCoords.time_tof_to_dspacing": "76d3e8bdf45621127e026f90298e8f292d01ddb57cb7caf05a5ce555a659d8ac", "transform_coords.TransformCoords.time_tof_to_energy": "32774381c7e0285d159959187b4537339285cc2573292bc6b39f5edd04d4bc0b", "transform_coords.TransformCoords.time_tof_to_wavelength": "46879c3a68b31604accd5a00f4187eb567d166242d70d944aa010a5d6f8de380", "transform_coords.TransformCoords.time_wavelength_to_tof": "d4710ab73daad9eb187b2c50c320802720ae09b880a656f3ac5284d75fea178b"}, "version": 1}