{"results": {"load_nexus.LoadNexus.time_load_event_nexus": {"result": [3.8106481474999896], "stats": [{"ci_99": [3.715266202458357, 3.891502372541633], "q_25": 3.786599594000009, "q_75": 3.8274328409999754, "min": 3.753980936000005, "max": 3.838259918999995, "mean": 3.803384287499995, "std": 0.03205356674496003, "repeat": 4, "number": 1}]}, "transform_coords.TransformCoords.time_energy_to_tof": {"result": [0.0012964699285719558], "stats": [{"ci_99": [0.001195833374971993, 0.0014224107678858194], "q_25": 0.0012563603928563388, "q_75": 0.0013757937500002981, "min": 0.0012265978571446925, "max": 0.0013899691428572883, "mean": 0.0013091220714289064, "std": 6.572607478103099e-05, "repeat": 6, "number": 7}]}, "transform_coords.TransformCoords.time_tof_to_dspacing": {"result": [0.03611320600001022], "stats": [{"ci_99": [0.0355943110000112, 0.03653082400745883], "q_25": 0.03598673125001994, "q_75": 0.03627842500000611, "min": 0.0355943110000112, "max": 0.03644979500001, "mean": 0.036091431500011595, "std": 0.0002763790698236653, "repeat": 6, "number": 1}]}, "transform_coords.TransformCoords.time_tof_to_energy": {"result": [0.2419877404999795], "stats": [{"ci_99": [0.23275585544471122, 0.2569076690000429], "q_25": 0.23840236825002137, "q_75": 0.24678073949998236, "min": 0.23611336599998367, "max": 0.2569076690000429, "mean": 0.24376369433333403, "std": 0.007078401665170669, "repeat": 6, "number": 1}]}, "transform_coords.TransformCoords.time_tof_to_wavelength": {"result": [0.0012874902857171427], "stats": [{"ci_99": [0.0012289055589021732, 0.0013586736791929776], "q_25": 0.0012601092857096319, "q_75": 0.0013193810357076275, "min": 0.0012523094285695282, "max": 0.001354454142870054, "mean": 0.0012937896190475754, "std": 3.822253173734161e-05, "repeat": 6, "number": 7}]}, "transform_coords.TransformCoords.time_wavelength_to_tof": {"result": [0.03476194650005482], "stats": [{"ci_99": [0.033884762017795535, 0.03557690164894779], "q_25": 0.03429290375004257, "q_75": 0.035111151250021067, "min": 0.03405443200006175, "max": 0.03544255700001031, "mean": 0.03473083183337167, "std": 0.0005084662846485933, "repeat": 6, "number": 1}]}}, "params": {"cpu": "2 Core CPU", "machine": "cloud-container", "os": "Ubuntu latest", "ram": "7GB", "python": "3.9", "appdirs": "", "cmake": "", "conan": "", "ess-dmsc::ess-streaming-data-types": "", "h5py": "", "ipykernel": "6.3.1", "ipympl": "", "ipywidgets": "", "mantid-framework": "", "matplotlib-base": "", "ninja": "", "numpy": "", "pip": "", "pooch": "", "python-configuration": "", "python-confluent-kafka": "", "pythreejs": "", "pyyaml": "", "scipp::scipp": "", "scipy": "", "tbb": ""}, "requirements": {"appdirs": "", "cmake": "", "conan": "", "ess-dmsc::ess-streaming-data-types": "", "h5py": "", "ipykernel": "6.3.1", "ipympl": "", "ipywidgets": "", "mantid-framework": "", "matplotlib-base": "", "ninja": "", "numpy": "", "pip": "", "pooch": "", "python-configuration": "", "python-confluent-kafka": "", "pythreejs": "", "pyyaml": "", "scipp::scipp": "", "scipy": "", "tbb": ""}, "commit_hash": "081c25f53c34820dcca6e04241b6a7b800e60bdf", "date": 1642416519000, "env_name": "conda-py3.9-appdirs-cmake-conan-ess-dmsc__ess-streaming-data-types-h5py-ipykernel6.3.1-ipympl-ipywidgets-mantid-framework-matplotlib-base-ninja-numpy-pip-pooch-python-configuration-python-confluent-kafka-pythreejs-pyyaml-scipp__scipp-scipy-tbb", "python": "3.9", "profiles": {}, "started_at": {"load_nexus.LoadNexus.time_load_event_nexus": 1642417724924, "transform_coords.TransformCoords.time_energy_to_tof": 1642417737220, "transform_coords.TransformCoords.time_tof_to_dspacing": 1642417755625, "transform_coords.TransformCoords.time_tof_to_energy": 1642417774332, "transform_coords.TransformCoords.time_tof_to_wavelength": 1642417793941, "transform_coords.TransformCoords.time_wavelength_to_tof": 1642417812603}, "ended_at": {"load_nexus.LoadNexus.time_load_event_nexus": 1642417737220, "transform_coords.TransformCoords.time_energy_to_tof": 1642417755625, "transform_coords.TransformCoords.time_tof_to_dspacing": 1642417774332, "transform_coords.TransformCoords.time_tof_to_energy": 1642417793941, "transform_coords.TransformCoords.time_tof_to_wavelength": 1642417812602, "transform_coords.TransformCoords.time_wavelength_to_tof": 1642417831111}, "benchmark_version": {"load_nexus.LoadNexus.time_load_event_nexus": "9bb61e37c240f4221eff71f827efb0f1cfb5371f7c6b0e72f79b9ca92578e5e9", "transform_coords.TransformCoords.time_energy_to_tof": "f1ea8beffb41e75997f96056160ef6dd12d9afb53546d00f7e0cb2b307a616bb", "transform_coords.TransformCoords.time_tof_to_dspacing": "76d3e8bdf45621127e026f90298e8f292d01ddb57cb7caf05a5ce555a659d8ac", "transform_coords.TransformCoords.time_tof_to_energy": "32774381c7e0285d159959187b4537339285cc2573292bc6b39f5edd04d4bc0b", "transform_coords.TransformCoords.time_tof_to_wavelength": "46879c3a68b31604accd5a00f4187eb567d166242d70d944aa010a5d6f8de380", "transform_coords.TransformCoords.time_wavelength_to_tof": "d4710ab73daad9eb187b2c50c320802720ae09b880a656f3ac5284d75fea178b"}, "version": 1}