{"results": {"load_nexus.LoadNexus.time_load_event_nexus": {"result": [3.693245494500019], "stats": [{"ci_99": [3.5769484216966223, 3.8525426528033706], "q_25": 3.67800787325001, "q_75": 3.729983158500005, "min": 3.6671186719999582, "max": 3.805372487999989, "mean": 3.7147455372499962, "std": 0.054026734763248305, "repeat": 4, "number": 1}]}, "transform_coords.TransformCoords.time_energy_to_tof": {"result": [0.0013765081428565346], "stats": [{"ci_99": [0.0013203281099195148, 0.001447537428573144], "q_25": 0.0013550844642793436, "q_75": 0.001394924428570984, "min": 0.001331814000000772, "max": 0.001447537428573144, "mean": 0.0013802290238082886, "std": 3.754385429685671e-05, "repeat": 6, "number": 7}]}, "transform_coords.TransformCoords.time_tof_to_dspacing": {"result": [0.03352133549998371], "stats": [{"ci_99": [0.03327128407448169, 0.03412716799999771], "q_25": 0.03349286899992876, "q_75": 0.03371922475000133, "min": 0.03338840200001414, "max": 0.03412716799999771, "mean": 0.03363780149998282, "std": 0.00024930968730550507, "repeat": 6, "number": 1}]}, "transform_coords.TransformCoords.time_tof_to_energy": {"result": [0.24780888050000272], "stats": [{"ci_99": [0.24688025054713825, 0.24960560599993187], "q_25": 0.24751349074996654, "q_75": 0.24800455249999231, "min": 0.24715926699997226, "max": 0.24960560599993187, "mean": 0.24797790633330882, "std": 0.0007851833473797352, "repeat": 6, "number": 1}]}, "transform_coords.TransformCoords.time_tof_to_wavelength": {"result": [0.0013659781428511258], "stats": [{"ci_99": [0.0013225478045068395, 0.0013986300050151713], "q_25": 0.001340457678570114, "q_75": 0.0013727284642856472, "min": 0.0013286061428630092, "max": 0.001396041571427174, "mean": 0.0013605889047610057, "std": 2.3438414440503635e-05, "repeat": 6, "number": 7}]}, "transform_coords.TransformCoords.time_wavelength_to_tof": {"result": [0.03210794899999314], "stats": [{"ci_99": [0.031690857876278754, 0.03319550200001231], "q_25": 0.03201497800000652, "q_75": 0.03213008175002585, "min": 0.031860505999929956, "max": 0.03319550200001231, "mean": 0.03223222549999605, "std": 0.00044098393933425956, "repeat": 6, "number": 1}]}}, "params": {"cpu": "2 Core CPU", "machine": "cloud-container", "os": "Ubuntu latest", "ram": "7GB", "python": "3.9", "appdirs": "", "cmake": "", "conan": "", "ess-dmsc::ess-streaming-data-types": "", "h5py": "", "ipykernel": "6.3.1", "ipympl": "", "ipywidgets": "", "mantid-framework": "", "matplotlib-base": "", "ninja": "", "numpy": "", "pip": "", "pooch": "", "python-configuration": "", "python-confluent-kafka": "", "pythreejs": "", "pyyaml": "", "scipp::scipp": "", "scipy": "", "tbb": ""}, "requirements": {"appdirs": "", "cmake": "", "conan": "", "ess-dmsc::ess-streaming-data-types": "", "h5py": "", "ipykernel": "6.3.1", "ipympl": "", "ipywidgets": "", "mantid-framework": "", "matplotlib-base": "", "ninja": "", "numpy": "", "pip": "", "pooch": "", "python-configuration": "", "python-confluent-kafka": "", "pythreejs": "", "pyyaml": "", "scipp::scipp": "", "scipy": "", "tbb": ""}, "commit_hash": "0d1303d5b147a6cebd9cfb1a012069a042dc1d01", "date": 1642583995000, "env_name": "conda-py3.9-appdirs-cmake-conan-ess-dmsc__ess-streaming-data-types-h5py-ipykernel6.3.1-ipympl-ipywidgets-mantid-framework-matplotlib-base-ninja-numpy-pip-pooch-python-configuration-python-confluent-kafka-pythreejs-pyyaml-scipp__scipp-scipy-tbb", "python": "3.9", "profiles": {}, "started_at": {"load_nexus.LoadNexus.time_load_event_nexus": 1642586964471, "transform_coords.TransformCoords.time_energy_to_tof": 1642586976361, "transform_coords.TransformCoords.time_tof_to_dspacing": 1642586995365, "transform_coords.TransformCoords.time_tof_to_energy": 1642587014469, "transform_coords.TransformCoords.time_tof_to_wavelength": 1642587034374, "transform_coords.TransformCoords.time_wavelength_to_tof": 1642587053533}, "ended_at": {"load_nexus.LoadNexus.time_load_event_nexus": 1642586976360, "transform_coords.TransformCoords.time_energy_to_tof": 1642586995364, "transform_coords.TransformCoords.time_tof_to_dspacing": 1642587014469, "transform_coords.TransformCoords.time_tof_to_energy": 1642587034374, "transform_coords.TransformCoords.time_tof_to_wavelength": 1642587053533, "transform_coords.TransformCoords.time_wavelength_to_tof": 1642587072638}, "benchmark_version": {"load_nexus.LoadNexus.time_load_event_nexus": "9bb61e37c240f4221eff71f827efb0f1cfb5371f7c6b0e72f79b9ca92578e5e9", "transform_coords.TransformCoords.time_energy_to_tof": "f1ea8beffb41e75997f96056160ef6dd12d9afb53546d00f7e0cb2b307a616bb", "transform_coords.TransformCoords.time_tof_to_dspacing": "76d3e8bdf45621127e026f90298e8f292d01ddb57cb7caf05a5ce555a659d8ac", "transform_coords.TransformCoords.time_tof_to_energy": "32774381c7e0285d159959187b4537339285cc2573292bc6b39f5edd04d4bc0b", "transform_coords.TransformCoords.time_tof_to_wavelength": "46879c3a68b31604accd5a00f4187eb567d166242d70d944aa010a5d6f8de380", "transform_coords.TransformCoords.time_wavelength_to_tof": "d4710ab73daad9eb187b2c50c320802720ae09b880a656f3ac5284d75fea178b"}, "version": 1}