{"results": {"load_nexus.LoadNexus.time_load_event_nexus": {"result": [5.797240590499996], "stats": [{"ci_99": [3.212963265498047, 8.381517915501943], "q_25": 5.7713978172499765, "q_75": 5.8230833637500155, "min": 5.745555043999957, "max": 5.848926137000035, "mean": 5.797240590499996, "std": 0.05168554650003898, "repeat": 2, "number": 1}]}, "transform_coords.TransformCoords.time_energy_to_tof": {"result": [0.0019538181000029907], "stats": [{"ci_99": [0.0016696567762179678, 0.0022268097237800734], "q_25": 0.0018920193000042215, "q_75": 0.00201003204999779, "min": 0.0018039077999901566, "max": 0.002081388999999945, "mean": 0.0019482332499990206, "std": 0.00010090324531291799, "repeat": 4, "number": 5}]}, "transform_coords.TransformCoords.time_tof_to_dspacing": {"result": [0.046245881999936955], "stats": [{"ci_99": [0.03891736720739435, 0.05593107929250115], "q_25": 0.045677038499917444, "q_75": 0.047993066749967284, "min": 0.04413489599994591, "max": 0.05307023299997127, "mean": 0.04742422324994777, "std": 0.003371946072417145, "repeat": 4, "number": 1}]}, "transform_coords.TransformCoords.time_tof_to_energy": {"result": [0.33873772549998193], "stats": [{"ci_99": [0.3266340470699059, 0.3488410174300432], "q_25": 0.3365031747499927, "q_75": 0.33997208299996373, "min": 0.33090436099996623, "max": 0.34257031699996787, "mean": 0.3377375322499745, "std": 0.004252060395462434, "repeat": 4, "number": 1}]}, "transform_coords.TransformCoords.time_tof_to_wavelength": {"result": [0.0017392778000044017], "stats": [{"ci_99": [0.0015155286144660747, 0.0020615164855415065], "q_25": 0.0017157231000055617, "q_75": 0.0018120772500026306, "min": 0.0017002884000021368, "max": 0.0019752462000042215, "mean": 0.0017885225500037904, "std": 0.00010974848401334853, "repeat": 4, "number": 5}]}, "transform_coords.TransformCoords.time_wavelength_to_tof": {"result": [0.04319879999997056], "stats": [{"ci_99": [0.03923341002851718, 0.046951194471459366], "q_25": 0.04235825675002047, "q_75": 0.04393284549993837, "min": 0.04104291800001647, "max": 0.044928690999995524, "mean": 0.04309230224998828, "std": 0.0014069778766405531, "repeat": 4, "number": 1}]}}, "params": {"cpu": "2 Core CPU", "machine": "cloud-container", "os": "Ubuntu latest", "ram": "7GB", "python": "3.9", "appdirs": "", "cmake": "", "conan": "", "ess-dmsc::ess-streaming-data-types": "", "h5py": "", "ipykernel": "6.3.1", "ipympl": "", "ipywidgets": "", "mantid-framework": "", "matplotlib-base": "", "ninja": "", "numpy": "", "pip": "", "pooch": "", "python-configuration": "", "python-confluent-kafka": "", "pythreejs": "", "pyyaml": "", "scipp::scipp": "", "scipy": "", "tbb": ""}, "requirements": {"appdirs": "", "cmake": "", "conan": "", "ess-dmsc::ess-streaming-data-types": "", "h5py": "", "ipykernel": "6.3.1", "ipympl": "", "ipywidgets": "", "mantid-framework": "", "matplotlib-base": "", "ninja": "", "numpy": "", "pip": "", "pooch": "", "python-configuration": "", "python-confluent-kafka": "", "pythreejs": "", "pyyaml": "", "scipp::scipp": "", "scipy": "", "tbb": ""}, "commit_hash": "1ae74e77e447b6de05f33b84f44e9f7a1713525c", "date": 1634888285000, "env_name": "conda-py3.9-appdirs-cmake-conan-ess-dmsc__ess-streaming-data-types-h5py-ipykernel6.3.1-ipympl-ipywidgets-mantid-framework-matplotlib-base-ninja-numpy-pip-pooch-python-configuration-python-confluent-kafka-pythreejs-pyyaml-scipp__scipp-scipy-tbb", "python": "3.9", "profiles": {}, "started_at": {"load_nexus.LoadNexus.time_load_event_nexus": 1635030715239, "transform_coords.TransformCoords.time_energy_to_tof": 1635030727686, "transform_coords.TransformCoords.time_tof_to_dspacing": 1635030747371, "transform_coords.TransformCoords.time_tof_to_energy": 1635030766934, "transform_coords.TransformCoords.time_tof_to_wavelength": 1635030787415, "transform_coords.TransformCoords.time_wavelength_to_tof": 1635030806941}, "ended_at": {"load_nexus.LoadNexus.time_load_event_nexus": 1635030727685, "transform_coords.TransformCoords.time_energy_to_tof": 1635030747371, "transform_coords.TransformCoords.time_tof_to_dspacing": 1635030766934, "transform_coords.TransformCoords.time_tof_to_energy": 1635030787414, "transform_coords.TransformCoords.time_tof_to_wavelength": 1635030806940, "transform_coords.TransformCoords.time_wavelength_to_tof": 1635030826658}, "benchmark_version": {"load_nexus.LoadNexus.time_load_event_nexus": "9bb61e37c240f4221eff71f827efb0f1cfb5371f7c6b0e72f79b9ca92578e5e9", "transform_coords.TransformCoords.time_energy_to_tof": "f1ea8beffb41e75997f96056160ef6dd12d9afb53546d00f7e0cb2b307a616bb", "transform_coords.TransformCoords.time_tof_to_dspacing": "76d3e8bdf45621127e026f90298e8f292d01ddb57cb7caf05a5ce555a659d8ac", "transform_coords.TransformCoords.time_tof_to_energy": "32774381c7e0285d159959187b4537339285cc2573292bc6b39f5edd04d4bc0b", "transform_coords.TransformCoords.time_tof_to_wavelength": "46879c3a68b31604accd5a00f4187eb567d166242d70d944aa010a5d6f8de380", "transform_coords.TransformCoords.time_wavelength_to_tof": "d4710ab73daad9eb187b2c50c320802720ae09b880a656f3ac5284d75fea178b"}, "version": 1}