{"results": {"load_nexus.LoadNexus.time_load_event_nexus": {"result": [5.184281639000005], "stats": [{"ci_99": [1.6649217390032618, 8.703641538996745], "q_25": 5.149088040000038, "q_75": 5.219475237999973, "min": 5.11389444100007, "max": 5.25466883699994, "mean": 5.184281639000005, "std": 0.07038719799993487, "repeat": 2, "number": 1}]}, "transform_coords.TransformCoords.time_energy_to_tof": {"result": [0.0014590977500101114], "stats": [{"ci_99": [0.0011395647445240548, 0.001903630505486384], "q_25": 0.0014077436666705505, "q_75": 0.0015729517083447793, "min": 0.0014022811666715522, "max": 0.0017659138333290987, "mean": 0.0015215976250052186, "std": 0.00014717878697376893, "repeat": 4, "number": 6}]}, "transform_coords.TransformCoords.time_tof_to_dspacing": {"result": [0.043186334499921486], "stats": [{"ci_99": [0.038714922991539585, 0.048260786508398996], "q_25": 0.04215228424990869, "q_75": 0.0445219049999821, "min": 0.04157343800000035, "max": 0.04600531200003388, "mean": 0.0434878547499693, "std": 0.0017028883468677963, "repeat": 4, "number": 1}]}, "transform_coords.TransformCoords.time_tof_to_energy": {"result": [0.29420755750004446], "stats": [{"ci_99": [0.27354428097560235, 0.313042583524475], "q_25": 0.2883020497500297, "q_75": 0.2991989400000534, "min": 0.28377240300005724, "max": 0.30098621100000855, "mean": 0.2932934322500387, "std": 0.006894620002097788, "repeat": 4, "number": 1}]}, "transform_coords.TransformCoords.time_tof_to_wavelength": {"result": [0.001546407699993324], "stats": [{"ci_99": [0.0012296109537389558, 0.0017713446462592215], "q_25": 0.0014712777499937602, "q_75": 0.001575607749998653, "min": 0.0013203782000118735, "max": 0.0015887175999978354, "mean": 0.0015004777999990892, "std": 0.00010685774115490069, "repeat": 4, "number": 5}]}, "transform_coords.TransformCoords.time_wavelength_to_tof": {"result": [0.04169563600004267], "stats": [{"ci_99": [0.03864731111472631, 0.04364801338529719], "q_25": 0.04102426375001755, "q_75": 0.04181903450003688, "min": 0.03935333799995533, "max": 0.041846039000006385, "mean": 0.04114766225001176, "std": 0.0010409194743037887, "repeat": 4, "number": 1}]}}, "params": {"cpu": "2 Core CPU", "machine": "cloud-container", "os": "Ubuntu latest", "ram": "7GB", "python": "3.9", "appdirs": "", "cmake": "", "conan": "", "ess-dmsc::ess-streaming-data-types": "", "h5py": "", "ipykernel": "6.3.1", "ipympl": "", "ipywidgets": "", "mantid-framework": "", "matplotlib-base": "", "ninja": "", "numpy": "", "pip": "", "pooch": "", "python-configuration": "", "python-confluent-kafka": "", "pythreejs": "", "pyyaml": "", "scipp::scipp": "", "scipy": "", "tbb": ""}, "requirements": {"appdirs": "", "cmake": "", "conan": "", "ess-dmsc::ess-streaming-data-types": "", "h5py": "", "ipykernel": "6.3.1", "ipympl": "", "ipywidgets": "", "mantid-framework": "", "matplotlib-base": "", "ninja": "", "numpy": "", "pip": "", "pooch": "", "python-configuration": "", "python-confluent-kafka": "", "pythreejs": "", "pyyaml": "", "scipp::scipp": "", "scipy": "", "tbb": ""}, "commit_hash": "1ae74e77e447b6de05f33b84f44e9f7a1713525c", "date": 1634888285000, "env_name": "conda-py3.9-appdirs-cmake-conan-ess-dmsc__ess-streaming-data-types-h5py-ipykernel6.3.1-ipympl-ipywidgets-mantid-framework-matplotlib-base-ninja-numpy-pip-pooch-python-configuration-python-confluent-kafka-pythreejs-pyyaml-scipp__scipp-scipy-tbb", "python": "3.9", "profiles": {}, "started_at": {"load_nexus.LoadNexus.time_load_event_nexus": 1634962314936, "transform_coords.TransformCoords.time_energy_to_tof": 1634962325622, "transform_coords.TransformCoords.time_tof_to_dspacing": 1634962342072, "transform_coords.TransformCoords.time_tof_to_energy": 1634962359276, "transform_coords.TransformCoords.time_tof_to_wavelength": 1634962376478, "transform_coords.TransformCoords.time_wavelength_to_tof": 1634962393033}, "ended_at": {"load_nexus.LoadNexus.time_load_event_nexus": 1634962325621, "transform_coords.TransformCoords.time_energy_to_tof": 1634962342071, "transform_coords.TransformCoords.time_tof_to_dspacing": 1634962359276, "transform_coords.TransformCoords.time_tof_to_energy": 1634962376478, "transform_coords.TransformCoords.time_tof_to_wavelength": 1634962393032, "transform_coords.TransformCoords.time_wavelength_to_tof": 1634962409783}, "benchmark_version": {"load_nexus.LoadNexus.time_load_event_nexus": "9bb61e37c240f4221eff71f827efb0f1cfb5371f7c6b0e72f79b9ca92578e5e9", "transform_coords.TransformCoords.time_energy_to_tof": "f1ea8beffb41e75997f96056160ef6dd12d9afb53546d00f7e0cb2b307a616bb", "transform_coords.TransformCoords.time_tof_to_dspacing": "76d3e8bdf45621127e026f90298e8f292d01ddb57cb7caf05a5ce555a659d8ac", "transform_coords.TransformCoords.time_tof_to_energy": "32774381c7e0285d159959187b4537339285cc2573292bc6b39f5edd04d4bc0b", "transform_coords.TransformCoords.time_tof_to_wavelength": "46879c3a68b31604accd5a00f4187eb567d166242d70d944aa010a5d6f8de380", "transform_coords.TransformCoords.time_wavelength_to_tof": "d4710ab73daad9eb187b2c50c320802720ae09b880a656f3ac5284d75fea178b"}, "version": 1}