{"results": {"load_nexus.LoadNexus.time_load_event_nexus": {"result": [4.590510275500009], "stats": [{"ci_99": [4.232581633348223, 4.949990560151766], "q_25": 4.471298926000003, "q_75": 4.710497446250002, "min": 4.463633926, "max": 4.720489909999969, "mean": 4.591286096749997, "std": 0.12268589324987463, "repeat": 4, "number": 1}]}, "transform_coords.TransformCoords.time_energy_to_tof": {"result": [0.0013550091666587605], "stats": [{"ci_99": [0.0013466553477663955, 0.0013663663333242464], "q_25": 0.0013528395000032372, "q_75": 0.0013580432083249623, "min": 0.0013471074999908221, "max": 0.0013663663333242464, "mean": 0.0013557771666607248, "std": 5.92736976825997e-06, "repeat": 6, "number": 6}]}, "transform_coords.TransformCoords.time_tof_to_dspacing": {"result": [0.03713748149999674], "stats": [{"ci_99": [0.03619266604331837, 0.0388395169566437], "q_25": 0.03695498549998888, "q_75": 0.03829004099995359, "min": 0.0366079110000328, "max": 0.03864529399993444, "mean": 0.03751609149998103, "std": 0.0008151605117923638, "repeat": 6, "number": 1}]}, "transform_coords.TransformCoords.time_tof_to_energy": {"result": [0.2606135215000336], "stats": [{"ci_99": [0.25949677200003407, 0.2618682100001024], "q_25": 0.2604360112499364, "q_75": 0.2607549334999817, "min": 0.25949677200003407, "max": 0.2618682100001024, "mean": 0.260628489500012, "std": 0.0006955971927407804, "repeat": 6, "number": 1}]}, "transform_coords.TransformCoords.time_tof_to_wavelength": {"result": [0.0013655686666709244], "stats": [{"ci_99": [0.0013584708333382878, 0.0013703523153194663], "q_25": 0.0013628267500015074, "q_75": 0.0013677107083320077, "min": 0.0013584708333382878, "max": 0.001368302500016701, "mean": 0.0013647080277823735, "std": 3.489696570467566e-06, "repeat": 6, "number": 6}]}, "transform_coords.TransformCoords.time_wavelength_to_tof": {"result": [0.03469484249995958], "stats": [{"ci_99": [0.034410388028385974, 0.035446914999965884], "q_25": 0.034635380999986864, "q_75": 0.034786769249961935, "min": 0.03454311799998777, "max": 0.035446914999965884, "mean": 0.03480211499997191, "std": 0.0002998532424931503, "repeat": 6, "number": 1}]}}, "params": {"cpu": "2 Core CPU", "machine": "cloud-container", "os": "Ubuntu latest", "ram": "7GB", "python": "3.9", "appdirs": "", "cmake": "", "conan": "", "ess-dmsc::ess-streaming-data-types": "", "h5py": "", "ipykernel": "6.3.1", "ipympl": "", "ipywidgets": "", "mantid-framework": "", "matplotlib-base": "", "ninja": "", "numpy": "", "pip": "", "pooch": "", "python-configuration": "", "python-confluent-kafka": "", "pythreejs": "", "pyyaml": "", "scipp::scipp": "", "scipy": "", "tbb": ""}, "requirements": {"appdirs": "", "cmake": "", "conan": "", "ess-dmsc::ess-streaming-data-types": "", "h5py": "", "ipykernel": "6.3.1", "ipympl": "", "ipywidgets": "", "mantid-framework": "", "matplotlib-base": "", "ninja": "", "numpy": "", "pip": "", "pooch": "", "python-configuration": "", "python-confluent-kafka": "", "pythreejs": "", "pyyaml": "", "scipp::scipp": "", "scipy": "", "tbb": ""}, "commit_hash": "1ae74e77e447b6de05f33b84f44e9f7a1713525c", "date": 1634888285000, "env_name": "conda-py3.9-appdirs-cmake-conan-ess-dmsc__ess-streaming-data-types-h5py-ipykernel6.3.1-ipympl-ipywidgets-mantid-framework-matplotlib-base-ninja-numpy-pip-pooch-python-configuration-python-confluent-kafka-pythreejs-pyyaml-scipp__scipp-scipy-tbb", "python": "3.9", "profiles": {}, "started_at": {"load_nexus.LoadNexus.time_load_event_nexus": 1635019836222, "transform_coords.TransformCoords.time_energy_to_tof": 1635019851172, "transform_coords.TransformCoords.time_tof_to_dspacing": 1635019869880, "transform_coords.TransformCoords.time_tof_to_energy": 1635019888790, "transform_coords.TransformCoords.time_tof_to_wavelength": 1635019908649, "transform_coords.TransformCoords.time_wavelength_to_tof": 1635019927403}, "ended_at": {"load_nexus.LoadNexus.time_load_event_nexus": 1635019851171, "transform_coords.TransformCoords.time_energy_to_tof": 1635019869879, "transform_coords.TransformCoords.time_tof_to_dspacing": 1635019888790, "transform_coords.TransformCoords.time_tof_to_energy": 1635019908649, "transform_coords.TransformCoords.time_tof_to_wavelength": 1635019927403, "transform_coords.TransformCoords.time_wavelength_to_tof": 1635019946108}, "benchmark_version": {"load_nexus.LoadNexus.time_load_event_nexus": "9bb61e37c240f4221eff71f827efb0f1cfb5371f7c6b0e72f79b9ca92578e5e9", "transform_coords.TransformCoords.time_energy_to_tof": "f1ea8beffb41e75997f96056160ef6dd12d9afb53546d00f7e0cb2b307a616bb", "transform_coords.TransformCoords.time_tof_to_dspacing": "76d3e8bdf45621127e026f90298e8f292d01ddb57cb7caf05a5ce555a659d8ac", "transform_coords.TransformCoords.time_tof_to_energy": "32774381c7e0285d159959187b4537339285cc2573292bc6b39f5edd04d4bc0b", "transform_coords.TransformCoords.time_tof_to_wavelength": "46879c3a68b31604accd5a00f4187eb567d166242d70d944aa010a5d6f8de380", "transform_coords.TransformCoords.time_wavelength_to_tof": "d4710ab73daad9eb187b2c50c320802720ae09b880a656f3ac5284d75fea178b"}, "version": 1}