{"results": {"load_nexus.LoadNexus.time_load_event_nexus": {"result": [4.803688526000087], "stats": [{"ci_99": [4.48200992431089, 5.135283591689128], "q_25": 4.771840147500029, "q_75": 4.842974252500028, "min": 4.739991768999971, "max": 4.8822599789999686, "mean": 4.808646758000009, "std": 0.05818647576298482, "repeat": 3, "number": 1}]}, "transform_coords.TransformCoords.time_energy_to_tof": {"result": [0.001350393250011924], "stats": [{"ci_99": [0.0012682727351744057, 0.001629923500000056], "q_25": 0.0013380597083312296, "q_75": 0.0013873267916674574, "min": 0.0013303343333366986, "max": 0.001629923500000056, "mean": 0.001399105138891817, "std": 0.00010550561481261488, "repeat": 6, "number": 6}]}, "transform_coords.TransformCoords.time_tof_to_dspacing": {"result": [0.03645711699999765], "stats": [{"ci_99": [0.036190789999977824, 0.036799435999967045], "q_25": 0.03640312000003121, "q_75": 0.03654706524996243, "min": 0.036190789999977824, "max": 0.036799435999967045, "mean": 0.036477771499988876, "std": 0.0001843754799112623, "repeat": 6, "number": 1}]}, "transform_coords.TransformCoords.time_tof_to_energy": {"result": [0.2592926304999992], "stats": [{"ci_99": [0.25854368205714395, 0.260011553276156], "q_25": 0.25888517574996683, "q_75": 0.2596061095000124, "min": 0.25871510899992245, "max": 0.25990537600000607, "mean": 0.25927761766665, "std": 0.00043422026882623875, "repeat": 6, "number": 1}]}, "transform_coords.TransformCoords.time_tof_to_wavelength": {"result": [0.00136982708333259], "stats": [{"ci_99": [0.001345810732382643, 0.0013912322120617666], "q_25": 0.001357502083327707, "q_75": 0.001376064583340053, "min": 0.0013497348333354846, "max": 0.0013902023333306108, "mean": 0.0013685214722222048, "std": 1.3703225174795297e-05, "repeat": 6, "number": 6}]}, "transform_coords.TransformCoords.time_wavelength_to_tof": {"result": [0.034113462499988145], "stats": [{"ci_99": [0.033875513788552594, 0.03464647300006618], "q_25": 0.03408133700003191, "q_75": 0.034148365250075585, "min": 0.03391807799999924, "max": 0.03464647300006618, "mean": 0.03417035066669882, "std": 0.0002260830419989376, "repeat": 6, "number": 1}]}}, "params": {"cpu": "2 Core CPU", "machine": "cloud-container", "os": "Ubuntu latest", "ram": "7GB", "python": "3.9", "appdirs": "", "cmake": "", "conan": "", "ess-dmsc::ess-streaming-data-types": "", "h5py": "", "ipykernel": "6.3.1", "ipympl": "", "ipywidgets": "", "mantid-framework": "", "matplotlib-base": "", "ninja": "", "numpy": "", "pip": "", "pooch": "", "python-configuration": "", "python-confluent-kafka": "", "pythreejs": "", "pyyaml": "", "scipp::scipp": "", "scipy": "", "tbb": ""}, "requirements": {"appdirs": "", "cmake": "", "conan": "", "ess-dmsc::ess-streaming-data-types": "", "h5py": "", "ipykernel": "6.3.1", "ipympl": "", "ipywidgets": "", "mantid-framework": "", "matplotlib-base": "", "ninja": "", "numpy": "", "pip": "", "pooch": "", "python-configuration": "", "python-confluent-kafka": "", "pythreejs": "", "pyyaml": "", "scipp::scipp": "", "scipy": "", "tbb": ""}, "commit_hash": "1ae74e77e447b6de05f33b84f44e9f7a1713525c", "date": 1634888285000, "env_name": "conda-py3.9-appdirs-cmake-conan-ess-dmsc__ess-streaming-data-types-h5py-ipykernel6.3.1-ipympl-ipywidgets-mantid-framework-matplotlib-base-ninja-numpy-pip-pooch-python-configuration-python-confluent-kafka-pythreejs-pyyaml-scipp__scipp-scipy-tbb", "python": "3.9", "profiles": {}, "started_at": {"load_nexus.LoadNexus.time_load_event_nexus": 1634958662854, "transform_coords.TransformCoords.time_energy_to_tof": 1634958677901, "transform_coords.TransformCoords.time_tof_to_dspacing": 1634958696654, "transform_coords.TransformCoords.time_tof_to_energy": 1634958715457, "transform_coords.TransformCoords.time_tof_to_wavelength": 1634958735162, "transform_coords.TransformCoords.time_wavelength_to_tof": 1634958753965}, "ended_at": {"load_nexus.LoadNexus.time_load_event_nexus": 1634958677901, "transform_coords.TransformCoords.time_energy_to_tof": 1634958696654, "transform_coords.TransformCoords.time_tof_to_dspacing": 1634958715457, "transform_coords.TransformCoords.time_tof_to_energy": 1634958735162, "transform_coords.TransformCoords.time_tof_to_wavelength": 1634958753965, "transform_coords.TransformCoords.time_wavelength_to_tof": 1634958772769}, "benchmark_version": {"load_nexus.LoadNexus.time_load_event_nexus": "9bb61e37c240f4221eff71f827efb0f1cfb5371f7c6b0e72f79b9ca92578e5e9", "transform_coords.TransformCoords.time_energy_to_tof": "f1ea8beffb41e75997f96056160ef6dd12d9afb53546d00f7e0cb2b307a616bb", "transform_coords.TransformCoords.time_tof_to_dspacing": "76d3e8bdf45621127e026f90298e8f292d01ddb57cb7caf05a5ce555a659d8ac", "transform_coords.TransformCoords.time_tof_to_energy": "32774381c7e0285d159959187b4537339285cc2573292bc6b39f5edd04d4bc0b", "transform_coords.TransformCoords.time_tof_to_wavelength": "46879c3a68b31604accd5a00f4187eb567d166242d70d944aa010a5d6f8de380", "transform_coords.TransformCoords.time_wavelength_to_tof": "d4710ab73daad9eb187b2c50c320802720ae09b880a656f3ac5284d75fea178b"}, "version": 1}