{"results": {"load_nexus.LoadNexus.time_load_event_nexus": {"result": [4.808054417499989], "stats": [{"ci_99": [4.766520375941706, 4.854117490558299], "q_25": 4.800754391749962, "q_75": 4.817618959000029, "min": 4.7902349720000075, "max": 4.834931926000024, "mean": 4.810318933250002, "std": 0.016187982084784384, "repeat": 4, "number": 1}]}, "transform_coords.TransformCoords.time_energy_to_tof": {"result": [0.001335760416665721], "stats": [{"ci_99": [0.0013101875726965284, 0.001364869166659825], "q_25": 0.0013257554999862957, "q_75": 0.0013409018333282081, "min": 0.001311785166668263, "max": 0.001364869166659825, "mean": 0.0013355352222169535, "std": 1.649412115653268e-05, "repeat": 6, "number": 6}]}, "transform_coords.TransformCoords.time_tof_to_dspacing": {"result": [0.03701133450002203], "stats": [{"ci_99": [0.036542791879745094, 0.03761154945358101], "q_25": 0.03688048200002925, "q_75": 0.037373742749991834, "min": 0.03661493699996754, "max": 0.03749400799995328, "mean": 0.03707717066666305, "std": 0.0003184830689566183, "repeat": 6, "number": 1}]}, "transform_coords.TransformCoords.time_tof_to_energy": {"result": [0.26081037750000746], "stats": [{"ci_99": [0.25957824494442916, 0.26381588100002773], "q_25": 0.26061354500001244, "q_75": 0.26089188399998875, "min": 0.25991468400002304, "max": 0.26381588100002773, "mean": 0.26113638450001037, "std": 0.0012432267734952833, "repeat": 6, "number": 1}]}, "transform_coords.TransformCoords.time_tof_to_wavelength": {"result": [0.0013440101666570097], "stats": [{"ci_99": [0.001323988815047666, 0.0013625036293919706], "q_25": 0.0013358599999998926, "q_75": 0.0013531603333258129, "min": 0.0013251681666777888, "max": 0.0013569351666641676, "mean": 0.0013432462222198183, "std": 1.1395224711455634e-05, "repeat": 6, "number": 6}]}, "transform_coords.TransformCoords.time_wavelength_to_tof": {"result": [0.03473892750000118], "stats": [{"ci_99": [0.0341964040854917, 0.03532097991454005], "q_25": 0.03447919700003865, "q_75": 0.03504245275001949, "min": 0.03432907100000193, "max": 0.03520897800001421, "mean": 0.03475869200001588, "std": 0.00032815904100776756, "repeat": 6, "number": 1}]}}, "params": {"cpu": "2 Core CPU", "machine": "cloud-container", "os": "Ubuntu latest", "ram": "7GB", "python": "3.9", "appdirs": "", "cmake": "", "conan": "", "ess-dmsc::ess-streaming-data-types": "", "h5py": "", "ipykernel": "6.3.1", "ipympl": "", "ipywidgets": "", "mantid-framework": "", "matplotlib-base": "", "ninja": "", "numpy": "", "pip": "", "pooch": "", "python-configuration": "", "python-confluent-kafka": "", "pythreejs": "", "pyyaml": "", "scipp::scipp": "", "scipy": "", "tbb": ""}, "requirements": {"appdirs": "", "cmake": "", "conan": "", "ess-dmsc::ess-streaming-data-types": "", "h5py": "", "ipykernel": "6.3.1", "ipympl": "", "ipywidgets": "", "mantid-framework": "", "matplotlib-base": "", "ninja": "", "numpy": "", "pip": "", "pooch": "", "python-configuration": "", "python-confluent-kafka": "", "pythreejs": "", "pyyaml": "", "scipp::scipp": "", "scipy": "", "tbb": ""}, "commit_hash": "1ae74e77e447b6de05f33b84f44e9f7a1713525c", "date": 1634888285000, "env_name": "conda-py3.9-appdirs-cmake-conan-ess-dmsc__ess-streaming-data-types-h5py-ipykernel6.3.1-ipympl-ipywidgets-mantid-framework-matplotlib-base-ninja-numpy-pip-pooch-python-configuration-python-confluent-kafka-pythreejs-pyyaml-scipp__scipp-scipy-tbb", "python": "3.9", "profiles": {}, "started_at": {"load_nexus.LoadNexus.time_load_event_nexus": 1635145899630, "transform_coords.TransformCoords.time_energy_to_tof": 1635145914884, "transform_coords.TransformCoords.time_tof_to_dspacing": 1635145933897, "transform_coords.TransformCoords.time_tof_to_energy": 1635145953058, "transform_coords.TransformCoords.time_tof_to_wavelength": 1635145973121, "transform_coords.TransformCoords.time_wavelength_to_tof": 1635145992281}, "ended_at": {"load_nexus.LoadNexus.time_load_event_nexus": 1635145914883, "transform_coords.TransformCoords.time_energy_to_tof": 1635145933897, "transform_coords.TransformCoords.time_tof_to_dspacing": 1635145953057, "transform_coords.TransformCoords.time_tof_to_energy": 1635145973121, "transform_coords.TransformCoords.time_tof_to_wavelength": 1635145992281, "transform_coords.TransformCoords.time_wavelength_to_tof": 1635146011442}, "benchmark_version": {"load_nexus.LoadNexus.time_load_event_nexus": "9bb61e37c240f4221eff71f827efb0f1cfb5371f7c6b0e72f79b9ca92578e5e9", "transform_coords.TransformCoords.time_energy_to_tof": "f1ea8beffb41e75997f96056160ef6dd12d9afb53546d00f7e0cb2b307a616bb", "transform_coords.TransformCoords.time_tof_to_dspacing": "76d3e8bdf45621127e026f90298e8f292d01ddb57cb7caf05a5ce555a659d8ac", "transform_coords.TransformCoords.time_tof_to_energy": "32774381c7e0285d159959187b4537339285cc2573292bc6b39f5edd04d4bc0b", "transform_coords.TransformCoords.time_tof_to_wavelength": "46879c3a68b31604accd5a00f4187eb567d166242d70d944aa010a5d6f8de380", "transform_coords.TransformCoords.time_wavelength_to_tof": "d4710ab73daad9eb187b2c50c320802720ae09b880a656f3ac5284d75fea178b"}, "version": 1}