{"results": {"load_nexus.LoadNexus.time_load_event_nexus": {"result": [5.182577187500016], "stats": [{"ci_99": [4.122066612499765, 6.243087762500266], "q_25": 5.171972081750013, "q_75": 5.193182293250018, "min": 5.161366976000011, "max": 5.203787399000021, "mean": 5.182577187500016, "std": 0.021210211500005016, "repeat": 2, "number": 1}]}, "transform_coords.TransformCoords.time_energy_to_tof": {"result": [0.0015098371666605697], "stats": [{"ci_99": [0.001211253333337936, 0.0017656886628756431], "q_25": 0.0015019200000002304, "q_75": 0.0015555253333256285, "min": 0.001211253333337936, "max": 0.001683716333332086, "mean": 0.00149245043333129, "std": 0.00015493538507767911, "repeat": 5, "number": 6}]}, "transform_coords.TransformCoords.time_tof_to_dspacing": {"result": [0.03715904899991074], "stats": [{"ci_99": [0.03228115890019348, 0.04570430499995837], "q_25": 0.03682593199994244, "q_75": 0.03957137399993371, "min": 0.03523723400007839, "max": 0.04570430499995837, "mean": 0.03889957879996473, "std": 0.003674175605954468, "repeat": 5, "number": 1}]}, "transform_coords.TransformCoords.time_tof_to_energy": {"result": [0.3129908199999818], "stats": [{"ci_99": [0.2638479661912683, 0.3649052158086431], "q_25": 0.2981819567499713, "q_75": 0.32918545424996637, "min": 0.29565394299993386, "max": 0.33587078099992596, "mean": 0.31437659099995585, "std": 0.01736726455416842, "repeat": 4, "number": 1}]}, "transform_coords.TransformCoords.time_tof_to_wavelength": {"result": [0.001582948750012747], "stats": [{"ci_99": [0.001261025647336351, 0.0018516438526667187], "q_25": 0.001529281875008337, "q_75": 0.001610001625005945, "min": 0.0013735114999917641, "max": 0.0016859299999888815, "mean": 0.001556334750001535, "std": 0.00011362433559756361, "repeat": 4, "number": 6}]}, "transform_coords.TransformCoords.time_wavelength_to_tof": {"result": [0.03506731950005815], "stats": [{"ci_99": [0.03288828147351192, 0.0380429755265856], "q_25": 0.0347079820000431, "q_75": 0.035824966000063796, "min": 0.034630536999998185, "max": 0.037097338000080526, "mean": 0.03546562850004875, "std": 0.0009873738325616944, "repeat": 4, "number": 1}]}}, "params": {"cpu": "2 Core CPU", "machine": "cloud-container", "os": "Ubuntu latest", "ram": "7GB", "python": "3.9", "appdirs": "", "cmake": "", "conan": "", "ess-dmsc::ess-streaming-data-types": "", "h5py": "", "ipykernel": "6.3.1", "ipympl": "", "ipywidgets": "", "mantid-framework": "", "matplotlib-base": "", "ninja": "", "numpy": "", "pip": "", "pooch": "", "python-configuration": "", "python-confluent-kafka": "", "pythreejs": "", "pyyaml": "", "scipp::scipp": "", "scipy": "", "tbb": ""}, "requirements": {"appdirs": "", "cmake": "", "conan": "", "ess-dmsc::ess-streaming-data-types": "", "h5py": "", "ipykernel": "6.3.1", "ipympl": "", "ipywidgets": "", "mantid-framework": "", "matplotlib-base": "", "ninja": "", "numpy": "", "pip": "", "pooch": "", "python-configuration": "", "python-confluent-kafka": "", "pythreejs": "", "pyyaml": "", "scipp::scipp": "", "scipy": "", "tbb": ""}, "commit_hash": "1ae74e77e447b6de05f33b84f44e9f7a1713525c", "date": 1634888285000, "env_name": "conda-py3.9-appdirs-cmake-conan-ess-dmsc__ess-streaming-data-types-h5py-ipykernel6.3.1-ipympl-ipywidgets-mantid-framework-matplotlib-base-ninja-numpy-pip-pooch-python-configuration-python-confluent-kafka-pythreejs-pyyaml-scipp__scipp-scipy-tbb", "python": "3.9", "profiles": {}, "started_at": {"load_nexus.LoadNexus.time_load_event_nexus": 1634995156366, "transform_coords.TransformCoords.time_energy_to_tof": 1634995167608, "transform_coords.TransformCoords.time_tof_to_dspacing": 1634995184516, "transform_coords.TransformCoords.time_tof_to_energy": 1634995201665, "transform_coords.TransformCoords.time_tof_to_wavelength": 1634995219521, "transform_coords.TransformCoords.time_wavelength_to_tof": 1634995236675}, "ended_at": {"load_nexus.LoadNexus.time_load_event_nexus": 1634995167607, "transform_coords.TransformCoords.time_energy_to_tof": 1634995184516, "transform_coords.TransformCoords.time_tof_to_dspacing": 1634995201665, "transform_coords.TransformCoords.time_tof_to_energy": 1634995219521, "transform_coords.TransformCoords.time_tof_to_wavelength": 1634995236674, "transform_coords.TransformCoords.time_wavelength_to_tof": 1634995253679}, "benchmark_version": {"load_nexus.LoadNexus.time_load_event_nexus": "9bb61e37c240f4221eff71f827efb0f1cfb5371f7c6b0e72f79b9ca92578e5e9", "transform_coords.TransformCoords.time_energy_to_tof": "f1ea8beffb41e75997f96056160ef6dd12d9afb53546d00f7e0cb2b307a616bb", "transform_coords.TransformCoords.time_tof_to_dspacing": "76d3e8bdf45621127e026f90298e8f292d01ddb57cb7caf05a5ce555a659d8ac", "transform_coords.TransformCoords.time_tof_to_energy": "32774381c7e0285d159959187b4537339285cc2573292bc6b39f5edd04d4bc0b", "transform_coords.TransformCoords.time_tof_to_wavelength": "46879c3a68b31604accd5a00f4187eb567d166242d70d944aa010a5d6f8de380", "transform_coords.TransformCoords.time_wavelength_to_tof": "d4710ab73daad9eb187b2c50c320802720ae09b880a656f3ac5284d75fea178b"}, "version": 1}