{"results": {"load_nexus.LoadNexus.time_load_event_nexus": {"result": [4.791131957499999], "stats": [{"ci_99": [4.630928748848509, 4.932528940151508], "q_25": 4.751457914250011, "q_75": 4.821402887749997, "min": 4.699968384000044, "max": 4.844683078999992, "mean": 4.781728844500009, "std": 0.054402030826036056, "repeat": 4, "number": 1}]}, "transform_coords.TransformCoords.time_energy_to_tof": {"result": [0.0013551006666621863], "stats": [{"ci_99": [0.0013419175000043044, 0.001369117833329862], "q_25": 0.0013508132916702682, "q_75": 0.0013575255416687544, "min": 0.0013419175000043044, "max": 0.001369117833329862, "mean": 0.0013548257777781852, "std": 8.26816518706305e-06, "repeat": 6, "number": 6}]}, "transform_coords.TransformCoords.time_tof_to_dspacing": {"result": [0.037422783000010895], "stats": [{"ci_99": [0.03730263193840123, 0.03763598299997284], "q_25": 0.03740218499990533, "q_75": 0.0374553780000042, "min": 0.03737910200004535, "max": 0.03763598299997284, "mean": 0.03745908619998772, "std": 9.193407391374264e-05, "repeat": 5, "number": 1}]}, "transform_coords.TransformCoords.time_tof_to_energy": {"result": [0.26109872299997505], "stats": [{"ci_99": [0.25707085990264966, 0.2761123900000939], "q_25": 0.26062091349993466, "q_75": 0.2614331909999805, "min": 0.2601867380000158, "max": 0.2761123900000939, "mean": 0.2634171496666606, "std": 0.00569414476126392, "repeat": 6, "number": 1}]}, "transform_coords.TransformCoords.time_tof_to_wavelength": {"result": [0.0013572756666633268], "stats": [{"ci_99": [0.001333600825466197, 0.0014517186666580528], "q_25": 0.0013565548749975658, "q_75": 0.0013580715833304187, "min": 0.0013531673333394185, "max": 0.0014517186666580528, "mean": 0.0013723481388865366, "std": 3.553228826648032e-05, "repeat": 6, "number": 6}]}, "transform_coords.TransformCoords.time_wavelength_to_tof": {"result": [0.03505385299996533], "stats": [{"ci_99": [0.03474401260052844, 0.03543435706607378], "q_25": 0.03493212750001362, "q_75": 0.035284929999932046, "min": 0.034814647999951376, "max": 0.03535924699997395, "mean": 0.03508918483330111, "std": 0.0002071764807146888, "repeat": 6, "number": 1}]}}, "params": {"cpu": "2 Core CPU", "machine": "cloud-container", "os": "Ubuntu latest", "ram": "7GB", "python": "3.9", "appdirs": "", "cmake": "", "conan": "", "ess-dmsc::ess-streaming-data-types": "", "h5py": "", "ipykernel": "6.3.1", "ipympl": "", "ipywidgets": "", "mantid-framework": "", "matplotlib-base": "", "ninja": "", "numpy": "", "pip": "", "pooch": "", "python-configuration": "", "python-confluent-kafka": "", "pythreejs": "", "pyyaml": "", "scipp::scipp": "", "scipy": "", "tbb": ""}, "requirements": {"appdirs": "", "cmake": "", "conan": "", "ess-dmsc::ess-streaming-data-types": "", "h5py": "", "ipykernel": "6.3.1", "ipympl": "", "ipywidgets": "", "mantid-framework": "", "matplotlib-base": "", "ninja": "", "numpy": "", "pip": "", "pooch": "", "python-configuration": "", "python-confluent-kafka": "", "pythreejs": "", "pyyaml": "", "scipp::scipp": "", "scipy": "", "tbb": ""}, "commit_hash": "1ae74e77e447b6de05f33b84f44e9f7a1713525c", "date": 1634888285000, "env_name": "conda-py3.9-appdirs-cmake-conan-ess-dmsc__ess-streaming-data-types-h5py-ipykernel6.3.1-ipympl-ipywidgets-mantid-framework-matplotlib-base-ninja-numpy-pip-pooch-python-configuration-python-confluent-kafka-pythreejs-pyyaml-scipp__scipp-scipy-tbb", "python": "3.9", "profiles": {}, "started_at": {"load_nexus.LoadNexus.time_load_event_nexus": 1635091994443, "transform_coords.TransformCoords.time_energy_to_tof": 1635092009440, "transform_coords.TransformCoords.time_tof_to_dspacing": 1635092028243, "transform_coords.TransformCoords.time_tof_to_energy": 1635092043992, "transform_coords.TransformCoords.time_tof_to_wavelength": 1635092063705, "transform_coords.TransformCoords.time_wavelength_to_tof": 1635092082624}, "ended_at": {"load_nexus.LoadNexus.time_load_event_nexus": 1635092009439, "transform_coords.TransformCoords.time_energy_to_tof": 1635092028243, "transform_coords.TransformCoords.time_tof_to_dspacing": 1635092043992, "transform_coords.TransformCoords.time_tof_to_energy": 1635092063704, "transform_coords.TransformCoords.time_tof_to_wavelength": 1635092082623, "transform_coords.TransformCoords.time_wavelength_to_tof": 1635092101577}, "benchmark_version": {"load_nexus.LoadNexus.time_load_event_nexus": "9bb61e37c240f4221eff71f827efb0f1cfb5371f7c6b0e72f79b9ca92578e5e9", "transform_coords.TransformCoords.time_energy_to_tof": "f1ea8beffb41e75997f96056160ef6dd12d9afb53546d00f7e0cb2b307a616bb", "transform_coords.TransformCoords.time_tof_to_dspacing": "76d3e8bdf45621127e026f90298e8f292d01ddb57cb7caf05a5ce555a659d8ac", "transform_coords.TransformCoords.time_tof_to_energy": "32774381c7e0285d159959187b4537339285cc2573292bc6b39f5edd04d4bc0b", "transform_coords.TransformCoords.time_tof_to_wavelength": "46879c3a68b31604accd5a00f4187eb567d166242d70d944aa010a5d6f8de380", "transform_coords.TransformCoords.time_wavelength_to_tof": "d4710ab73daad9eb187b2c50c320802720ae09b880a656f3ac5284d75fea178b"}, "version": 1}