{"results": {"load_nexus.LoadNexus.time_load_event_nexus": {"result": [5.620452572999994], "stats": [{"ci_99": [2.7971857729998817, 8.443719373000105], "q_25": 5.592219904999993, "q_75": 5.6486852409999955, "min": 5.563987236999992, "max": 5.676917908999997, "mean": 5.620452572999994, "std": 0.05646533600000225, "repeat": 2, "number": 1}]}, "transform_coords.TransformCoords.time_energy_to_tof": {"result": [0.0017666042000087146], "stats": [{"ci_99": [0.0016677435707094861, 0.0018382636292983575], "q_25": 0.0017454840500022329, "q_75": 0.0017741237500104035, "min": 0.001695651199997883, "max": 0.0017831548000003749, "mean": 0.0017530036000039217, "std": 3.394484886558745e-05, "repeat": 4, "number": 5}]}, "transform_coords.TransformCoords.time_tof_to_dspacing": {"result": [0.04353290550000111], "stats": [{"ci_99": [0.041654410068286844, 0.045218794931673925], "q_25": 0.04308491549994642, "q_75": 0.04388459250003507, "min": 0.04247252400000434, "max": 0.04420807499991497, "mean": 0.04343660249998038, "std": 0.0006446124066929749, "repeat": 4, "number": 1}]}, "transform_coords.TransformCoords.time_tof_to_energy": {"result": [0.33697124449997773], "stats": [{"ci_99": [0.3199619056741556, 0.36176904532586435], "q_25": 0.3347832227499907, "q_75": 0.343053497249997, "min": 0.3346265920000633, "max": 0.3548928210000213, "mean": 0.34086547550001, "std": 0.008293725652458294, "repeat": 4, "number": 1}]}, "transform_coords.TransformCoords.time_tof_to_wavelength": {"result": [0.001709043300002122], "stats": [{"ci_99": [0.0015285714313490275, 0.001921354768644997], "q_25": 0.0016622611499940375, "q_75": 0.0017717452500050966, "min": 0.0016570091999938085, "max": 0.0018247565999899961, "mean": 0.0017249630999970121, "std": 6.917193653533234e-05, "repeat": 4, "number": 5}]}, "transform_coords.TransformCoords.time_wavelength_to_tof": {"result": [0.04082433499996796], "stats": [{"ci_99": [0.03423973913649555, 0.04980931486355178], "q_25": 0.04005151849997901, "q_75": 0.04279734350001263, "min": 0.039256619000070714, "max": 0.04719281900008809, "mean": 0.04202452700002368, "std": 0.003072836711133891, "repeat": 4, "number": 1}]}}, "params": {"cpu": "2 Core CPU", "machine": "cloud-container", "os": "Ubuntu latest", "ram": "7GB", "python": "3.9", "appdirs": "", "cmake": "", "conan": "", "ess-dmsc::ess-streaming-data-types": "", "h5py": "", "ipykernel": "6.3.1", "ipympl": "", "ipywidgets": "", "mantid-framework": "", "matplotlib-base": "", "ninja": "", "numpy": "", "pip": "", "pooch": "", "python-configuration": "", "python-confluent-kafka": "", "pythreejs": "", "pyyaml": "", "scipp::scipp": "", "scipy": "", "tbb": ""}, "requirements": {"appdirs": "", "cmake": "", "conan": "", "ess-dmsc::ess-streaming-data-types": "", "h5py": "", "ipykernel": "6.3.1", "ipympl": "", "ipywidgets": "", "mantid-framework": "", "matplotlib-base": "", "ninja": "", "numpy": "", "pip": "", "pooch": "", "python-configuration": "", "python-confluent-kafka": "", "pythreejs": "", "pyyaml": "", "scipp::scipp": "", "scipy": "", "tbb": ""}, "commit_hash": "1ae74e77e447b6de05f33b84f44e9f7a1713525c", "date": 1634888285000, "env_name": "conda-py3.9-appdirs-cmake-conan-ess-dmsc__ess-streaming-data-types-h5py-ipykernel6.3.1-ipympl-ipywidgets-mantid-framework-matplotlib-base-ninja-numpy-pip-pooch-python-configuration-python-confluent-kafka-pythreejs-pyyaml-scipp__scipp-scipy-tbb", "python": "3.9", "profiles": {}, "started_at": {"load_nexus.LoadNexus.time_load_event_nexus": 1635042561495, "transform_coords.TransformCoords.time_energy_to_tof": 1635042573342, "transform_coords.TransformCoords.time_tof_to_dspacing": 1635042592919, "transform_coords.TransformCoords.time_tof_to_energy": 1635042612338, "transform_coords.TransformCoords.time_tof_to_wavelength": 1635042632760, "transform_coords.TransformCoords.time_wavelength_to_tof": 1635042652227}, "ended_at": {"load_nexus.LoadNexus.time_load_event_nexus": 1635042573341, "transform_coords.TransformCoords.time_energy_to_tof": 1635042592919, "transform_coords.TransformCoords.time_tof_to_dspacing": 1635042612338, "transform_coords.TransformCoords.time_tof_to_energy": 1635042632760, "transform_coords.TransformCoords.time_tof_to_wavelength": 1635042652227, "transform_coords.TransformCoords.time_wavelength_to_tof": 1635042671694}, "benchmark_version": {"load_nexus.LoadNexus.time_load_event_nexus": "9bb61e37c240f4221eff71f827efb0f1cfb5371f7c6b0e72f79b9ca92578e5e9", "transform_coords.TransformCoords.time_energy_to_tof": "f1ea8beffb41e75997f96056160ef6dd12d9afb53546d00f7e0cb2b307a616bb", "transform_coords.TransformCoords.time_tof_to_dspacing": "76d3e8bdf45621127e026f90298e8f292d01ddb57cb7caf05a5ce555a659d8ac", "transform_coords.TransformCoords.time_tof_to_energy": "32774381c7e0285d159959187b4537339285cc2573292bc6b39f5edd04d4bc0b", "transform_coords.TransformCoords.time_tof_to_wavelength": "46879c3a68b31604accd5a00f4187eb567d166242d70d944aa010a5d6f8de380", "transform_coords.TransformCoords.time_wavelength_to_tof": "d4710ab73daad9eb187b2c50c320802720ae09b880a656f3ac5284d75fea178b"}, "version": 1}