{"results": {"load_nexus.LoadNexus.time_load_event_nexus": {"result": [5.307937791499967], "stats": [{"ci_99": [0.9846824165011867, 9.631193166498743], "q_25": 5.264705237749979, "q_75": 5.351170345249955, "min": 5.221472683999991, "max": 5.394402898999942, "mean": 5.307937791499967, "std": 0.0864651074999756, "repeat": 2, "number": 1}]}, "transform_coords.TransformCoords.time_energy_to_tof": {"result": [0.0017700691000072765], "stats": [{"ci_99": [0.0015886145132916626, 0.0019366427867063113], "q_25": 0.001718196199999511, "q_75": 0.0018145015500067529, "min": 0.001679464999983793, "max": 0.0018309113999976034, "mean": 0.0017626286499989874, "std": 6.0674541689180994e-05, "repeat": 4, "number": 5}]}, "transform_coords.TransformCoords.time_tof_to_dspacing": {"result": [0.04152394999994158], "stats": [{"ci_99": [0.035937282965030036, 0.04672805503488287], "q_25": 0.04021810599994069, "q_75": 0.042638512999957356, "min": 0.03850946199997907, "max": 0.04377331399996365, "mean": 0.04133266899995647, "std": 0.0019419504513480993, "repeat": 4, "number": 1}]}, "transform_coords.TransformCoords.time_tof_to_energy": {"result": [0.33410128200006284], "stats": [{"ci_99": [0.3300408445448938, 0.3380102149552072], "q_25": 0.3328832857500572, "q_75": 0.33524352600005614, "min": 0.3323045400001092, "max": 0.33559501499996713, "mean": 0.3340255297500505, "std": 0.0013727844504044353, "repeat": 4, "number": 1}]}, "transform_coords.TransformCoords.time_tof_to_wavelength": {"result": [0.001672254499999326], "stats": [{"ci_99": [0.00021251581369402745, 0.0040786510863037116], "q_25": 0.0016680444000030546, "q_75": 0.002149793549995138, "min": 0.0016680438000094, "max": 0.003569780999987415, "mean": 0.0021455834499988667, "std": 0.0008222680242835627, "repeat": 4, "number": 5}]}, "transform_coords.TransformCoords.time_wavelength_to_tof": {"result": [0.036488247500017224], "stats": [{"ci_99": [0.03453382838939898, 0.038590215110602795], "q_25": 0.03613708475000976, "q_75": 0.036913184500008356, "min": 0.03559839199999715, "max": 0.037673199999971985, "mean": 0.036562021750000895, "std": 0.0007471741377733071, "repeat": 4, "number": 1}]}}, "params": {"cpu": "2 Core CPU", "machine": "cloud-container", "os": "Ubuntu latest", "ram": "7GB", "python": "3.9", "appdirs": "", "cmake": "", "conan": "", "ess-dmsc::ess-streaming-data-types": "", "h5py": "", "ipykernel": "6.3.1", "ipympl": "", "ipywidgets": "", "mantid-framework": "", "matplotlib-base": "", "ninja": "", "numpy": "", "pip": "", "pooch": "", "python-configuration": "", "python-confluent-kafka": "", "pythreejs": "", "pyyaml": "", "scipp::scipp": "", "scipy": "", "tbb": ""}, "requirements": {"appdirs": "", "cmake": "", "conan": "", "ess-dmsc::ess-streaming-data-types": "", "h5py": "", "ipykernel": "6.3.1", "ipympl": "", "ipywidgets": "", "mantid-framework": "", "matplotlib-base": "", "ninja": "", "numpy": "", "pip": "", "pooch": "", "python-configuration": "", "python-confluent-kafka": "", "pythreejs": "", "pyyaml": "", "scipp::scipp": "", "scipy": "", "tbb": ""}, "commit_hash": "1ae74e77e447b6de05f33b84f44e9f7a1713525c", "date": 1634888285000, "env_name": "conda-py3.9-appdirs-cmake-conan-ess-dmsc__ess-streaming-data-types-h5py-ipykernel6.3.1-ipympl-ipywidgets-mantid-framework-matplotlib-base-ninja-numpy-pip-pooch-python-configuration-python-confluent-kafka-pythreejs-pyyaml-scipp__scipp-scipy-tbb", "python": "3.9", "profiles": {}, "started_at": {"load_nexus.LoadNexus.time_load_event_nexus": 1634919256128, "transform_coords.TransformCoords.time_energy_to_tof": 1634919267468, "transform_coords.TransformCoords.time_tof_to_dspacing": 1634919285915, "transform_coords.TransformCoords.time_tof_to_energy": 1634919304575, "transform_coords.TransformCoords.time_tof_to_wavelength": 1634919324133, "transform_coords.TransformCoords.time_wavelength_to_tof": 1634919342684}, "ended_at": {"load_nexus.LoadNexus.time_load_event_nexus": 1634919267467, "transform_coords.TransformCoords.time_energy_to_tof": 1634919285914, "transform_coords.TransformCoords.time_tof_to_dspacing": 1634919304575, "transform_coords.TransformCoords.time_tof_to_energy": 1634919324133, "transform_coords.TransformCoords.time_tof_to_wavelength": 1634919342684, "transform_coords.TransformCoords.time_wavelength_to_tof": 1634919361341}, "benchmark_version": {"load_nexus.LoadNexus.time_load_event_nexus": "9bb61e37c240f4221eff71f827efb0f1cfb5371f7c6b0e72f79b9ca92578e5e9", "transform_coords.TransformCoords.time_energy_to_tof": "f1ea8beffb41e75997f96056160ef6dd12d9afb53546d00f7e0cb2b307a616bb", "transform_coords.TransformCoords.time_tof_to_dspacing": "76d3e8bdf45621127e026f90298e8f292d01ddb57cb7caf05a5ce555a659d8ac", "transform_coords.TransformCoords.time_tof_to_energy": "32774381c7e0285d159959187b4537339285cc2573292bc6b39f5edd04d4bc0b", "transform_coords.TransformCoords.time_tof_to_wavelength": "46879c3a68b31604accd5a00f4187eb567d166242d70d944aa010a5d6f8de380", "transform_coords.TransformCoords.time_wavelength_to_tof": "d4710ab73daad9eb187b2c50c320802720ae09b880a656f3ac5284d75fea178b"}, "version": 1}