{"results": {"load_nexus.LoadNexus.time_load_event_nexus": {"result": [5.395110048499959], "stats": [{"ci_99": [3.5042829234973, 7.2859371735026155], "q_25": 5.376201777249932, "q_75": 5.414018319749985, "min": 5.357293505999905, "max": 5.432926591000012, "mean": 5.395110048499959, "std": 0.037816542500053174, "repeat": 2, "number": 1}]}, "transform_coords.TransformCoords.time_energy_to_tof": {"result": [0.0016153270999950562], "stats": [{"ci_99": [0.0014809015358312862, 0.0018006472641670043], "q_25": 0.0015983400499976596, "q_75": 0.001657761449996542, "min": 0.001585829000009653, "max": 0.0017466143999968152, "mean": 0.0016407743999991454, "std": 6.293800189940846e-05, "repeat": 4, "number": 5}]}, "transform_coords.TransformCoords.time_tof_to_dspacing": {"result": [0.037229141500006335], "stats": [{"ci_99": [0.036344955790869125, 0.03806895320908869], "q_25": 0.0369734394999881, "q_75": 0.03746265649999714, "min": 0.03681582699999808, "max": 0.03755370799990487, "mean": 0.037206954499978906, "std": 0.0002986447994820149, "repeat": 4, "number": 1}]}, "transform_coords.TransformCoords.time_tof_to_energy": {"result": [0.2977036675000022], "stats": [{"ci_99": [0.2868865930830156, 0.3070780809169617], "q_25": 0.29489828849999355, "q_75": 0.2997877159999973, "min": 0.2915212199999928, "max": 0.3010007929999574, "mean": 0.29698233699998866, "std": 0.003628192956717749, "repeat": 4, "number": 1}]}, "transform_coords.TransformCoords.time_tof_to_wavelength": {"result": [0.0016178976999981387], "stats": [{"ci_99": [0.0014830455765610993, 0.001731297623438704], "q_25": 0.0015814616499994828, "q_75": 0.0016436076499985574, "min": 0.001539428199998838, "max": 0.0016534628000044905, "mean": 0.0016071715999999014, "std": 4.4631530793244915e-05, "repeat": 4, "number": 5}]}, "transform_coords.TransformCoords.time_wavelength_to_tof": {"result": [0.03459065350006085], "stats": [{"ci_99": [0.0332563853451659, 0.03649280065491506], "q_25": 0.03443161300003794, "q_75": 0.03503363350006339, "min": 0.03435177099993325, "max": 0.03596529400010695, "mean": 0.03487459300004048, "std": 0.0006440668347379866, "repeat": 4, "number": 1}]}}, "params": {"cpu": "2 Core CPU", "machine": "cloud-container", "os": "Ubuntu latest", "ram": "7GB", "python": "3.9", "appdirs": "", "cmake": "", "conan": "", "ess-dmsc::ess-streaming-data-types": "", "h5py": "", "ipykernel": "6.3.1", "ipympl": "", "ipywidgets": "", "mantid-framework": "", "matplotlib-base": "", "ninja": "", "numpy": "", "pip": "", "pooch": "", "python-configuration": "", "python-confluent-kafka": "", "pythreejs": "", "pyyaml": "", "scipp::scipp": "", "scipy": "", "tbb": ""}, "requirements": {"appdirs": "", "cmake": "", "conan": "", "ess-dmsc::ess-streaming-data-types": "", "h5py": "", "ipykernel": "6.3.1", "ipympl": "", "ipywidgets": "", "mantid-framework": "", "matplotlib-base": "", "ninja": "", "numpy": "", "pip": "", "pooch": "", "python-configuration": "", "python-confluent-kafka": "", "pythreejs": "", "pyyaml": "", "scipp::scipp": "", "scipy": "", "tbb": ""}, "commit_hash": "1ae74e77e447b6de05f33b84f44e9f7a1713525c", "date": 1634888285000, "env_name": "conda-py3.9-appdirs-cmake-conan-ess-dmsc__ess-streaming-data-types-h5py-ipykernel6.3.1-ipympl-ipywidgets-mantid-framework-matplotlib-base-ninja-numpy-pip-pooch-python-configuration-python-confluent-kafka-pythreejs-pyyaml-scipp__scipp-scipy-tbb", "python": "3.9", "profiles": {}, "started_at": {"load_nexus.LoadNexus.time_load_event_nexus": 1635131512907, "transform_coords.TransformCoords.time_energy_to_tof": 1635131524247, "transform_coords.TransformCoords.time_tof_to_dspacing": 1635131540650, "transform_coords.TransformCoords.time_tof_to_energy": 1635131557302, "transform_coords.TransformCoords.time_tof_to_wavelength": 1635131574661, "transform_coords.TransformCoords.time_wavelength_to_tof": 1635131591270}, "ended_at": {"load_nexus.LoadNexus.time_load_event_nexus": 1635131524246, "transform_coords.TransformCoords.time_energy_to_tof": 1635131540649, "transform_coords.TransformCoords.time_tof_to_dspacing": 1635131557302, "transform_coords.TransformCoords.time_tof_to_energy": 1635131574661, "transform_coords.TransformCoords.time_tof_to_wavelength": 1635131591270, "transform_coords.TransformCoords.time_wavelength_to_tof": 1635131607821}, "benchmark_version": {"load_nexus.LoadNexus.time_load_event_nexus": "9bb61e37c240f4221eff71f827efb0f1cfb5371f7c6b0e72f79b9ca92578e5e9", "transform_coords.TransformCoords.time_energy_to_tof": "f1ea8beffb41e75997f96056160ef6dd12d9afb53546d00f7e0cb2b307a616bb", "transform_coords.TransformCoords.time_tof_to_dspacing": "76d3e8bdf45621127e026f90298e8f292d01ddb57cb7caf05a5ce555a659d8ac", "transform_coords.TransformCoords.time_tof_to_energy": "32774381c7e0285d159959187b4537339285cc2573292bc6b39f5edd04d4bc0b", "transform_coords.TransformCoords.time_tof_to_wavelength": "46879c3a68b31604accd5a00f4187eb567d166242d70d944aa010a5d6f8de380", "transform_coords.TransformCoords.time_wavelength_to_tof": "d4710ab73daad9eb187b2c50c320802720ae09b880a656f3ac5284d75fea178b"}, "version": 1}