{"results": {"load_nexus.LoadNexus.time_load_event_nexus": {"result": [4.948018264000012], "stats": [{"ci_99": [3.5471785139993415, 6.348858014000682], "q_25": 4.934009866500006, "q_75": 4.962026661500019, "min": 4.920001468999999, "max": 4.976035059000026, "mean": 4.948018264000012, "std": 0.028016795000013417, "repeat": 2, "number": 1}]}, "transform_coords.TransformCoords.time_energy_to_tof": {"result": [0.00157684316667428], "stats": [{"ci_99": [0.0013805620256147448, 0.0018029503077218335], "q_25": 0.0015423629166733122, "q_75": 0.0016262364166692578, "min": 0.0014999246666604904, "max": 0.0017134136666641098, "mean": 0.00159175616666829, "std": 7.827088140608983e-05, "repeat": 4, "number": 6}]}, "transform_coords.TransformCoords.time_tof_to_dspacing": {"result": [0.03881911349995448], "stats": [{"ci_99": [0.03542427277744033, 0.04181559372251106], "q_25": 0.037842908499982286, "q_75": 0.0395961382499479, "min": 0.03702801100001807, "max": 0.039813494999975774, "mean": 0.0386199332499757, "std": 0.00112149414403335, "repeat": 4, "number": 1}]}, "transform_coords.TransformCoords.time_tof_to_energy": {"result": [0.3129758804999767], "stats": [{"ci_99": [0.27309517849802567, 0.3584837630018986], "q_25": 0.30206174449999423, "q_75": 0.3267036067499447, "min": 0.30078786799998625, "max": 0.3364182539999092, "mean": 0.3157894707499622, "std": 0.014886965982776517, "repeat": 4, "number": 1}]}, "transform_coords.TransformCoords.time_tof_to_wavelength": {"result": [0.001606027916669935], "stats": [{"ci_99": [0.0012683668492588162, 0.0019433043174086112], "q_25": 0.0015219965833423998, "q_75": 0.0016898669166612497, "min": 0.001448205333332453, "max": 0.0017630811666625352, "mean": 0.0016058355833337143, "std": 0.00011899412098929938, "repeat": 4, "number": 6}]}, "transform_coords.TransformCoords.time_wavelength_to_tof": {"result": [0.03768913600001156], "stats": [{"ci_99": [0.03568081226415623, 0.03981996123585437], "q_25": 0.03719652400003781, "q_75": 0.03824299874997905, "min": 0.03685571800008347, "max": 0.03876755699991463, "mean": 0.037750386750005305, "std": 0.000729703357248712, "repeat": 4, "number": 1}]}}, "params": {"cpu": "2 Core CPU", "machine": "cloud-container", "os": "Ubuntu latest", "ram": "7GB", "python": "3.9", "appdirs": "", "cmake": "", "conan": "", "ess-dmsc::ess-streaming-data-types": "", "h5py": "", "ipykernel": "6.3.1", "ipympl": "", "ipywidgets": "", "mantid-framework": "", "matplotlib-base": "", "ninja": "", "numpy": "", "pip": "", "pooch": "", "python-configuration": "", "python-confluent-kafka": "", "pythreejs": "", "pyyaml": "", "scipp::scipp": "", "scipy": "", "tbb": ""}, "requirements": {"appdirs": "", "cmake": "", "conan": "", "ess-dmsc::ess-streaming-data-types": "", "h5py": "", "ipykernel": "6.3.1", "ipympl": "", "ipywidgets": "", "mantid-framework": "", "matplotlib-base": "", "ninja": "", "numpy": "", "pip": "", "pooch": "", "python-configuration": "", "python-confluent-kafka": "", "pythreejs": "", "pyyaml": "", "scipp::scipp": "", "scipy": "", "tbb": ""}, "commit_hash": "1ae74e77e447b6de05f33b84f44e9f7a1713525c", "date": 1634888285000, "env_name": "conda-py3.9-appdirs-cmake-conan-ess-dmsc__ess-streaming-data-types-h5py-ipykernel6.3.1-ipympl-ipywidgets-mantid-framework-matplotlib-base-ninja-numpy-pip-pooch-python-configuration-python-confluent-kafka-pythreejs-pyyaml-scipp__scipp-scipy-tbb", "python": "3.9", "profiles": {}, "started_at": {"load_nexus.LoadNexus.time_load_event_nexus": 1635063102006, "transform_coords.TransformCoords.time_energy_to_tof": 1635063112440, "transform_coords.TransformCoords.time_tof_to_dspacing": 1635063129441, "transform_coords.TransformCoords.time_tof_to_energy": 1635063146250, "transform_coords.TransformCoords.time_tof_to_wavelength": 1635063163853, "transform_coords.TransformCoords.time_wavelength_to_tof": 1635063180552}, "ended_at": {"load_nexus.LoadNexus.time_load_event_nexus": 1635063112439, "transform_coords.TransformCoords.time_energy_to_tof": 1635063129440, "transform_coords.TransformCoords.time_tof_to_dspacing": 1635063146250, "transform_coords.TransformCoords.time_tof_to_energy": 1635063163853, "transform_coords.TransformCoords.time_tof_to_wavelength": 1635063180552, "transform_coords.TransformCoords.time_wavelength_to_tof": 1635063197455}, "benchmark_version": {"load_nexus.LoadNexus.time_load_event_nexus": "9bb61e37c240f4221eff71f827efb0f1cfb5371f7c6b0e72f79b9ca92578e5e9", "transform_coords.TransformCoords.time_energy_to_tof": "f1ea8beffb41e75997f96056160ef6dd12d9afb53546d00f7e0cb2b307a616bb", "transform_coords.TransformCoords.time_tof_to_dspacing": "76d3e8bdf45621127e026f90298e8f292d01ddb57cb7caf05a5ce555a659d8ac", "transform_coords.TransformCoords.time_tof_to_energy": "32774381c7e0285d159959187b4537339285cc2573292bc6b39f5edd04d4bc0b", "transform_coords.TransformCoords.time_tof_to_wavelength": "46879c3a68b31604accd5a00f4187eb567d166242d70d944aa010a5d6f8de380", "transform_coords.TransformCoords.time_wavelength_to_tof": "d4710ab73daad9eb187b2c50c320802720ae09b880a656f3ac5284d75fea178b"}, "version": 1}