{"results": {"load_nexus.LoadNexus.time_load_event_nexus": {"result": [4.620572413500042], "stats": [{"ci_99": [4.541970423715222, 4.726648538284783], "q_25": 4.613989421750006, "q_75": 4.640892472750039, "min": 4.59978903199999, "max": 4.696304064999936, "mean": 4.6343094810000025, "std": 0.0368077620986017, "repeat": 4, "number": 1}]}, "transform_coords.TransformCoords.time_energy_to_tof": {"result": [0.0013800321666603093], "stats": [{"ci_99": [0.0013310822937371795, 0.00151270866666664], "q_25": 0.0013654647499900345, "q_75": 0.0013993365833423848, "min": 0.0013614523333368804, "max": 0.00151270866666664, "mean": 0.0014001009444434154, "std": 5.2401233096593577e-05, "repeat": 6, "number": 6}]}, "transform_coords.TransformCoords.time_tof_to_dspacing": {"result": [0.03365629550000904], "stats": [{"ci_99": [0.03319427270668787, 0.03484898199997133], "q_25": 0.033562655749932446, "q_75": 0.03373637075003444, "min": 0.03337426299992785, "max": 0.03484898199997133, "mean": 0.03380505683331118, "std": 0.00048207839195324925, "repeat": 6, "number": 1}]}, "transform_coords.TransformCoords.time_tof_to_energy": {"result": [0.2546928415000025], "stats": [{"ci_99": [0.2542006679999531, 0.25498114813941375], "q_25": 0.25452140699997017, "q_75": 0.2547847684999738, "min": 0.2542006679999531, "max": 0.2548855849998972, "mean": 0.25462526816662984, "std": 0.0002285483294361897, "repeat": 6, "number": 1}]}, "transform_coords.TransformCoords.time_tof_to_wavelength": {"result": [0.0013797896666668899], "stats": [{"ci_99": [0.001335605500003112, 0.0014027566976638232], "q_25": 0.001364818583330892, "q_75": 0.0013855355000060854, "min": 0.001335605500003112, "max": 0.001394489999995585, "mean": 0.001372825638889531, "std": 1.964896146600242e-05, "repeat": 6, "number": 6}]}, "transform_coords.TransformCoords.time_wavelength_to_tof": {"result": [0.03169034649999958], "stats": [{"ci_99": [0.02503147187906898, 0.05960889400000724], "q_25": 0.03151069175004295, "q_75": 0.031807122750024064, "min": 0.03134493300001395, "max": 0.05960889400000724, "mean": 0.036271895833351664, "std": 0.01043787603196294, "repeat": 6, "number": 1}]}}, "params": {"cpu": "2 Core CPU", "machine": "cloud-container", "os": "Ubuntu latest", "ram": "7GB", "python": "3.9", "appdirs": "", "cmake": "", "conan": "", "ess-dmsc::ess-streaming-data-types": "", "h5py": "", "ipykernel": "6.3.1", "ipympl": "", "ipywidgets": "", "mantid-framework": "", "matplotlib-base": "", "ninja": "", "numpy": "", "pip": "", "pooch": "", "python-configuration": "", "python-confluent-kafka": "", "pythreejs": "", "pyyaml": "", "scipp::scipp": "", "scipy": "", "tbb": ""}, "requirements": {"appdirs": "", "cmake": "", "conan": "", "ess-dmsc::ess-streaming-data-types": "", "h5py": "", "ipykernel": "6.3.1", "ipympl": "", "ipywidgets": "", "mantid-framework": "", "matplotlib-base": "", "ninja": "", "numpy": "", "pip": "", "pooch": "", "python-configuration": "", "python-confluent-kafka": "", "pythreejs": "", "pyyaml": "", "scipp::scipp": "", "scipy": "", "tbb": ""}, "commit_hash": "1ae74e77e447b6de05f33b84f44e9f7a1713525c", "date": 1634888285000, "env_name": "conda-py3.9-appdirs-cmake-conan-ess-dmsc__ess-streaming-data-types-h5py-ipykernel6.3.1-ipympl-ipywidgets-mantid-framework-matplotlib-base-ninja-numpy-pip-pooch-python-configuration-python-confluent-kafka-pythreejs-pyyaml-scipp__scipp-scipy-tbb", "python": "3.9", "profiles": {}, "started_at": {"load_nexus.LoadNexus.time_load_event_nexus": 1634969530610, "transform_coords.TransformCoords.time_energy_to_tof": 1634969545207, "transform_coords.TransformCoords.time_tof_to_dspacing": 1634969563858, "transform_coords.TransformCoords.time_tof_to_energy": 1634969582610, "transform_coords.TransformCoords.time_tof_to_wavelength": 1634969602214, "transform_coords.TransformCoords.time_wavelength_to_tof": 1634969620915}, "ended_at": {"load_nexus.LoadNexus.time_load_event_nexus": 1634969545206, "transform_coords.TransformCoords.time_energy_to_tof": 1634969563857, "transform_coords.TransformCoords.time_tof_to_dspacing": 1634969582609, "transform_coords.TransformCoords.time_tof_to_energy": 1634969602214, "transform_coords.TransformCoords.time_tof_to_wavelength": 1634969620915, "transform_coords.TransformCoords.time_wavelength_to_tof": 1634969639667}, "benchmark_version": {"load_nexus.LoadNexus.time_load_event_nexus": "9bb61e37c240f4221eff71f827efb0f1cfb5371f7c6b0e72f79b9ca92578e5e9", "transform_coords.TransformCoords.time_energy_to_tof": "f1ea8beffb41e75997f96056160ef6dd12d9afb53546d00f7e0cb2b307a616bb", "transform_coords.TransformCoords.time_tof_to_dspacing": "76d3e8bdf45621127e026f90298e8f292d01ddb57cb7caf05a5ce555a659d8ac", "transform_coords.TransformCoords.time_tof_to_energy": "32774381c7e0285d159959187b4537339285cc2573292bc6b39f5edd04d4bc0b", "transform_coords.TransformCoords.time_tof_to_wavelength": "46879c3a68b31604accd5a00f4187eb567d166242d70d944aa010a5d6f8de380", "transform_coords.TransformCoords.time_wavelength_to_tof": "d4710ab73daad9eb187b2c50c320802720ae09b880a656f3ac5284d75fea178b"}, "version": 1}