{"results": {"load_nexus.LoadNexus.time_load_event_nexus": {"result": [4.901592508999897], "stats": [{"ci_99": [4.71130145766997, 5.1210263103299445], "q_25": 4.890608836999945, "q_75": 4.934433243499939, "min": 4.879625164999993, "max": 4.96727397799998, "mean": 4.916163883999957, "std": 0.037236383033452156, "repeat": 3, "number": 1}]}, "transform_coords.TransformCoords.time_energy_to_tof": {"result": [0.001363542083330079], "stats": [{"ci_99": [0.0013267096093658626, 0.001411947612856664], "q_25": 0.0013503547499974882, "q_75": 0.0013904179166672748, "min": 0.001336433833330375, "max": 0.0014071181666774162, "mean": 0.0013693286111112633, "std": 2.586742813165665e-05, "repeat": 6, "number": 6}]}, "transform_coords.TransformCoords.time_tof_to_dspacing": {"result": [0.0370598279999399], "stats": [{"ci_99": [0.03666136516087751, 0.03749677500002235], "q_25": 0.03688414449996458, "q_75": 0.03716740474993685, "min": 0.03671327199992902, "max": 0.03749677500002235, "mean": 0.03705975833328997, "std": 0.00025163439785998826, "repeat": 6, "number": 1}]}, "transform_coords.TransformCoords.time_tof_to_energy": {"result": [0.25965800300002684], "stats": [{"ci_99": [0.25577356799999507, 0.2608704484670361], "q_25": 0.25958558399995013, "q_75": 0.2597994550000067, "min": 0.25577356799999507, "max": 0.26021423899999263, "mean": 0.25911864383332767, "std": 0.0015107554525078317, "repeat": 6, "number": 1}]}, "transform_coords.TransformCoords.time_tof_to_wavelength": {"result": [0.001371467583330362], "stats": [{"ci_99": [0.0013384967707286285, 0.001474702833320407], "q_25": 0.0013663135833373492, "q_75": 0.001380559458330784, "min": 0.001357617833321001, "max": 0.001474702833320407, "mean": 0.0013872402499954556, "std": 3.985977684019702e-05, "repeat": 6, "number": 6}]}, "transform_coords.TransformCoords.time_wavelength_to_tof": {"result": [0.034710598000003756], "stats": [{"ci_99": [0.034458231983030434, 0.03503458435035419], "q_25": 0.03464337150001029, "q_75": 0.034863620750059, "min": 0.034491647999971065, "max": 0.03503001400008543, "mean": 0.03474640816669231, "std": 0.0001770004753055819, "repeat": 6, "number": 1}]}}, "params": {"cpu": "2 Core CPU", "machine": "cloud-container", "os": "Ubuntu latest", "ram": "7GB", "python": "3.9", "appdirs": "", "cmake": "", "conan": "", "ess-dmsc::ess-streaming-data-types": "", "h5py": "", "ipykernel": "6.3.1", "ipympl": "", "ipywidgets": "", "mantid-framework": "", "matplotlib-base": "", "ninja": "", "numpy": "", "pip": "", "pooch": "", "python-configuration": "", "python-confluent-kafka": "", "pythreejs": "", "pyyaml": "", "scipp::scipp": "", "scipy": "", "tbb": ""}, "requirements": {"appdirs": "", "cmake": "", "conan": "", "ess-dmsc::ess-streaming-data-types": "", "h5py": "", "ipykernel": "6.3.1", "ipympl": "", "ipywidgets": "", "mantid-framework": "", "matplotlib-base": "", "ninja": "", "numpy": "", "pip": "", "pooch": "", "python-configuration": "", "python-confluent-kafka": "", "pythreejs": "", "pyyaml": "", "scipp::scipp": "", "scipy": "", "tbb": ""}, "commit_hash": "1ae74e77e447b6de05f33b84f44e9f7a1713525c", "date": 1634888285000, "env_name": "conda-py3.9-appdirs-cmake-conan-ess-dmsc__ess-streaming-data-types-h5py-ipykernel6.3.1-ipympl-ipywidgets-mantid-framework-matplotlib-base-ninja-numpy-pip-pooch-python-configuration-python-confluent-kafka-pythreejs-pyyaml-scipp__scipp-scipy-tbb", "python": "3.9", "profiles": {}, "started_at": {"load_nexus.LoadNexus.time_load_event_nexus": 1635073799276, "transform_coords.TransformCoords.time_energy_to_tof": 1635073814677, "transform_coords.TransformCoords.time_tof_to_dspacing": 1635073833736, "transform_coords.TransformCoords.time_tof_to_energy": 1635073852846, "transform_coords.TransformCoords.time_tof_to_wavelength": 1635073872806, "transform_coords.TransformCoords.time_wavelength_to_tof": 1635073891872}, "ended_at": {"load_nexus.LoadNexus.time_load_event_nexus": 1635073814676, "transform_coords.TransformCoords.time_energy_to_tof": 1635073833735, "transform_coords.TransformCoords.time_tof_to_dspacing": 1635073852845, "transform_coords.TransformCoords.time_tof_to_energy": 1635073872806, "transform_coords.TransformCoords.time_tof_to_wavelength": 1635073891872, "transform_coords.TransformCoords.time_wavelength_to_tof": 1635073910934}, "benchmark_version": {"load_nexus.LoadNexus.time_load_event_nexus": "9bb61e37c240f4221eff71f827efb0f1cfb5371f7c6b0e72f79b9ca92578e5e9", "transform_coords.TransformCoords.time_energy_to_tof": "f1ea8beffb41e75997f96056160ef6dd12d9afb53546d00f7e0cb2b307a616bb", "transform_coords.TransformCoords.time_tof_to_dspacing": "76d3e8bdf45621127e026f90298e8f292d01ddb57cb7caf05a5ce555a659d8ac", "transform_coords.TransformCoords.time_tof_to_energy": "32774381c7e0285d159959187b4537339285cc2573292bc6b39f5edd04d4bc0b", "transform_coords.TransformCoords.time_tof_to_wavelength": "46879c3a68b31604accd5a00f4187eb567d166242d70d944aa010a5d6f8de380", "transform_coords.TransformCoords.time_wavelength_to_tof": "d4710ab73daad9eb187b2c50c320802720ae09b880a656f3ac5284d75fea178b"}, "version": 1}