{"results": {"load_nexus.LoadNexus.time_load_event_nexus": {"result": [5.589755960500042], "stats": [{"ci_99": [-0.48324851450161077, 11.66276043550169], "q_25": 5.529025915750026, "q_75": 5.650486005250059, "min": 5.468295871000009, "max": 5.7112160500000755, "mean": 5.589755960500042, "std": 0.12146008950003306, "repeat": 2, "number": 1}]}, "transform_coords.TransformCoords.time_energy_to_tof": {"result": [0.0018424824999897283], "stats": [{"ci_99": [0.0011195910019865, 0.0025810652980112207], "q_25": 0.0016095718999963539, "q_75": 0.0020832387499922335, "min": 0.001585359800014885, "max": 0.002130987800001094, "mean": 0.0018503281499988589, "std": 0.0002501035462285346, "repeat": 4, "number": 5}]}, "transform_coords.TransformCoords.time_tof_to_dspacing": {"result": [0.0381130089999715], "stats": [{"ci_99": [0.03528632189536876, 0.04189188810463082], "q_25": 0.037567264249986465, "q_75": 0.039134849749984824, "min": 0.03754642100000183, "max": 0.04058398100005434, "mean": 0.03858910499999979, "std": 0.0012349756471615174, "repeat": 4, "number": 1}]}, "transform_coords.TransformCoords.time_tof_to_energy": {"result": [0.3120696530000373], "stats": [{"ci_99": [0.28718309176269385, 0.3396243002373522], "q_25": 0.30766611075003425, "q_75": 0.3178072382500261, "min": 0.301371558000028, "max": 0.32810391999998956, "mean": 0.31340369600002305, "std": 0.009683202246262271, "repeat": 4, "number": 1}]}, "transform_coords.TransformCoords.time_tof_to_wavelength": {"result": [0.001616672399984509], "stats": [{"ci_99": [0.0015305492379041428, 0.0017257276620882295], "q_25": 0.0016035162499917987, "q_75": 0.001641294599988896, "min": 0.0015903602000207685, "max": 0.0016888487999949576, "mean": 0.001628138449996186, "std": 3.718110151435159e-05, "repeat": 4, "number": 5}]}, "transform_coords.TransformCoords.time_wavelength_to_tof": {"result": [0.03531986399997322], "stats": [{"ci_99": [0.03384925115566796, 0.03762520034429861], "q_25": 0.03528228549996015, "q_75": 0.03577480424999635, "min": 0.03519730299990442, "max": 0.03711187200008226, "mean": 0.03573722574998328, "std": 0.0007952549452390424, "repeat": 4, "number": 1}]}}, "params": {"cpu": "2 Core CPU", "machine": "cloud-container", "os": "Ubuntu latest", "ram": "7GB", "python": "3.9", "appdirs": "", "cmake": "", "conan": "", "ess-dmsc::ess-streaming-data-types": "", "h5py": "", "ipykernel": "6.3.1", "ipympl": "", "ipywidgets": "", "mantid-framework": "", "matplotlib-base": "", "ninja": "", "numpy": "", "pip": "", "pooch": "", "python-configuration": "", "python-confluent-kafka": "", "pythreejs": "", "pyyaml": "", "scipp::scipp": "", "scipy": "", "tbb": ""}, "requirements": {"appdirs": "", "cmake": "", "conan": "", "ess-dmsc::ess-streaming-data-types": "", "h5py": "", "ipykernel": "6.3.1", "ipympl": "", "ipywidgets": "", "mantid-framework": "", "matplotlib-base": "", "ninja": "", "numpy": "", "pip": "", "pooch": "", "python-configuration": "", "python-confluent-kafka": "", "pythreejs": "", "pyyaml": "", "scipp::scipp": "", "scipy": "", "tbb": ""}, "commit_hash": "1ae74e77e447b6de05f33b84f44e9f7a1713525c", "date": 1634888285000, "env_name": "conda-py3.9-appdirs-cmake-conan-ess-dmsc__ess-streaming-data-types-h5py-ipykernel6.3.1-ipympl-ipywidgets-mantid-framework-matplotlib-base-ninja-numpy-pip-pooch-python-configuration-python-confluent-kafka-pythreejs-pyyaml-scipp__scipp-scipy-tbb", "python": "3.9", "profiles": {}, "started_at": {"load_nexus.LoadNexus.time_load_event_nexus": 1635035170439, "transform_coords.TransformCoords.time_energy_to_tof": 1635035182034, "transform_coords.TransformCoords.time_tof_to_dspacing": 1635035199553, "transform_coords.TransformCoords.time_tof_to_energy": 1635035217113, "transform_coords.TransformCoords.time_tof_to_wavelength": 1635035235675, "transform_coords.TransformCoords.time_wavelength_to_tof": 1635035252982}, "ended_at": {"load_nexus.LoadNexus.time_load_event_nexus": 1635035182033, "transform_coords.TransformCoords.time_energy_to_tof": 1635035199552, "transform_coords.TransformCoords.time_tof_to_dspacing": 1635035217112, "transform_coords.TransformCoords.time_tof_to_energy": 1635035235674, "transform_coords.TransformCoords.time_tof_to_wavelength": 1635035252982, "transform_coords.TransformCoords.time_wavelength_to_tof": 1635035270140}, "benchmark_version": {"load_nexus.LoadNexus.time_load_event_nexus": "9bb61e37c240f4221eff71f827efb0f1cfb5371f7c6b0e72f79b9ca92578e5e9", "transform_coords.TransformCoords.time_energy_to_tof": "f1ea8beffb41e75997f96056160ef6dd12d9afb53546d00f7e0cb2b307a616bb", "transform_coords.TransformCoords.time_tof_to_dspacing": "76d3e8bdf45621127e026f90298e8f292d01ddb57cb7caf05a5ce555a659d8ac", "transform_coords.TransformCoords.time_tof_to_energy": "32774381c7e0285d159959187b4537339285cc2573292bc6b39f5edd04d4bc0b", "transform_coords.TransformCoords.time_tof_to_wavelength": "46879c3a68b31604accd5a00f4187eb567d166242d70d944aa010a5d6f8de380", "transform_coords.TransformCoords.time_wavelength_to_tof": "d4710ab73daad9eb187b2c50c320802720ae09b880a656f3ac5284d75fea178b"}, "version": 1}