{"results": {"load_nexus.LoadNexus.time_load_event_nexus": {"result": [5.741434412499984], "stats": [{"ci_99": [5.674523937501135, 5.8083448874988335], "q_25": 5.740765307749996, "q_75": 5.742103517249973, "min": 5.740096203000007, "max": 5.742772621999961, "mean": 5.741434412499984, "std": 0.0013382094999769834, "repeat": 2, "number": 1}]}, "transform_coords.TransformCoords.time_energy_to_tof": {"result": [0.001868502599995736], "stats": [{"ci_99": [0.0014312059656949594, 0.0024648097343069972], "q_25": 0.0017929670000000897, "q_75": 0.0020235434499966233, "min": 0.0017834432000199741, "max": 0.0022715829999924607, "mean": 0.0019480078500009766, "std": 0.0001967846538191121, "repeat": 4, "number": 5}]}, "transform_coords.TransformCoords.time_tof_to_dspacing": {"result": [0.04540698349995864], "stats": [{"ci_99": [0.03979192890962875, 0.05111313809030867], "q_25": 0.04403473025001858, "q_75": 0.04682478674990875, "min": 0.042845080999995844, "max": 0.04815108599996165, "mean": 0.045452533499968695, "std": 0.001999321033463343, "repeat": 4, "number": 1}]}, "transform_coords.TransformCoords.time_tof_to_energy": {"result": [0.33480218599999034], "stats": [{"ci_99": [0.3185725213623832, 0.35572067513767613], "q_25": 0.33315015500002687, "q_75": 0.33879862924999316, "min": 0.32976419300007365, "max": 0.3492178280000644, "mean": 0.3371465982500297, "std": 0.007275899936042017, "repeat": 4, "number": 1}]}, "transform_coords.TransformCoords.time_tof_to_wavelength": {"result": [0.001779223099981664], "stats": [{"ci_99": [0.001420739659474626, 0.0022353968405037727], "q_25": 0.001730363299986948, "q_75": 0.0018769280499839167, "min": 0.0016680830000041168, "max": 0.002085743799989359, "mean": 0.0018280682499892007, "std": 0.00015679832023926538, "repeat": 4, "number": 5}]}, "transform_coords.TransformCoords.time_wavelength_to_tof": {"result": [0.04197237600004655], "stats": [{"ci_99": [0.039537964807855694, 0.04451723719214613], "q_25": 0.04128202500001521, "q_75": 0.042717952000032255, "min": 0.041030774999967434, "max": 0.04313487699994312, "mean": 0.042027601000000914, "std": 0.0008604869787030594, "repeat": 4, "number": 1}]}}, "params": {"cpu": "2 Core CPU", "machine": "cloud-container", "os": "Ubuntu latest", "ram": "7GB", "python": "3.9", "appdirs": "", "cmake": "", "conan": "", "ess-dmsc::ess-streaming-data-types": "", "h5py": "", "ipykernel": "6.3.1", "ipympl": "", "ipywidgets": "", "mantid-framework": "", "matplotlib-base": "", "ninja": "", "numpy": "", "pip": "", "pooch": "", "python-configuration": "", "python-confluent-kafka": "", "pythreejs": "", "pyyaml": "", "scipp::scipp": "", "scipy": "", "tbb": ""}, "requirements": {"appdirs": "", "cmake": "", "conan": "", "ess-dmsc::ess-streaming-data-types": "", "h5py": "", "ipykernel": "6.3.1", "ipympl": "", "ipywidgets": "", "mantid-framework": "", "matplotlib-base": "", "ninja": "", "numpy": "", "pip": "", "pooch": "", "python-configuration": "", "python-confluent-kafka": "", "pythreejs": "", "pyyaml": "", "scipp::scipp": "", "scipy": "", "tbb": ""}, "commit_hash": "1ae74e77e447b6de05f33b84f44e9f7a1713525c", "date": 1634888285000, "env_name": "conda-py3.9-appdirs-cmake-conan-ess-dmsc__ess-streaming-data-types-h5py-ipykernel6.3.1-ipympl-ipywidgets-mantid-framework-matplotlib-base-ninja-numpy-pip-pooch-python-configuration-python-confluent-kafka-pythreejs-pyyaml-scipp__scipp-scipy-tbb", "python": "3.9", "profiles": {}, "started_at": {"load_nexus.LoadNexus.time_load_event_nexus": 1635138715769, "transform_coords.TransformCoords.time_energy_to_tof": 1635138728076, "transform_coords.TransformCoords.time_tof_to_dspacing": 1635138747439, "transform_coords.TransformCoords.time_tof_to_energy": 1635138766850, "transform_coords.TransformCoords.time_tof_to_wavelength": 1635138787066, "transform_coords.TransformCoords.time_wavelength_to_tof": 1635138806549}, "ended_at": {"load_nexus.LoadNexus.time_load_event_nexus": 1635138728075, "transform_coords.TransformCoords.time_energy_to_tof": 1635138747438, "transform_coords.TransformCoords.time_tof_to_dspacing": 1635138766850, "transform_coords.TransformCoords.time_tof_to_energy": 1635138787066, "transform_coords.TransformCoords.time_tof_to_wavelength": 1635138806548, "transform_coords.TransformCoords.time_wavelength_to_tof": 1635138825962}, "benchmark_version": {"load_nexus.LoadNexus.time_load_event_nexus": "9bb61e37c240f4221eff71f827efb0f1cfb5371f7c6b0e72f79b9ca92578e5e9", "transform_coords.TransformCoords.time_energy_to_tof": "f1ea8beffb41e75997f96056160ef6dd12d9afb53546d00f7e0cb2b307a616bb", "transform_coords.TransformCoords.time_tof_to_dspacing": "76d3e8bdf45621127e026f90298e8f292d01ddb57cb7caf05a5ce555a659d8ac", "transform_coords.TransformCoords.time_tof_to_energy": "32774381c7e0285d159959187b4537339285cc2573292bc6b39f5edd04d4bc0b", "transform_coords.TransformCoords.time_tof_to_wavelength": "46879c3a68b31604accd5a00f4187eb567d166242d70d944aa010a5d6f8de380", "transform_coords.TransformCoords.time_wavelength_to_tof": "d4710ab73daad9eb187b2c50c320802720ae09b880a656f3ac5284d75fea178b"}, "version": 1}