{"results": {"load_nexus.LoadNexus.time_load_event_nexus": {"result": [5.173898314999974], "stats": [{"ci_99": [3.364106765000656, 6.98368986499929], "q_25": 5.155800399499981, "q_75": 5.191996230499967, "min": 5.137702483999988, "max": 5.21009414599996, "mean": 5.173898314999974, "std": 0.036195830999986356, "repeat": 2, "number": 1}]}, "transform_coords.TransformCoords.time_energy_to_tof": {"result": [0.0015910435833366896], "stats": [{"ci_99": [0.0012472022248287743, 0.0019442506918477048], "q_25": 0.0015218740000051412, "q_75": 0.001664896041669787, "min": 0.0014251329999979134, "max": 0.0017756856666816627, "mean": 0.001595726458338239, "std": 0.00012674566822189516, "repeat": 4, "number": 6}]}, "transform_coords.TransformCoords.time_tof_to_dspacing": {"result": [0.04520087800000283], "stats": [{"ci_99": [0.042542090508425584, 0.04741248099153342], "q_25": 0.04459178874999736, "q_75": 0.04558637499998497, "min": 0.04353633699997772, "max": 0.04597104999993462, "mean": 0.0449772857499795, "std": 0.0009077810084387693, "repeat": 4, "number": 1}]}, "transform_coords.TransformCoords.time_tof_to_energy": {"result": [0.3134168544999625], "stats": [{"ci_99": [0.28244888920210165, 0.34487174729787196], "q_25": 0.30310060149997753, "q_75": 0.3239765712499718, "min": 0.3027907419999565, "max": 0.325016822000066, "mean": 0.31366031824998686, "std": 0.010675272642130513, "repeat": 4, "number": 1}]}, "transform_coords.TransformCoords.time_tof_to_wavelength": {"result": [0.0017712140000014642], "stats": [{"ci_99": [0.0014463104953258512, 0.0021006920046736577], "q_25": 0.0016871179166741967, "q_75": 0.0018575973333270213, "min": 0.0016270421666604307, "max": 0.001924534833335656, "mean": 0.0017735012499997538, "std": 0.00011454476502476228, "repeat": 4, "number": 6}]}, "transform_coords.TransformCoords.time_wavelength_to_tof": {"result": [0.04134586599997192], "stats": [{"ci_99": [0.039178543768707094, 0.043493892731283346], "q_25": 0.040791622750020906, "q_75": 0.04189046149994624, "min": 0.040332604000013816, "max": 0.04232053700002325, "mean": 0.04133621824999523, "std": 0.0007580061646908443, "repeat": 4, "number": 1}]}}, "params": {"cpu": "2 Core CPU", "machine": "cloud-container", "os": "Ubuntu latest", "ram": "7GB", "python": "3.9", "appdirs": "", "cmake": "", "conan": "", "ess-dmsc::ess-streaming-data-types": "", "h5py": "", "ipykernel": "6.3.1", "ipympl": "", "ipywidgets": "", "mantid-framework": "", "matplotlib-base": "", "ninja": "", "numpy": "", "pip": "", "pooch": "", "python-configuration": "", "python-confluent-kafka": "", "pythreejs": "", "pyyaml": "", "scipp::scipp": "", "scipy": "", "tbb": ""}, "requirements": {"appdirs": "", "cmake": "", "conan": "", "ess-dmsc::ess-streaming-data-types": "", "h5py": "", "ipykernel": "6.3.1", "ipympl": "", "ipywidgets": "", "mantid-framework": "", "matplotlib-base": "", "ninja": "", "numpy": "", "pip": "", "pooch": "", "python-configuration": "", "python-confluent-kafka": "", "pythreejs": "", "pyyaml": "", "scipp::scipp": "", "scipy": "", "tbb": ""}, "commit_hash": "1ae74e77e447b6de05f33b84f44e9f7a1713525c", "date": 1634888285000, "env_name": "conda-py3.9-appdirs-cmake-conan-ess-dmsc__ess-streaming-data-types-h5py-ipykernel6.3.1-ipympl-ipywidgets-mantid-framework-matplotlib-base-ninja-numpy-pip-pooch-python-configuration-python-confluent-kafka-pythreejs-pyyaml-scipp__scipp-scipy-tbb", "python": "3.9", "profiles": {}, "started_at": {"load_nexus.LoadNexus.time_load_event_nexus": 1635009450758, "transform_coords.TransformCoords.time_energy_to_tof": 1635009461896, "transform_coords.TransformCoords.time_tof_to_dspacing": 1635009479445, "transform_coords.TransformCoords.time_tof_to_energy": 1635009497152, "transform_coords.TransformCoords.time_tof_to_wavelength": 1635009515559, "transform_coords.TransformCoords.time_wavelength_to_tof": 1635009533262}, "ended_at": {"load_nexus.LoadNexus.time_load_event_nexus": 1635009461895, "transform_coords.TransformCoords.time_energy_to_tof": 1635009479445, "transform_coords.TransformCoords.time_tof_to_dspacing": 1635009497152, "transform_coords.TransformCoords.time_tof_to_energy": 1635009515558, "transform_coords.TransformCoords.time_tof_to_wavelength": 1635009533262, "transform_coords.TransformCoords.time_wavelength_to_tof": 1635009550914}, "benchmark_version": {"load_nexus.LoadNexus.time_load_event_nexus": "9bb61e37c240f4221eff71f827efb0f1cfb5371f7c6b0e72f79b9ca92578e5e9", "transform_coords.TransformCoords.time_energy_to_tof": "f1ea8beffb41e75997f96056160ef6dd12d9afb53546d00f7e0cb2b307a616bb", "transform_coords.TransformCoords.time_tof_to_dspacing": "76d3e8bdf45621127e026f90298e8f292d01ddb57cb7caf05a5ce555a659d8ac", "transform_coords.TransformCoords.time_tof_to_energy": "32774381c7e0285d159959187b4537339285cc2573292bc6b39f5edd04d4bc0b", "transform_coords.TransformCoords.time_tof_to_wavelength": "46879c3a68b31604accd5a00f4187eb567d166242d70d944aa010a5d6f8de380", "transform_coords.TransformCoords.time_wavelength_to_tof": "d4710ab73daad9eb187b2c50c320802720ae09b880a656f3ac5284d75fea178b"}, "version": 1}