{"results": {"load_nexus.LoadNexus.time_load_event_nexus": {"result": [5.384933621499954], "stats": [{"ci_99": [4.6732174465010985, 6.0966497964988084], "q_25": 5.377816459749965, "q_75": 5.3920507832499425, "min": 5.370699297999977, "max": 5.399167944999931, "mean": 5.384933621499954, "std": 0.014234323499977108, "repeat": 2, "number": 1}]}, "transform_coords.TransformCoords.time_energy_to_tof": {"result": [0.0017602825000039956], "stats": [{"ci_99": [0.0015102763544850477, 0.00203330074553018], "q_25": 0.0017202910500145662, "q_75": 0.001811779999997043, "min": 0.0016472826000153873, "max": 0.0019193066000070757, "mean": 0.0017717885500076135, "std": 9.749136098652184e-05, "repeat": 4, "number": 5}]}, "transform_coords.TransformCoords.time_tof_to_dspacing": {"result": [0.039704441000026236], "stats": [{"ci_99": [0.036534403934610146, 0.04267083506542201], "q_25": 0.03915325025005245, "q_75": 0.040153810249989874, "min": 0.03788910800005851, "max": 0.04111248799995337, "mean": 0.03960261950001609, "std": 0.0011478524573639457, "repeat": 4, "number": 1}]}, "transform_coords.TransformCoords.time_tof_to_energy": {"result": [0.32968404000001783], "stats": [{"ci_99": [0.32422935592078167, 0.33515384957930994], "q_25": 0.328828832250025, "q_75": 0.33054681050003865, "min": 0.32681780400002935, "max": 0.3325805270001183, "mean": 0.32969160275004583, "std": 0.0020416333599029735, "repeat": 4, "number": 1}]}, "transform_coords.TransformCoords.time_tof_to_wavelength": {"result": [0.0017048664999833817], "stats": [{"ci_99": [0.001597795805416986, 0.0018433452945667383], "q_25": 0.0016819634499881887, "q_75": 0.0017434735999870554, "min": 0.0016810606000035478, "max": 0.0017914885999971374, "mean": 0.0017205705499918622, "std": 4.501485917676466e-05, "repeat": 4, "number": 5}]}, "transform_coords.TransformCoords.time_wavelength_to_tof": {"result": [0.03634777400003486], "stats": [{"ci_99": [0.03233444988779998, 0.04198294961224615], "q_25": 0.03600991625003758, "q_75": 0.037496557500020344, "min": 0.03547415299999557, "max": 0.040465098000026956, "mean": 0.03715869975002306, "std": 0.0019452443387936004, "repeat": 4, "number": 1}]}}, "params": {"cpu": "2 Core CPU", "machine": "cloud-container", "os": "Ubuntu latest", "ram": "7GB", "python": "3.9", "appdirs": "", "cmake": "", "conan": "", "ess-dmsc::ess-streaming-data-types": "", "h5py": "", "ipykernel": "6.3.1", "ipympl": "", "ipywidgets": "", "mantid-framework": "", "matplotlib-base": "", "ninja": "", "numpy": "", "pip": "", "pooch": "", "python-configuration": "", "python-confluent-kafka": "", "pythreejs": "", "pyyaml": "", "scipp::scipp": "", "scipy": "", "tbb": ""}, "requirements": {"appdirs": "", "cmake": "", "conan": "", "ess-dmsc::ess-streaming-data-types": "", "h5py": "", "ipykernel": "6.3.1", "ipympl": "", "ipywidgets": "", "mantid-framework": "", "matplotlib-base": "", "ninja": "", "numpy": "", "pip": "", "pooch": "", "python-configuration": "", "python-confluent-kafka": "", "pythreejs": "", "pyyaml": "", "scipp::scipp": "", "scipy": "", "tbb": ""}, "commit_hash": "1ae74e77e447b6de05f33b84f44e9f7a1713525c", "date": 1634888285000, "env_name": "conda-py3.9-appdirs-cmake-conan-ess-dmsc__ess-streaming-data-types-h5py-ipykernel6.3.1-ipympl-ipywidgets-mantid-framework-matplotlib-base-ninja-numpy-pip-pooch-python-configuration-python-confluent-kafka-pythreejs-pyyaml-scipp__scipp-scipy-tbb", "python": "3.9", "profiles": {}, "started_at": {"load_nexus.LoadNexus.time_load_event_nexus": 1635059531468, "transform_coords.TransformCoords.time_energy_to_tof": 1635059543113, "transform_coords.TransformCoords.time_tof_to_dspacing": 1635059561870, "transform_coords.TransformCoords.time_tof_to_energy": 1635059580477, "transform_coords.TransformCoords.time_tof_to_wavelength": 1635059599897, "transform_coords.TransformCoords.time_wavelength_to_tof": 1635059618756}, "ended_at": {"load_nexus.LoadNexus.time_load_event_nexus": 1635059543112, "transform_coords.TransformCoords.time_energy_to_tof": 1635059561870, "transform_coords.TransformCoords.time_tof_to_dspacing": 1635059580477, "transform_coords.TransformCoords.time_tof_to_energy": 1635059599896, "transform_coords.TransformCoords.time_tof_to_wavelength": 1635059618756, "transform_coords.TransformCoords.time_wavelength_to_tof": 1635059637461}, "benchmark_version": {"load_nexus.LoadNexus.time_load_event_nexus": "9bb61e37c240f4221eff71f827efb0f1cfb5371f7c6b0e72f79b9ca92578e5e9", "transform_coords.TransformCoords.time_energy_to_tof": "f1ea8beffb41e75997f96056160ef6dd12d9afb53546d00f7e0cb2b307a616bb", "transform_coords.TransformCoords.time_tof_to_dspacing": "76d3e8bdf45621127e026f90298e8f292d01ddb57cb7caf05a5ce555a659d8ac", "transform_coords.TransformCoords.time_tof_to_energy": "32774381c7e0285d159959187b4537339285cc2573292bc6b39f5edd04d4bc0b", "transform_coords.TransformCoords.time_tof_to_wavelength": "46879c3a68b31604accd5a00f4187eb567d166242d70d944aa010a5d6f8de380", "transform_coords.TransformCoords.time_wavelength_to_tof": "d4710ab73daad9eb187b2c50c320802720ae09b880a656f3ac5284d75fea178b"}, "version": 1}