{"results": {"load_nexus.LoadNexus.time_load_event_nexus": {"result": [4.896779636000019], "stats": [{"ci_99": [4.508373951888593, 5.377833108111394], "q_25": 4.886413715999993, "q_75": 4.976631397000006, "min": 4.876047795999966, "max": 5.056483157999992, "mean": 4.943103529999992, "std": 0.08061702604086655, "repeat": 3, "number": 1}]}, "transform_coords.TransformCoords.time_energy_to_tof": {"result": [0.0014151919000028102], "stats": [{"ci_99": [0.0012575080000033268, 0.0015247553910790383], "q_25": 0.0013982603999920685, "q_75": 0.0014685243499968693, "min": 0.0012575080000033268, "max": 0.0014935096000044724, "mean": 0.001410053299999466, "std": 7.759888714158503e-05, "repeat": 6, "number": 5}]}, "transform_coords.TransformCoords.time_tof_to_dspacing": {"result": [0.03607759800001986], "stats": [{"ci_99": [0.03548695869716213, 0.03695600030279994], "q_25": 0.03590393150000182, "q_75": 0.03663054249997799, "min": 0.03568334599992795, "max": 0.03682943499995872, "mean": 0.03622147949998104, "std": 0.0004374669479168106, "repeat": 6, "number": 1}]}, "transform_coords.TransformCoords.time_tof_to_energy": {"result": [0.2763531850000618], "stats": [{"ci_99": [0.26046181318845185, 0.2936514768115802], "q_25": 0.2706955899999457, "q_75": 0.2815337359999148, "min": 0.26643352100006723, "max": 0.29026719300009063, "mean": 0.27705664500001603, "std": 0.00834711402207246, "repeat": 5, "number": 1}]}, "transform_coords.TransformCoords.time_tof_to_wavelength": {"result": [0.0014578349166640692], "stats": [{"ci_99": [0.001399905014606143, 0.0015952271666606066], "q_25": 0.0014529400416686637, "q_75": 0.001468135666660449, "min": 0.0014107758333163172, "max": 0.0015952271666606066, "mean": 0.0014740917499946387, "std": 5.7333775659976266e-05, "repeat": 6, "number": 6}]}, "transform_coords.TransformCoords.time_wavelength_to_tof": {"result": [0.0338385255000162], "stats": [{"ci_99": [0.032883208718115516, 0.034487261948596394], "q_25": 0.033239317250007616, "q_75": 0.03397197774998517, "min": 0.033018748000017695, "max": 0.03435957000010603, "mean": 0.033685235333355955, "std": 0.0004937368756287521, "repeat": 6, "number": 1}]}}, "params": {"cpu": "2 Core CPU", "machine": "cloud-container", "os": "Ubuntu latest", "ram": "7GB", "python": "3.9", "appdirs": "", "cmake": "", "conan": "", "ess-dmsc::ess-streaming-data-types": "", "h5py": "", "ipykernel": "6.3.1", "ipympl": "", "ipywidgets": "", "mantid-framework": "", "matplotlib-base": "", "ninja": "", "numpy": "", "pip": "", "pooch": "", "python-configuration": "", "python-confluent-kafka": "", "pythreejs": "", "pyyaml": "", "scipp::scipp": "", "scipy": "", "tbb": ""}, "requirements": {"appdirs": "", "cmake": "", "conan": "", "ess-dmsc::ess-streaming-data-types": "", "h5py": "", "ipykernel": "6.3.1", "ipympl": "", "ipywidgets": "", "mantid-framework": "", "matplotlib-base": "", "ninja": "", "numpy": "", "pip": "", "pooch": "", "python-configuration": "", "python-confluent-kafka": "", "pythreejs": "", "pyyaml": "", "scipp::scipp": "", "scipy": "", "tbb": ""}, "commit_hash": "1ae74e77e447b6de05f33b84f44e9f7a1713525c", "date": 1634888285000, "env_name": "conda-py3.9-appdirs-cmake-conan-ess-dmsc__ess-streaming-data-types-h5py-ipykernel6.3.1-ipympl-ipywidgets-mantid-framework-matplotlib-base-ninja-numpy-pip-pooch-python-configuration-python-confluent-kafka-pythreejs-pyyaml-scipp__scipp-scipy-tbb", "python": "3.9", "profiles": {}, "started_at": {"load_nexus.LoadNexus.time_load_event_nexus": 1635012660586, "transform_coords.TransformCoords.time_energy_to_tof": 1635012676040, "transform_coords.TransformCoords.time_tof_to_dspacing": 1635012695350, "transform_coords.TransformCoords.time_tof_to_energy": 1635012714761, "transform_coords.TransformCoords.time_tof_to_wavelength": 1635012734772, "transform_coords.TransformCoords.time_wavelength_to_tof": 1635012754035}, "ended_at": {"load_nexus.LoadNexus.time_load_event_nexus": 1635012676039, "transform_coords.TransformCoords.time_energy_to_tof": 1635012695350, "transform_coords.TransformCoords.time_tof_to_dspacing": 1635012714760, "transform_coords.TransformCoords.time_tof_to_energy": 1635012734772, "transform_coords.TransformCoords.time_tof_to_wavelength": 1635012754034, "transform_coords.TransformCoords.time_wavelength_to_tof": 1635012773401}, "benchmark_version": {"load_nexus.LoadNexus.time_load_event_nexus": "9bb61e37c240f4221eff71f827efb0f1cfb5371f7c6b0e72f79b9ca92578e5e9", "transform_coords.TransformCoords.time_energy_to_tof": "f1ea8beffb41e75997f96056160ef6dd12d9afb53546d00f7e0cb2b307a616bb", "transform_coords.TransformCoords.time_tof_to_dspacing": "76d3e8bdf45621127e026f90298e8f292d01ddb57cb7caf05a5ce555a659d8ac", "transform_coords.TransformCoords.time_tof_to_energy": "32774381c7e0285d159959187b4537339285cc2573292bc6b39f5edd04d4bc0b", "transform_coords.TransformCoords.time_tof_to_wavelength": "46879c3a68b31604accd5a00f4187eb567d166242d70d944aa010a5d6f8de380", "transform_coords.TransformCoords.time_wavelength_to_tof": "d4710ab73daad9eb187b2c50c320802720ae09b880a656f3ac5284d75fea178b"}, "version": 1}