{"results": {"load_nexus.LoadNexus.time_load_event_nexus": {"result": [4.787322423500001], "stats": [{"ci_99": [4.702627820551065, 4.898390551948957], "q_25": 4.777360026250022, "q_75": 4.810471583499989, "min": 4.763149681000073, "max": 4.864242216999969, "mean": 4.800509186250011, "std": 0.03827540783405502, "repeat": 4, "number": 1}]}, "transform_coords.TransformCoords.time_energy_to_tof": {"result": [0.0013838868333380105], "stats": [{"ci_99": [0.0012985082701649094, 0.0015690224999976483], "q_25": 0.001349144541670455, "q_75": 0.0014087290000048824, "min": 0.0013436525000164086, "max": 0.0015690224999976483, "mean": 0.0014058370277830867, "std": 7.755154125838599e-05, "repeat": 6, "number": 6}]}, "transform_coords.TransformCoords.time_tof_to_dspacing": {"result": [0.03703188650001721], "stats": [{"ci_99": [0.036353163674851675, 0.037495499325145655], "q_25": 0.03666782475002606, "q_75": 0.03706583499999283, "min": 0.03638502299997981, "max": 0.03747357099996407, "mean": 0.036924331499998665, "std": 0.00036067601826126217, "repeat": 6, "number": 1}]}, "transform_coords.TransformCoords.time_tof_to_energy": {"result": [0.25986670699998626], "stats": [{"ci_99": [0.25867582121826493, 0.2628844500000014], "q_25": 0.25972225699996443, "q_75": 0.25997661200001687, "min": 0.2590053320000152, "max": 0.2628844500000014, "mean": 0.26021842499999553, "std": 0.0012357535649121466, "repeat": 6, "number": 1}]}, "transform_coords.TransformCoords.time_tof_to_wavelength": {"result": [0.0013482442499916185], "stats": [{"ci_99": [0.0013397592654727083, 0.001372719666676403], "q_25": 0.001347673500002126, "q_75": 0.0013543026249986194, "min": 0.0013446528333342183, "max": 0.001372719666676403, "mean": 0.001352944388888962, "std": 9.532213032168284e-06, "repeat": 6, "number": 6}]}, "transform_coords.TransformCoords.time_wavelength_to_tof": {"result": [0.034504187499976524], "stats": [{"ci_99": [0.034128657835745806, 0.034955761164213214], "q_25": 0.03431225899996093, "q_75": 0.03471749474998376, "min": 0.03429148999998688, "max": 0.03491651199999524, "mean": 0.03454220949997951, "std": 0.00024220025355190615, "repeat": 6, "number": 1}]}}, "params": {"cpu": "2 Core CPU", "machine": "cloud-container", "os": "Ubuntu latest", "ram": "7GB", "python": "3.9", "appdirs": "", "cmake": "", "conan": "", "ess-dmsc::ess-streaming-data-types": "", "h5py": "", "ipykernel": "6.3.1", "ipympl": "", "ipywidgets": "", "mantid-framework": "", "matplotlib-base": "", "ninja": "", "numpy": "", "pip": "", "pooch": "", "python-configuration": "", "python-confluent-kafka": "", "pythreejs": "", "pyyaml": "", "scipp::scipp": "", "scipy": "", "tbb": ""}, "requirements": {"appdirs": "", "cmake": "", "conan": "", "ess-dmsc::ess-streaming-data-types": "", "h5py": "", "ipykernel": "6.3.1", "ipympl": "", "ipywidgets": "", "mantid-framework": "", "matplotlib-base": "", "ninja": "", "numpy": "", "pip": "", "pooch": "", "python-configuration": "", "python-confluent-kafka": "", "pythreejs": "", "pyyaml": "", "scipp::scipp": "", "scipy": "", "tbb": ""}, "commit_hash": "1ae74e77e447b6de05f33b84f44e9f7a1713525c", "date": 1634888285000, "env_name": "conda-py3.9-appdirs-cmake-conan-ess-dmsc__ess-streaming-data-types-h5py-ipykernel6.3.1-ipympl-ipywidgets-mantid-framework-matplotlib-base-ninja-numpy-pip-pooch-python-configuration-python-confluent-kafka-pythreejs-pyyaml-scipp__scipp-scipy-tbb", "python": "3.9", "profiles": {}, "started_at": {"load_nexus.LoadNexus.time_load_event_nexus": 1635048715460, "transform_coords.TransformCoords.time_energy_to_tof": 1635048730506, "transform_coords.TransformCoords.time_tof_to_dspacing": 1635048749407, "transform_coords.TransformCoords.time_tof_to_energy": 1635048768411, "transform_coords.TransformCoords.time_tof_to_wavelength": 1635048788217, "transform_coords.TransformCoords.time_wavelength_to_tof": 1635048807068}, "ended_at": {"load_nexus.LoadNexus.time_load_event_nexus": 1635048730506, "transform_coords.TransformCoords.time_energy_to_tof": 1635048749406, "transform_coords.TransformCoords.time_tof_to_dspacing": 1635048768411, "transform_coords.TransformCoords.time_tof_to_energy": 1635048788216, "transform_coords.TransformCoords.time_tof_to_wavelength": 1635048807068, "transform_coords.TransformCoords.time_wavelength_to_tof": 1635048826020}, "benchmark_version": {"load_nexus.LoadNexus.time_load_event_nexus": "9bb61e37c240f4221eff71f827efb0f1cfb5371f7c6b0e72f79b9ca92578e5e9", "transform_coords.TransformCoords.time_energy_to_tof": "f1ea8beffb41e75997f96056160ef6dd12d9afb53546d00f7e0cb2b307a616bb", "transform_coords.TransformCoords.time_tof_to_dspacing": "76d3e8bdf45621127e026f90298e8f292d01ddb57cb7caf05a5ce555a659d8ac", "transform_coords.TransformCoords.time_tof_to_energy": "32774381c7e0285d159959187b4537339285cc2573292bc6b39f5edd04d4bc0b", "transform_coords.TransformCoords.time_tof_to_wavelength": "46879c3a68b31604accd5a00f4187eb567d166242d70d944aa010a5d6f8de380", "transform_coords.TransformCoords.time_wavelength_to_tof": "d4710ab73daad9eb187b2c50c320802720ae09b880a656f3ac5284d75fea178b"}, "version": 1}