{"results": {"load_nexus.LoadNexus.time_load_event_nexus": {"result": [4.753501996000068], "stats": [{"ci_99": [4.093843068381902, 5.518834909618137], "q_25": 4.717059388000052, "q_75": 4.869200093500012, "min": 4.680616780000037, "max": 4.984898190999957, "mean": 4.806338989000021, "std": 0.12971919709378227, "repeat": 3, "number": 1}]}, "transform_coords.TransformCoords.time_energy_to_tof": {"result": [0.0013664997499915899], "stats": [{"ci_99": [0.0013282635466016653, 0.0014239488333297838], "q_25": 0.0013539036249975804, "q_75": 0.0013821128749971952, "min": 0.0013355826666649289, "max": 0.0014239488333297838, "mean": 0.0013715921944405336, "std": 2.817659999820499e-05, "repeat": 6, "number": 6}]}, "transform_coords.TransformCoords.time_tof_to_dspacing": {"result": [0.037101870500066525], "stats": [{"ci_99": [0.036692351730166516, 0.037641840269908924], "q_25": 0.03701788000000761, "q_75": 0.03736218750006515, "min": 0.036723049999977775, "max": 0.037636942000062845, "mean": 0.03716709600003772, "std": 0.00029633692357844817, "repeat": 6, "number": 1}]}, "transform_coords.TransformCoords.time_tof_to_energy": {"result": [0.2602036819999398], "stats": [{"ci_99": [0.259545185390558, 0.2615381690000049], "q_25": 0.260022139499938, "q_75": 0.2605918982499702, "min": 0.2598178780000353, "max": 0.2615381690000049, "mean": 0.26040772333330625, "std": 0.0005780538564974159, "repeat": 6, "number": 1}]}, "transform_coords.TransformCoords.time_tof_to_wavelength": {"result": [0.0013595909999916482], "stats": [{"ci_99": [0.0013450465017493703, 0.001381949500000701], "q_25": 0.0013534258333388987, "q_75": 0.001366695291660373, "min": 0.0013502013333284897, "max": 0.001381949500000701, "mean": 0.0013619611666639585, "std": 1.0809647191706352e-05, "repeat": 6, "number": 6}]}, "transform_coords.TransformCoords.time_wavelength_to_tof": {"result": [0.03463411299992458], "stats": [{"ci_99": [0.03443053003609124, 0.03499762000001283], "q_25": 0.0345620599999279, "q_75": 0.03478656299995464, "min": 0.034527009999919756, "max": 0.03499762000001283, "mean": 0.0346947129999459, "std": 0.00016805043714536257, "repeat": 6, "number": 1}]}}, "params": {"cpu": "2 Core CPU", "machine": "cloud-container", "os": "Ubuntu latest", "ram": "7GB", "python": "3.9", "appdirs": "", "cmake": "", "conan": "", "ess-dmsc::ess-streaming-data-types": "", "h5py": "", "ipykernel": "6.3.1", "ipympl": "", "ipywidgets": "", "mantid-framework": "", "matplotlib-base": "", "ninja": "", "numpy": "", "pip": "", "pooch": "", "python-configuration": "", "python-confluent-kafka": "", "pythreejs": "", "pyyaml": "", "scipp::scipp": "", "scipy": "", "tbb": ""}, "requirements": {"appdirs": "", "cmake": "", "conan": "", "ess-dmsc::ess-streaming-data-types": "", "h5py": "", "ipykernel": "6.3.1", "ipympl": "", "ipywidgets": "", "mantid-framework": "", "matplotlib-base": "", "ninja": "", "numpy": "", "pip": "", "pooch": "", "python-configuration": "", "python-confluent-kafka": "", "pythreejs": "", "pyyaml": "", "scipp::scipp": "", "scipy": "", "tbb": ""}, "commit_hash": "1ae74e77e447b6de05f33b84f44e9f7a1713525c", "date": 1634888285000, "env_name": "conda-py3.9-appdirs-cmake-conan-ess-dmsc__ess-streaming-data-types-h5py-ipykernel6.3.1-ipympl-ipywidgets-mantid-framework-matplotlib-base-ninja-numpy-pip-pooch-python-configuration-python-confluent-kafka-pythreejs-pyyaml-scipp__scipp-scipy-tbb", "python": "3.9", "profiles": {}, "started_at": {"load_nexus.LoadNexus.time_load_event_nexus": 1634900974397, "transform_coords.TransformCoords.time_energy_to_tof": 1634900989447, "transform_coords.TransformCoords.time_tof_to_dspacing": 1634901008211, "transform_coords.TransformCoords.time_tof_to_energy": 1634901027175, "transform_coords.TransformCoords.time_tof_to_wavelength": 1634901046884, "transform_coords.TransformCoords.time_wavelength_to_tof": 1634901065650}, "ended_at": {"load_nexus.LoadNexus.time_load_event_nexus": 1634900989447, "transform_coords.TransformCoords.time_energy_to_tof": 1634901008211, "transform_coords.TransformCoords.time_tof_to_dspacing": 1634901027175, "transform_coords.TransformCoords.time_tof_to_energy": 1634901046883, "transform_coords.TransformCoords.time_tof_to_wavelength": 1634901065650, "transform_coords.TransformCoords.time_wavelength_to_tof": 1634901084507}, "benchmark_version": {"load_nexus.LoadNexus.time_load_event_nexus": "9bb61e37c240f4221eff71f827efb0f1cfb5371f7c6b0e72f79b9ca92578e5e9", "transform_coords.TransformCoords.time_energy_to_tof": "f1ea8beffb41e75997f96056160ef6dd12d9afb53546d00f7e0cb2b307a616bb", "transform_coords.TransformCoords.time_tof_to_dspacing": "76d3e8bdf45621127e026f90298e8f292d01ddb57cb7caf05a5ce555a659d8ac", "transform_coords.TransformCoords.time_tof_to_energy": "32774381c7e0285d159959187b4537339285cc2573292bc6b39f5edd04d4bc0b", "transform_coords.TransformCoords.time_tof_to_wavelength": "46879c3a68b31604accd5a00f4187eb567d166242d70d944aa010a5d6f8de380", "transform_coords.TransformCoords.time_wavelength_to_tof": "d4710ab73daad9eb187b2c50c320802720ae09b880a656f3ac5284d75fea178b"}, "version": 1}