{"results": {"load_nexus.LoadNexus.time_load_event_nexus": {"result": [4.800016918000011], "stats": [{"ci_99": [4.702477621762068, 4.879524829737977], "q_25": 4.773856536000039, "q_75": 4.817161607749995, "min": 4.741011507000053, "max": 4.822959560000015, "mean": 4.791001225750023, "std": 0.032193496172759635, "repeat": 4, "number": 1}]}, "transform_coords.TransformCoords.time_energy_to_tof": {"result": [0.0013386993333313058], "stats": [{"ci_99": [0.0013222931855012266, 0.0013766583333278959], "q_25": 0.0013363618333338916, "q_75": 0.0013424245833325206, "min": 0.0013260406666688596, "max": 0.0013766583333278959, "mean": 0.0013432244444433966, "std": 1.586210555443961e-05, "repeat": 6, "number": 6}]}, "transform_coords.TransformCoords.time_tof_to_dspacing": {"result": [0.036119804499946895], "stats": [{"ci_99": [0.03585802376268964, 0.036440354903959776], "q_25": 0.036042755750059996, "q_75": 0.03630066224997108, "min": 0.035887344000002486, "max": 0.036390161999975135, "mean": 0.036149189333324706, "std": 0.00017785924837423906, "repeat": 6, "number": 1}]}, "transform_coords.TransformCoords.time_tof_to_energy": {"result": [0.2586033515000281], "stats": [{"ci_99": [0.2581127571668872, 0.25941089200000533], "q_25": 0.2585083494999765, "q_75": 0.2589581069999838, "min": 0.25822470399998565, "max": 0.25941089200000533, "mean": 0.25873255666666256, "std": 0.0003935927649310592, "repeat": 6, "number": 1}]}, "transform_coords.TransformCoords.time_tof_to_wavelength": {"result": [0.0013513409999935295], "stats": [{"ci_99": [0.0012252146513791451, 0.001870450499988389], "q_25": 0.0013458910833226885, "q_75": 0.0013571787916551632, "min": 0.0013391401666543363, "max": 0.001870450499988389, "mean": 0.0014359119722118722, "std": 0.00019442943053816074, "repeat": 6, "number": 6}]}, "transform_coords.TransformCoords.time_wavelength_to_tof": {"result": [0.03401457050000545], "stats": [{"ci_99": [0.033553985986259006, 0.03443945234710123], "q_25": 0.03380934175001471, "q_75": 0.03420427274997451, "min": 0.033583809999981895, "max": 0.034358925000105955, "mean": 0.03399671916668012, "std": 0.00026720222729318305, "repeat": 6, "number": 1}]}}, "params": {"cpu": "2 Core CPU", "machine": "cloud-container", "os": "Ubuntu latest", "ram": "7GB", "python": "3.9", "appdirs": "", "cmake": "", "conan": "", "ess-dmsc::ess-streaming-data-types": "", "h5py": "", "ipykernel": "6.3.1", "ipympl": "", "ipywidgets": "", "mantid-framework": "", "matplotlib-base": "", "ninja": "", "numpy": "", "pip": "", "pooch": "", "python-configuration": "", "python-confluent-kafka": "", "pythreejs": "", "pyyaml": "", "scipp::scipp": "", "scipy": "", "tbb": ""}, "requirements": {"appdirs": "", "cmake": "", "conan": "", "ess-dmsc::ess-streaming-data-types": "", "h5py": "", "ipykernel": "6.3.1", "ipympl": "", "ipywidgets": "", "mantid-framework": "", "matplotlib-base": "", "ninja": "", "numpy": "", "pip": "", "pooch": "", "python-configuration": "", "python-confluent-kafka": "", "pythreejs": "", "pyyaml": "", "scipp::scipp": "", "scipy": "", "tbb": ""}, "commit_hash": "1ae74e77e447b6de05f33b84f44e9f7a1713525c", "date": 1634888285000, "env_name": "conda-py3.9-appdirs-cmake-conan-ess-dmsc__ess-streaming-data-types-h5py-ipykernel6.3.1-ipympl-ipywidgets-mantid-framework-matplotlib-base-ninja-numpy-pip-pooch-python-configuration-python-confluent-kafka-pythreejs-pyyaml-scipp__scipp-scipy-tbb", "python": "3.9", "profiles": {}, "started_at": {"load_nexus.LoadNexus.time_load_event_nexus": 1634944220601, "transform_coords.TransformCoords.time_energy_to_tof": 1634944235647, "transform_coords.TransformCoords.time_tof_to_dspacing": 1634944254501, "transform_coords.TransformCoords.time_tof_to_energy": 1634944273454, "transform_coords.TransformCoords.time_tof_to_wavelength": 1634944293259, "transform_coords.TransformCoords.time_wavelength_to_tof": 1634944312170}, "ended_at": {"load_nexus.LoadNexus.time_load_event_nexus": 1634944235647, "transform_coords.TransformCoords.time_energy_to_tof": 1634944254501, "transform_coords.TransformCoords.time_tof_to_dspacing": 1634944273454, "transform_coords.TransformCoords.time_tof_to_energy": 1634944293259, "transform_coords.TransformCoords.time_tof_to_wavelength": 1634944312170, "transform_coords.TransformCoords.time_wavelength_to_tof": 1634944331125}, "benchmark_version": {"load_nexus.LoadNexus.time_load_event_nexus": "9bb61e37c240f4221eff71f827efb0f1cfb5371f7c6b0e72f79b9ca92578e5e9", "transform_coords.TransformCoords.time_energy_to_tof": "f1ea8beffb41e75997f96056160ef6dd12d9afb53546d00f7e0cb2b307a616bb", "transform_coords.TransformCoords.time_tof_to_dspacing": "76d3e8bdf45621127e026f90298e8f292d01ddb57cb7caf05a5ce555a659d8ac", "transform_coords.TransformCoords.time_tof_to_energy": "32774381c7e0285d159959187b4537339285cc2573292bc6b39f5edd04d4bc0b", "transform_coords.TransformCoords.time_tof_to_wavelength": "46879c3a68b31604accd5a00f4187eb567d166242d70d944aa010a5d6f8de380", "transform_coords.TransformCoords.time_wavelength_to_tof": "d4710ab73daad9eb187b2c50c320802720ae09b880a656f3ac5284d75fea178b"}, "version": 1}