{"results": {"load_nexus.LoadNexus.time_load_event_nexus": {"result": [4.923554874999979], "stats": [{"ci_99": [4.637566733234971, 5.2048242154317315], "q_25": 4.890884717000006, "q_75": 4.9526859320000085, "min": 4.858214559000032, "max": 4.981816989000038, "mean": 4.9211954743333495, "std": 0.05048805306938679, "repeat": 3, "number": 1}]}, "transform_coords.TransformCoords.time_energy_to_tof": {"result": [0.0013557099999843558], "stats": [{"ci_99": [0.0013091343103086258, 0.0014250260000115607], "q_25": 0.001347441166653122, "q_75": 0.001369673666668329, "min": 0.0013327733333312608, "max": 0.0014250260000115607, "mean": 0.0013661248333297258, "std": 3.178619939781523e-05, "repeat": 5, "number": 6}]}, "transform_coords.TransformCoords.time_tof_to_dspacing": {"result": [0.03685128500001156], "stats": [{"ci_99": [0.02100717886630642, 0.07380030999996734], "q_25": 0.036779685000055906, "q_75": 0.049651017000030606, "min": 0.036329392000084226, "max": 0.07380030999996734, "mean": 0.04668233780002993, "std": 0.014464391385739607, "repeat": 5, "number": 1}]}, "transform_coords.TransformCoords.time_tof_to_energy": {"result": [0.2613360639999769], "stats": [{"ci_99": [0.2518969270018761, 0.28430746933147016], "q_25": 0.26063533425005403, "q_75": 0.2766862115000208, "min": 0.25983229000001984, "max": 0.28390408599995, "mean": 0.26810219816667313, "std": 0.010402385545980684, "repeat": 6, "number": 1}]}, "transform_coords.TransformCoords.time_tof_to_wavelength": {"result": [0.0013683918333337413], "stats": [{"ci_99": [0.001327289500947051, 0.0014211604434949722], "q_25": 0.0013507039166663997, "q_75": 0.0013998412500010697, "min": 0.001340725499990943, "max": 0.0014127083333335122, "mean": 0.0013742249722210114, "std": 2.8239690589168735e-05, "repeat": 6, "number": 6}]}, "transform_coords.TransformCoords.time_wavelength_to_tof": {"result": [0.0347358134999638], "stats": [{"ci_99": [0.03440793465931385, 0.03547714500001575], "q_25": 0.03465697249995969, "q_75": 0.03479778250002141, "min": 0.03450943299992559, "max": 0.03547714500001575, "mean": 0.034817889333311314, "std": 0.0003103071606628512, "repeat": 6, "number": 1}]}}, "params": {"cpu": "2 Core CPU", "machine": "cloud-container", "os": "Ubuntu latest", "ram": "7GB", "python": "3.9", "appdirs": "", "cmake": "", "conan": "", "ess-dmsc::ess-streaming-data-types": "", "h5py": "", "ipykernel": "6.3.1", "ipympl": "", "ipywidgets": "", "mantid-framework": "", "matplotlib-base": "", "ninja": "", "numpy": "", "pip": "", "pooch": "", "python-configuration": "", "python-confluent-kafka": "", "pythreejs": "", "pyyaml": "", "scipp::scipp": "", "scipy": "", "tbb": ""}, "requirements": {"appdirs": "", "cmake": "", "conan": "", "ess-dmsc::ess-streaming-data-types": "", "h5py": "", "ipykernel": "6.3.1", "ipympl": "", "ipywidgets": "", "mantid-framework": "", "matplotlib-base": "", "ninja": "", "numpy": "", "pip": "", "pooch": "", "python-configuration": "", "python-confluent-kafka": "", "pythreejs": "", "pyyaml": "", "scipp::scipp": "", "scipy": "", "tbb": ""}, "commit_hash": "1ae74e77e447b6de05f33b84f44e9f7a1713525c", "date": 1634888285000, "env_name": "conda-py3.9-appdirs-cmake-conan-ess-dmsc__ess-streaming-data-types-h5py-ipykernel6.3.1-ipympl-ipywidgets-mantid-framework-matplotlib-base-ninja-numpy-pip-pooch-python-configuration-python-confluent-kafka-pythreejs-pyyaml-scipp__scipp-scipy-tbb", "python": "3.9", "profiles": {}, "started_at": {"load_nexus.LoadNexus.time_load_event_nexus": 1635084602290, "transform_coords.TransformCoords.time_energy_to_tof": 1635084617701, "transform_coords.TransformCoords.time_tof_to_dspacing": 1635084636966, "transform_coords.TransformCoords.time_tof_to_energy": 1635084656276, "transform_coords.TransformCoords.time_tof_to_wavelength": 1635084676590, "transform_coords.TransformCoords.time_wavelength_to_tof": 1635084695802}, "ended_at": {"load_nexus.LoadNexus.time_load_event_nexus": 1635084617700, "transform_coords.TransformCoords.time_energy_to_tof": 1635084636965, "transform_coords.TransformCoords.time_tof_to_dspacing": 1635084656276, "transform_coords.TransformCoords.time_tof_to_energy": 1635084676590, "transform_coords.TransformCoords.time_tof_to_wavelength": 1635084695802, "transform_coords.TransformCoords.time_wavelength_to_tof": 1635084715112}, "benchmark_version": {"load_nexus.LoadNexus.time_load_event_nexus": "9bb61e37c240f4221eff71f827efb0f1cfb5371f7c6b0e72f79b9ca92578e5e9", "transform_coords.TransformCoords.time_energy_to_tof": "f1ea8beffb41e75997f96056160ef6dd12d9afb53546d00f7e0cb2b307a616bb", "transform_coords.TransformCoords.time_tof_to_dspacing": "76d3e8bdf45621127e026f90298e8f292d01ddb57cb7caf05a5ce555a659d8ac", "transform_coords.TransformCoords.time_tof_to_energy": "32774381c7e0285d159959187b4537339285cc2573292bc6b39f5edd04d4bc0b", "transform_coords.TransformCoords.time_tof_to_wavelength": "46879c3a68b31604accd5a00f4187eb567d166242d70d944aa010a5d6f8de380", "transform_coords.TransformCoords.time_wavelength_to_tof": "d4710ab73daad9eb187b2c50c320802720ae09b880a656f3ac5284d75fea178b"}, "version": 1}