{"results": {"load_nexus.LoadNexus.time_load_event_nexus": {"result": [5.051733776999981], "stats": [{"ci_99": [1.3052942770027585, 8.7981732769972], "q_25": 5.014269382000009, "q_75": 5.0891981719999535, "min": 4.976804987000037, "max": 5.126662566999926, "mean": 5.051733776999981, "std": 0.07492878999994446, "repeat": 2, "number": 1}]}, "transform_coords.TransformCoords.time_energy_to_tof": {"result": [0.001580975500000174], "stats": [{"ci_99": [0.001234352598857647, 0.0017791417344722746], "q_25": 0.0013797886666679915, "q_75": 0.0016132916666530643, "min": 0.0013134876666640594, "max": 0.0016461923333395134, "mean": 0.0015067471666649606, "std": 0.00013399569061608746, "repeat": 5, "number": 6}]}, "transform_coords.TransformCoords.time_tof_to_dspacing": {"result": [0.03722286999993685], "stats": [{"ci_99": [0.03660275304393943, 0.038359098955993626], "q_25": 0.03712048800002776, "q_75": 0.0377188989999695, "min": 0.03707046699992134, "max": 0.03827190599997721, "mean": 0.03748092599996653, "std": 0.0004576604747663013, "repeat": 5, "number": 1}]}, "transform_coords.TransformCoords.time_tof_to_energy": {"result": [0.29969607050003333], "stats": [{"ci_99": [0.23704121047198612, 0.35102921202805226], "q_25": 0.2814947767500655, "q_75": 0.3122365049999871, "min": 0.2636244690000922, "max": 0.31312423499991837, "mean": 0.2940352112500193, "std": 0.020329482822207454, "repeat": 4, "number": 1}]}, "transform_coords.TransformCoords.time_tof_to_wavelength": {"result": [0.0015570107142853626], "stats": [{"ci_99": [0.0014151370786663472, 0.0016618085784772822], "q_25": 0.0015204672857050486, "q_75": 0.0015973542857149628, "min": 0.0014199074285800503, "max": 0.0015976244285736488, "mean": 0.0015384728285718146, "std": 6.586584036348425e-05, "repeat": 5, "number": 7}]}, "transform_coords.TransformCoords.time_wavelength_to_tof": {"result": [0.03502753600002961], "stats": [{"ci_99": [0.03402766832694591, 0.03644292247310465], "q_25": 0.03499556300005224, "q_75": 0.03548336999995172, "min": 0.03437382600009187, "max": 0.036296182000000954, "mean": 0.03523529540002528, "std": 0.0006371477856889458, "repeat": 5, "number": 1}]}}, "params": {"cpu": "2 Core CPU", "machine": "cloud-container", "os": "Ubuntu latest", "ram": "7GB", "python": "3.9", "appdirs": "", "cmake": "", "conan": "", "ess-dmsc::ess-streaming-data-types": "", "h5py": "", "ipykernel": "6.3.1", "ipympl": "", "ipywidgets": "", "mantid-framework": "", "matplotlib-base": "", "ninja": "", "numpy": "", "pip": "", "pooch": "", "python-configuration": "", "python-confluent-kafka": "", "pythreejs": "", "pyyaml": "", "scipp::scipp": "", "scipy": "", "tbb": ""}, "requirements": {"appdirs": "", "cmake": "", "conan": "", "ess-dmsc::ess-streaming-data-types": "", "h5py": "", "ipykernel": "6.3.1", "ipympl": "", "ipywidgets": "", "mantid-framework": "", "matplotlib-base": "", "ninja": "", "numpy": "", "pip": "", "pooch": "", "python-configuration": "", "python-confluent-kafka": "", "pythreejs": "", "pyyaml": "", "scipp::scipp": "", "scipy": "", "tbb": ""}, "commit_hash": "1ae74e77e447b6de05f33b84f44e9f7a1713525c", "date": 1634888285000, "env_name": "conda-py3.9-appdirs-cmake-conan-ess-dmsc__ess-streaming-data-types-h5py-ipykernel6.3.1-ipympl-ipywidgets-mantid-framework-matplotlib-base-ninja-numpy-pip-pooch-python-configuration-python-confluent-kafka-pythreejs-pyyaml-scipp__scipp-scipy-tbb", "python": "3.9", "profiles": {}, "started_at": {"load_nexus.LoadNexus.time_load_event_nexus": 1634948700481, "transform_coords.TransformCoords.time_energy_to_tof": 1634948711424, "transform_coords.TransformCoords.time_tof_to_dspacing": 1634948732138, "transform_coords.TransformCoords.time_tof_to_energy": 1634948752859, "transform_coords.TransformCoords.time_tof_to_wavelength": 1634948770567, "transform_coords.TransformCoords.time_wavelength_to_tof": 1634948787872}, "ended_at": {"load_nexus.LoadNexus.time_load_event_nexus": 1634948711423, "transform_coords.TransformCoords.time_energy_to_tof": 1634948732138, "transform_coords.TransformCoords.time_tof_to_dspacing": 1634948752858, "transform_coords.TransformCoords.time_tof_to_energy": 1634948770567, "transform_coords.TransformCoords.time_tof_to_wavelength": 1634948787871, "transform_coords.TransformCoords.time_wavelength_to_tof": 1634948805733}, "benchmark_version": {"load_nexus.LoadNexus.time_load_event_nexus": "9bb61e37c240f4221eff71f827efb0f1cfb5371f7c6b0e72f79b9ca92578e5e9", "transform_coords.TransformCoords.time_energy_to_tof": "f1ea8beffb41e75997f96056160ef6dd12d9afb53546d00f7e0cb2b307a616bb", "transform_coords.TransformCoords.time_tof_to_dspacing": "76d3e8bdf45621127e026f90298e8f292d01ddb57cb7caf05a5ce555a659d8ac", "transform_coords.TransformCoords.time_tof_to_energy": "32774381c7e0285d159959187b4537339285cc2573292bc6b39f5edd04d4bc0b", "transform_coords.TransformCoords.time_tof_to_wavelength": "46879c3a68b31604accd5a00f4187eb567d166242d70d944aa010a5d6f8de380", "transform_coords.TransformCoords.time_wavelength_to_tof": "d4710ab73daad9eb187b2c50c320802720ae09b880a656f3ac5284d75fea178b"}, "version": 1}