{"results": {"load_nexus.LoadNexus.time_load_event_nexus": {"result": [4.810759727999994], "stats": [{"ci_99": [4.535913308939893, 5.161893250393489], "q_25": 4.8076189335000095, "q_75": 4.871115850000024, "min": 4.804478139000025, "max": 4.931471972000054, "mean": 4.848903279666691, "std": 0.058441174442467055, "repeat": 3, "number": 1}]}, "transform_coords.TransformCoords.time_energy_to_tof": {"result": [0.0013699095833411927], "stats": [{"ci_99": [0.0013025268731262508, 0.0015274536666538552], "q_25": 0.0013495572083381073, "q_75": 0.0014233898333368227, "min": 0.0013469845000031455, "max": 0.0015274536666538552, "mean": 0.0013997078333353053, "std": 6.500701915082094e-05, "repeat": 6, "number": 6}]}, "transform_coords.TransformCoords.time_tof_to_dspacing": {"result": [0.03637329900001873], "stats": [{"ci_99": [0.035992504991305956, 0.03677711567534672], "q_25": 0.03618636324996771, "q_75": 0.03653269174999707, "min": 0.03608079799994357, "max": 0.036771592000036435, "mean": 0.036384810333326335, "std": 0.00023835818658584536, "repeat": 6, "number": 1}]}, "transform_coords.TransformCoords.time_tof_to_energy": {"result": [0.25917941250000354], "stats": [{"ci_99": [0.25715631504453074, 0.26455600799999957], "q_25": 0.25868640799998843, "q_75": 0.26020166424999047, "min": 0.2583347339999591, "max": 0.26455600799999957, "mean": 0.2600523424999892, "std": 0.002127487994955995, "repeat": 6, "number": 1}]}, "transform_coords.TransformCoords.time_tof_to_wavelength": {"result": [0.0013590179999975287], "stats": [{"ci_99": [0.0013317176666684343, 0.0013815473292789998], "q_25": 0.0013520679999980227, "q_75": 0.001368668250004627, "min": 0.0013317176666684343, "max": 0.0013777184999999765, "mean": 0.0013581847500003302, "std": 1.4854768223606383e-05, "repeat": 6, "number": 6}]}, "transform_coords.TransformCoords.time_wavelength_to_tof": {"result": [0.034161353999991206], "stats": [{"ci_99": [0.03388736739071816, 0.034485510609291815], "q_25": 0.034027228750005634, "q_75": 0.03429540725005609, "min": 0.0339950540000018, "max": 0.03447825999995757, "mean": 0.03418643900000499, "std": 0.0001777876120074971, "repeat": 6, "number": 1}]}}, "params": {"cpu": "2 Core CPU", "machine": "cloud-container", "os": "Ubuntu latest", "ram": "7GB", "python": "3.9", "appdirs": "", "cmake": "", "conan": "", "ess-dmsc::ess-streaming-data-types": "", "h5py": "", "ipykernel": "6.3.1", "ipympl": "", "ipywidgets": "", "mantid-framework": "", "matplotlib-base": "", "ninja": "", "numpy": "", "pip": "", "pooch": "", "python-configuration": "", "python-confluent-kafka": "", "pythreejs": "", "pyyaml": "", "scipp::scipp": "", "scipy": "", "tbb": ""}, "requirements": {"appdirs": "", "cmake": "", "conan": "", "ess-dmsc::ess-streaming-data-types": "", "h5py": "", "ipykernel": "6.3.1", "ipympl": "", "ipywidgets": "", "mantid-framework": "", "matplotlib-base": "", "ninja": "", "numpy": "", "pip": "", "pooch": "", "python-configuration": "", "python-confluent-kafka": "", "pythreejs": "", "pyyaml": "", "scipp::scipp": "", "scipy": "", "tbb": ""}, "commit_hash": "1ae74e77e447b6de05f33b84f44e9f7a1713525c", "date": 1634888285000, "env_name": "conda-py3.9-appdirs-cmake-conan-ess-dmsc__ess-streaming-data-types-h5py-ipykernel6.3.1-ipympl-ipywidgets-mantid-framework-matplotlib-base-ninja-numpy-pip-pooch-python-configuration-python-confluent-kafka-pythreejs-pyyaml-scipp__scipp-scipy-tbb", "python": "3.9", "profiles": {}, "started_at": {"load_nexus.LoadNexus.time_load_event_nexus": 1635128972902, "transform_coords.TransformCoords.time_energy_to_tof": 1635128988057, "transform_coords.TransformCoords.time_tof_to_dspacing": 1635129006661, "transform_coords.TransformCoords.time_tof_to_energy": 1635129025365, "transform_coords.TransformCoords.time_tof_to_wavelength": 1635129044919, "transform_coords.TransformCoords.time_wavelength_to_tof": 1635129063525}, "ended_at": {"load_nexus.LoadNexus.time_load_event_nexus": 1635128988057, "transform_coords.TransformCoords.time_energy_to_tof": 1635129006660, "transform_coords.TransformCoords.time_tof_to_dspacing": 1635129025364, "transform_coords.TransformCoords.time_tof_to_energy": 1635129044919, "transform_coords.TransformCoords.time_tof_to_wavelength": 1635129063524, "transform_coords.TransformCoords.time_wavelength_to_tof": 1635129082228}, "benchmark_version": {"load_nexus.LoadNexus.time_load_event_nexus": "9bb61e37c240f4221eff71f827efb0f1cfb5371f7c6b0e72f79b9ca92578e5e9", "transform_coords.TransformCoords.time_energy_to_tof": "f1ea8beffb41e75997f96056160ef6dd12d9afb53546d00f7e0cb2b307a616bb", "transform_coords.TransformCoords.time_tof_to_dspacing": "76d3e8bdf45621127e026f90298e8f292d01ddb57cb7caf05a5ce555a659d8ac", "transform_coords.TransformCoords.time_tof_to_energy": "32774381c7e0285d159959187b4537339285cc2573292bc6b39f5edd04d4bc0b", "transform_coords.TransformCoords.time_tof_to_wavelength": "46879c3a68b31604accd5a00f4187eb567d166242d70d944aa010a5d6f8de380", "transform_coords.TransformCoords.time_wavelength_to_tof": "d4710ab73daad9eb187b2c50c320802720ae09b880a656f3ac5284d75fea178b"}, "version": 1}