{"results": {"load_nexus.LoadNexus.time_load_event_nexus": {"result": [4.727981995999926], "stats": [{"ci_99": [4.442669656734219, 5.087439910599026], "q_25": 4.722714305499949, "q_75": 4.788858867999949, "min": 4.717446614999972, "max": 4.849735739999971, "mean": 4.765054783666623, "std": 0.06003275126879438, "repeat": 3, "number": 1}]}, "transform_coords.TransformCoords.time_energy_to_tof": {"result": [0.0013493600833385244], "stats": [{"ci_99": [0.0013201180000047923, 0.0013775456658377677], "q_25": 0.0013412267083315517, "q_75": 0.001359118708345856, "min": 0.0013201180000047923, "max": 0.001376668833330541, "mean": 0.0013493990277816516, "std": 1.7703031169044474e-05, "repeat": 6, "number": 6}]}, "transform_coords.TransformCoords.time_tof_to_dspacing": {"result": [0.036310121999974854], "stats": [{"ci_99": [0.035898245326773874, 0.036712798000053226], "q_25": 0.036157343750005566, "q_75": 0.03641501499996025, "min": 0.03589939300002243, "max": 0.036712798000053226, "mean": 0.03629813866666609, "std": 0.0002548335140209166, "repeat": 6, "number": 1}]}, "transform_coords.TransformCoords.time_tof_to_energy": {"result": [0.2595206309999867], "stats": [{"ci_99": [0.25167119398148025, 0.2837733970000045], "q_25": 0.25902253949999476, "q_75": 0.2686915139999826, "min": 0.2585885070000131, "max": 0.2837733970000045, "mean": 0.2653346916666616, "std": 0.009425888674450144, "repeat": 6, "number": 1}]}, "transform_coords.TransformCoords.time_tof_to_wavelength": {"result": [0.0013522670833386505], "stats": [{"ci_99": [0.0013431175310441444, 0.0013630183333361856], "q_25": 0.0013484891666687797, "q_75": 0.0013533690000002707, "min": 0.0013438848333369908, "max": 0.0013630183333361856, "mean": 0.0013520672500027964, "std": 5.935807912886497e-06, "repeat": 6, "number": 6}]}, "transform_coords.TransformCoords.time_wavelength_to_tof": {"result": [0.03408450299997412], "stats": [{"ci_99": [0.03381315699999732, 0.03437032320949223], "q_25": 0.03402826499996081, "q_75": 0.03424488375000578, "min": 0.03381315699999732, "max": 0.03430843500007086, "mean": 0.03409974349999819, "std": 0.00016811149745095576, "repeat": 6, "number": 1}]}}, "params": {"cpu": "2 Core CPU", "machine": "cloud-container", "os": "Ubuntu latest", "ram": "7GB", "python": "3.9", "appdirs": "", "cmake": "", "conan": "", "ess-dmsc::ess-streaming-data-types": "", "h5py": "", "ipykernel": "6.3.1", "ipympl": "", "ipywidgets": "", "mantid-framework": "", "matplotlib-base": "", "ninja": "", "numpy": "", "pip": "", "pooch": "", "python-configuration": "", "python-confluent-kafka": "", "pythreejs": "", "pyyaml": "", "scipp::scipp": "", "scipy": "", "tbb": ""}, "requirements": {"appdirs": "", "cmake": "", "conan": "", "ess-dmsc::ess-streaming-data-types": "", "h5py": "", "ipykernel": "6.3.1", "ipympl": "", "ipywidgets": "", "mantid-framework": "", "matplotlib-base": "", "ninja": "", "numpy": "", "pip": "", "pooch": "", "python-configuration": "", "python-confluent-kafka": "", "pythreejs": "", "pyyaml": "", "scipp::scipp": "", "scipy": "", "tbb": ""}, "commit_hash": "1ae74e77e447b6de05f33b84f44e9f7a1713525c", "date": 1634888285000, "env_name": "conda-py3.9-appdirs-cmake-conan-ess-dmsc__ess-streaming-data-types-h5py-ipykernel6.3.1-ipympl-ipywidgets-mantid-framework-matplotlib-base-ninja-numpy-pip-pooch-python-configuration-python-confluent-kafka-pythreejs-pyyaml-scipp__scipp-scipy-tbb", "python": "3.9", "profiles": {}, "started_at": {"load_nexus.LoadNexus.time_load_event_nexus": 1634998208794, "transform_coords.TransformCoords.time_energy_to_tof": 1634998223742, "transform_coords.TransformCoords.time_tof_to_dspacing": 1634998242403, "transform_coords.TransformCoords.time_tof_to_energy": 1634998261163, "transform_coords.TransformCoords.time_tof_to_wavelength": 1634998281424, "transform_coords.TransformCoords.time_wavelength_to_tof": 1634998300228}, "ended_at": {"load_nexus.LoadNexus.time_load_event_nexus": 1634998223741, "transform_coords.TransformCoords.time_energy_to_tof": 1634998242403, "transform_coords.TransformCoords.time_tof_to_dspacing": 1634998261163, "transform_coords.TransformCoords.time_tof_to_energy": 1634998281424, "transform_coords.TransformCoords.time_tof_to_wavelength": 1634998300228, "transform_coords.TransformCoords.time_wavelength_to_tof": 1634998318937}, "benchmark_version": {"load_nexus.LoadNexus.time_load_event_nexus": "9bb61e37c240f4221eff71f827efb0f1cfb5371f7c6b0e72f79b9ca92578e5e9", "transform_coords.TransformCoords.time_energy_to_tof": "f1ea8beffb41e75997f96056160ef6dd12d9afb53546d00f7e0cb2b307a616bb", "transform_coords.TransformCoords.time_tof_to_dspacing": "76d3e8bdf45621127e026f90298e8f292d01ddb57cb7caf05a5ce555a659d8ac", "transform_coords.TransformCoords.time_tof_to_energy": "32774381c7e0285d159959187b4537339285cc2573292bc6b39f5edd04d4bc0b", "transform_coords.TransformCoords.time_tof_to_wavelength": "46879c3a68b31604accd5a00f4187eb567d166242d70d944aa010a5d6f8de380", "transform_coords.TransformCoords.time_wavelength_to_tof": "d4710ab73daad9eb187b2c50c320802720ae09b880a656f3ac5284d75fea178b"}, "version": 1}