{"results": {"load_nexus.LoadNexus.time_load_event_nexus": {"result": [5.22678433599998], "stats": [{"ci_99": [-2.508438064000927, 12.96200673600088], "q_25": 5.149432111999971, "q_75": 5.304136559999989, "min": 5.072079887999962, "max": 5.381488783999998, "mean": 5.22678433599998, "std": 0.15470444800001815, "repeat": 2, "number": 1}]}, "transform_coords.TransformCoords.time_energy_to_tof": {"result": [0.0016951153999968938], "stats": [{"ci_99": [0.0014947108786223394, 0.0018962286213743084], "q_25": 0.0016542822499957311, "q_75": 0.0017363028999994865, "min": 0.0015947198000048957, "max": 0.0017969283999946129, "mean": 0.001695469749998324, "std": 7.301523487079373e-05, "repeat": 4, "number": 5}]}, "transform_coords.TransformCoords.time_tof_to_dspacing": {"result": [0.04111016350003638], "stats": [{"ci_99": [0.036428369287325436, 0.045407757712677126], "q_25": 0.03981153774995505, "q_75": 0.042216689250082595, "min": 0.038726823999923, "max": 0.04272510300000931, "mean": 0.04091806350000127, "std": 0.0015729645095745846, "repeat": 4, "number": 1}]}, "transform_coords.TransformCoords.time_tof_to_energy": {"result": [0.3216866555000024], "stats": [{"ci_99": [0.2995583047195939, 0.3445550247804503], "q_25": 0.3152584412499664, "q_75": 0.32848487900005807, "min": 0.3130704129999913, "max": 0.33178293500009204, "mean": 0.32205666475002204, "std": 0.007755339127506981, "repeat": 4, "number": 1}]}, "transform_coords.TransformCoords.time_tof_to_wavelength": {"result": [0.0016356994000034319], "stats": [{"ci_99": [0.0014639617933577167, 0.0018555203066474711], "q_25": 0.0016184118000012403, "q_75": 0.0016770286500047862, "min": 0.0015810749999900509, "max": 0.0017864904000134628, "mean": 0.0016597410500025947, "std": 7.657779859412305e-05, "repeat": 4, "number": 5}]}, "transform_coords.TransformCoords.time_wavelength_to_tof": {"result": [0.03590922200004343], "stats": [{"ci_99": [0.03263315895579983, 0.04080278954424836], "q_25": 0.03557640025002229, "q_75": 0.03705079600004524, "min": 0.035507080000002134, "max": 0.039546373000007407, "mean": 0.0367179742500241, "std": 0.0016557559859327745, "repeat": 4, "number": 1}]}}, "params": {"cpu": "2 Core CPU", "machine": "cloud-container", "os": "Ubuntu latest", "ram": "7GB", "python": "3.9", "appdirs": "", "cmake": "", "conan": "", "ess-dmsc::ess-streaming-data-types": "", "h5py": "", "ipykernel": "6.3.1", "ipympl": "", "ipywidgets": "", "mantid-framework": "", "matplotlib-base": "", "ninja": "", "numpy": "", "pip": "", "pooch": "", "python-configuration": "", "python-confluent-kafka": "", "pythreejs": "", "pyyaml": "", "scipp::scipp": "", "scipy": "", "tbb": ""}, "requirements": {"appdirs": "", "cmake": "", "conan": "", "ess-dmsc::ess-streaming-data-types": "", "h5py": "", "ipykernel": "6.3.1", "ipympl": "", "ipywidgets": "", "mantid-framework": "", "matplotlib-base": "", "ninja": "", "numpy": "", "pip": "", "pooch": "", "python-configuration": "", "python-confluent-kafka": "", "pythreejs": "", "pyyaml": "", "scipp::scipp": "", "scipy": "", "tbb": ""}, "commit_hash": "1ae74e77e447b6de05f33b84f44e9f7a1713525c", "date": 1634888285000, "env_name": "conda-py3.9-appdirs-cmake-conan-ess-dmsc__ess-streaming-data-types-h5py-ipykernel6.3.1-ipympl-ipywidgets-mantid-framework-matplotlib-base-ninja-numpy-pip-pooch-python-configuration-python-confluent-kafka-pythreejs-pyyaml-scipp__scipp-scipy-tbb", "python": "3.9", "profiles": {}, "started_at": {"load_nexus.LoadNexus.time_load_event_nexus": 1635109828601, "transform_coords.TransformCoords.time_energy_to_tof": 1635109839494, "transform_coords.TransformCoords.time_tof_to_dspacing": 1635109856701, "transform_coords.TransformCoords.time_tof_to_energy": 1635109874063, "transform_coords.TransformCoords.time_tof_to_wavelength": 1635109892233, "transform_coords.TransformCoords.time_wavelength_to_tof": 1635109909738}, "ended_at": {"load_nexus.LoadNexus.time_load_event_nexus": 1635109839493, "transform_coords.TransformCoords.time_energy_to_tof": 1635109856700, "transform_coords.TransformCoords.time_tof_to_dspacing": 1635109874062, "transform_coords.TransformCoords.time_tof_to_energy": 1635109892232, "transform_coords.TransformCoords.time_tof_to_wavelength": 1635109909738, "transform_coords.TransformCoords.time_wavelength_to_tof": 1635109927705}, "benchmark_version": {"load_nexus.LoadNexus.time_load_event_nexus": "9bb61e37c240f4221eff71f827efb0f1cfb5371f7c6b0e72f79b9ca92578e5e9", "transform_coords.TransformCoords.time_energy_to_tof": "f1ea8beffb41e75997f96056160ef6dd12d9afb53546d00f7e0cb2b307a616bb", "transform_coords.TransformCoords.time_tof_to_dspacing": "76d3e8bdf45621127e026f90298e8f292d01ddb57cb7caf05a5ce555a659d8ac", "transform_coords.TransformCoords.time_tof_to_energy": "32774381c7e0285d159959187b4537339285cc2573292bc6b39f5edd04d4bc0b", "transform_coords.TransformCoords.time_tof_to_wavelength": "46879c3a68b31604accd5a00f4187eb567d166242d70d944aa010a5d6f8de380", "transform_coords.TransformCoords.time_wavelength_to_tof": "d4710ab73daad9eb187b2c50c320802720ae09b880a656f3ac5284d75fea178b"}, "version": 1}