{"results": {"load_nexus.LoadNexus.time_load_event_nexus": {"result": [5.816289433999998], "stats": [{"ci_99": [4.459600333998935, 7.17297853400106], "q_25": 5.802722542999987, "q_75": 5.829856325000009, "min": 5.789155651999977, "max": 5.843423216000019, "mean": 5.816289433999998, "std": 0.027133782000021256, "repeat": 2, "number": 1}]}, "transform_coords.TransformCoords.time_energy_to_tof": {"result": [0.001816835500005709], "stats": [{"ci_99": [0.0013354247425858125, 0.0024966035574217347], "q_25": 0.0017847508500040024, "q_75": 0.001948098800005482, "min": 0.0017132166000010328, "max": 0.0023171690000026502, "mean": 0.0019160141500037752, "std": 0.00023551043559662921, "repeat": 4, "number": 5}]}, "transform_coords.TransformCoords.time_tof_to_dspacing": {"result": [0.050401149000038004], "stats": [{"ci_99": [0.046194563641733494, 0.055706882858260594], "q_25": 0.049502099999983784, "q_75": 0.051849772250051274, "min": 0.04932393299998239, "max": 0.05367666199992982, "mean": 0.050950723249997054, "std": 0.0017386280604074318, "repeat": 4, "number": 1}]}, "transform_coords.TransformCoords.time_tof_to_energy": {"result": [0.3704178174999697], "stats": [{"ci_99": [0.34421988851951707, 0.40947646698040896], "q_25": 0.36751236275000565, "q_75": 0.3797536324999271, "min": 0.3673245859999952, "max": 0.39923248999991756, "mean": 0.37684817774996304, "std": 0.01313981578067471, "repeat": 4, "number": 1}]}, "transform_coords.TransformCoords.time_tof_to_wavelength": {"result": [0.0018415249000099721], "stats": [{"ci_99": [0.0015862173168770938, 0.0021776615831313275], "q_25": 0.0018074706000106742, "q_75": 0.0019159937500035085, "min": 0.0017719962000001034, "max": 0.002072711799996796, "mean": 0.0018819394500042108, "std": 0.0001148222330232226, "repeat": 4, "number": 5}]}, "transform_coords.TransformCoords.time_wavelength_to_tof": {"result": [0.04721091150003076], "stats": [{"ci_99": [0.03712285753092268, 0.05817915446912478], "q_25": 0.044840619000041215, "q_75": 0.050021298500013245, "min": 0.04316401799997038, "max": 0.05301818300006289, "mean": 0.0476510060000237, "std": 0.0037379653985849673, "repeat": 4, "number": 1}]}}, "params": {"cpu": "2 Core CPU", "machine": "cloud-container", "os": "Ubuntu latest", "ram": "7GB", "python": "3.9", "appdirs": "", "cmake": "", "conan": "", "ess-dmsc::ess-streaming-data-types": "", "h5py": "", "ipykernel": "6.3.1", "ipympl": "", "ipywidgets": "", "mantid-framework": "", "matplotlib-base": "", "ninja": "", "numpy": "", "pip": "", "pooch": "", "python-configuration": "", "python-confluent-kafka": "", "pythreejs": "", "pyyaml": "", "scipp::scipp": "", "scipy": "", "tbb": ""}, "requirements": {"appdirs": "", "cmake": "", "conan": "", "ess-dmsc::ess-streaming-data-types": "", "h5py": "", "ipykernel": "6.3.1", "ipympl": "", "ipywidgets": "", "mantid-framework": "", "matplotlib-base": "", "ninja": "", "numpy": "", "pip": "", "pooch": "", "python-configuration": "", "python-confluent-kafka": "", "pythreejs": "", "pyyaml": "", "scipp::scipp": "", "scipy": "", "tbb": ""}, "commit_hash": "1ae74e77e447b6de05f33b84f44e9f7a1713525c", "date": 1634888285000, "env_name": "conda-py3.9-appdirs-cmake-conan-ess-dmsc__ess-streaming-data-types-h5py-ipykernel6.3.1-ipympl-ipywidgets-mantid-framework-matplotlib-base-ninja-numpy-pip-pooch-python-configuration-python-confluent-kafka-pythreejs-pyyaml-scipp__scipp-scipy-tbb", "python": "3.9", "profiles": {}, "started_at": {"load_nexus.LoadNexus.time_load_event_nexus": 1635005641139, "transform_coords.TransformCoords.time_energy_to_tof": 1635005653529, "transform_coords.TransformCoords.time_tof_to_dspacing": 1635005673486, "transform_coords.TransformCoords.time_tof_to_energy": 1635005694595, "transform_coords.TransformCoords.time_tof_to_wavelength": 1635005716209, "transform_coords.TransformCoords.time_wavelength_to_tof": 1635005737978}, "ended_at": {"load_nexus.LoadNexus.time_load_event_nexus": 1635005653528, "transform_coords.TransformCoords.time_energy_to_tof": 1635005673486, "transform_coords.TransformCoords.time_tof_to_dspacing": 1635005694595, "transform_coords.TransformCoords.time_tof_to_energy": 1635005716209, "transform_coords.TransformCoords.time_tof_to_wavelength": 1635005737978, "transform_coords.TransformCoords.time_wavelength_to_tof": 1635005758332}, "benchmark_version": {"load_nexus.LoadNexus.time_load_event_nexus": "9bb61e37c240f4221eff71f827efb0f1cfb5371f7c6b0e72f79b9ca92578e5e9", "transform_coords.TransformCoords.time_energy_to_tof": "f1ea8beffb41e75997f96056160ef6dd12d9afb53546d00f7e0cb2b307a616bb", "transform_coords.TransformCoords.time_tof_to_dspacing": "76d3e8bdf45621127e026f90298e8f292d01ddb57cb7caf05a5ce555a659d8ac", "transform_coords.TransformCoords.time_tof_to_energy": "32774381c7e0285d159959187b4537339285cc2573292bc6b39f5edd04d4bc0b", "transform_coords.TransformCoords.time_tof_to_wavelength": "46879c3a68b31604accd5a00f4187eb567d166242d70d944aa010a5d6f8de380", "transform_coords.TransformCoords.time_wavelength_to_tof": "d4710ab73daad9eb187b2c50c320802720ae09b880a656f3ac5284d75fea178b"}, "version": 1}