{"results": {"load_nexus.LoadNexus.time_load_event_nexus": {"result": [4.737244243500015], "stats": [{"ci_99": [4.655059451030129, 4.818654934469887], "q_25": 4.7246462170000285, "q_75": 4.749455219249995, "min": 4.693199062000019, "max": 4.779741221999984, "mean": 4.7368571927500085, "std": 0.030636268701389684, "repeat": 4, "number": 1}]}, "transform_coords.TransformCoords.time_energy_to_tof": {"result": [0.0013359576666639819], "stats": [{"ci_99": [0.0013143683967664146, 0.001385076214339228], "q_25": 0.0013329030833280815, "q_75": 0.0013692263749973677, "min": 0.0013311071666635144, "max": 0.0013831105000008392, "mean": 0.0013497223055528214, "std": 2.247774258057974e-05, "repeat": 6, "number": 6}]}, "transform_coords.TransformCoords.time_tof_to_dspacing": {"result": [0.034129936499994074], "stats": [{"ci_99": [0.03387072099997113, 0.03435672599994177], "q_25": 0.03404452699999183, "q_75": 0.03416342575000897, "min": 0.03387072099997113, "max": 0.03435672599994177, "mean": 0.03411299433331768, "std": 0.00014810333156036376, "repeat": 6, "number": 1}]}, "transform_coords.TransformCoords.time_tof_to_energy": {"result": [0.25619394399998896], "stats": [{"ci_99": [0.25241797644370917, 0.27169029800006683], "q_25": 0.2559948837499917, "q_75": 0.25641553424999586, "min": 0.2558261280000238, "max": 0.27169029800006683, "mean": 0.25872037366667655, "std": 0.005804022514673955, "repeat": 6, "number": 1}]}, "transform_coords.TransformCoords.time_tof_to_wavelength": {"result": [0.0013254159999955089], "stats": [{"ci_99": [0.001315145464482474, 0.0013361976466272065], "q_25": 0.0013205701249982364, "q_75": 0.0013300368749990337, "min": 0.0013171741666724301, "max": 0.00133549116666624, "mean": 0.0013256715555548405, "std": 6.340421155805666e-06, "repeat": 6, "number": 6}]}, "transform_coords.TransformCoords.time_wavelength_to_tof": {"result": [0.03258049749999259], "stats": [{"ci_99": [0.031778038070672344, 0.033067732262634174], "q_25": 0.032077243499969654, "q_75": 0.03276795350004136, "min": 0.031841780999968705, "max": 0.03279460399994605, "mean": 0.03242288516665326, "std": 0.0003902306940605354, "repeat": 6, "number": 1}]}}, "params": {"cpu": "2 Core CPU", "machine": "cloud-container", "os": "Ubuntu latest", "ram": "7GB", "python": "3.9", "appdirs": "", "cmake": "", "conan": "", "ess-dmsc::ess-streaming-data-types": "", "h5py": "", "ipykernel": "6.3.1", "ipympl": "", "ipywidgets": "", "mantid-framework": "", "matplotlib-base": "", "ninja": "", "numpy": "", "pip": "", "pooch": "", "python-configuration": "", "python-confluent-kafka": "", "pythreejs": "", "pyyaml": "", "scipp::scipp": "", "scipy": "", "tbb": ""}, "requirements": {"appdirs": "", "cmake": "", "conan": "", "ess-dmsc::ess-streaming-data-types": "", "h5py": "", "ipykernel": "6.3.1", "ipympl": "", "ipywidgets": "", "mantid-framework": "", "matplotlib-base": "", "ninja": "", "numpy": "", "pip": "", "pooch": "", "python-configuration": "", "python-confluent-kafka": "", "pythreejs": "", "pyyaml": "", "scipp::scipp": "", "scipy": "", "tbb": ""}, "commit_hash": "1ae74e77e447b6de05f33b84f44e9f7a1713525c", "date": 1634888285000, "env_name": "conda-py3.9-appdirs-cmake-conan-ess-dmsc__ess-streaming-data-types-h5py-ipykernel6.3.1-ipympl-ipywidgets-mantid-framework-matplotlib-base-ninja-numpy-pip-pooch-python-configuration-python-confluent-kafka-pythreejs-pyyaml-scipp__scipp-scipy-tbb", "python": "3.9", "profiles": {}, "started_at": {"load_nexus.LoadNexus.time_load_event_nexus": 1634929790081, "transform_coords.TransformCoords.time_energy_to_tof": 1634929805033, "transform_coords.TransformCoords.time_tof_to_dspacing": 1634929823739, "transform_coords.TransformCoords.time_tof_to_energy": 1634929842444, "transform_coords.TransformCoords.time_tof_to_wavelength": 1634929862002, "transform_coords.TransformCoords.time_wavelength_to_tof": 1634929880609}, "ended_at": {"load_nexus.LoadNexus.time_load_event_nexus": 1634929805032, "transform_coords.TransformCoords.time_energy_to_tof": 1634929823738, "transform_coords.TransformCoords.time_tof_to_dspacing": 1634929842444, "transform_coords.TransformCoords.time_tof_to_energy": 1634929862002, "transform_coords.TransformCoords.time_tof_to_wavelength": 1634929880609, "transform_coords.TransformCoords.time_wavelength_to_tof": 1634929899416}, "benchmark_version": {"load_nexus.LoadNexus.time_load_event_nexus": "9bb61e37c240f4221eff71f827efb0f1cfb5371f7c6b0e72f79b9ca92578e5e9", "transform_coords.TransformCoords.time_energy_to_tof": "f1ea8beffb41e75997f96056160ef6dd12d9afb53546d00f7e0cb2b307a616bb", "transform_coords.TransformCoords.time_tof_to_dspacing": "76d3e8bdf45621127e026f90298e8f292d01ddb57cb7caf05a5ce555a659d8ac", "transform_coords.TransformCoords.time_tof_to_energy": "32774381c7e0285d159959187b4537339285cc2573292bc6b39f5edd04d4bc0b", "transform_coords.TransformCoords.time_tof_to_wavelength": "46879c3a68b31604accd5a00f4187eb567d166242d70d944aa010a5d6f8de380", "transform_coords.TransformCoords.time_wavelength_to_tof": "d4710ab73daad9eb187b2c50c320802720ae09b880a656f3ac5284d75fea178b"}, "version": 1}