{"results": {"load_nexus.LoadNexus.time_load_event_nexus": {"result": [5.674882479500013], "stats": [{"ci_99": [5.384435804501834, 5.965329154498193], "q_25": 5.671978012750031, "q_75": 5.677786946249995, "min": 5.66907354600005, "max": 5.680691412999977, "mean": 5.674882479500013, "std": 0.005808933499963587, "repeat": 2, "number": 1}]}, "transform_coords.TransformCoords.time_energy_to_tof": {"result": [0.0016809184000010193], "stats": [{"ci_99": [0.001532183034880093, 0.001811692365122978], "q_25": 0.0016549166000032758, "q_75": 0.0016979394999992793, "min": 0.001589271800003189, "max": 0.0017366422000009152, "mean": 0.0016719377000015355, "std": 5.2951820987833186e-05, "repeat": 4, "number": 5}]}, "transform_coords.TransformCoords.time_tof_to_dspacing": {"result": [0.037713137999958235], "stats": [{"ci_99": [0.03375676075328402, 0.04408828324667336], "q_25": 0.03759406924996256, "q_75": 0.039041590749974375, "min": 0.03756084200006171, "max": 0.04270296999993661, "mean": 0.0389225219999787, "std": 0.0021848629131870677, "repeat": 4, "number": 1}]}, "transform_coords.TransformCoords.time_tof_to_energy": {"result": [0.30832023950000575], "stats": [{"ci_99": [0.296211074059861, 0.3250350419401479], "q_25": 0.306499129499997, "q_75": 0.3124441680000132, "min": 0.3059107499999527, "max": 0.31994100300005357, "mean": 0.31062305800000445, "std": 0.0055883144719510395, "repeat": 4, "number": 1}]}, "transform_coords.TransformCoords.time_tof_to_wavelength": {"result": [0.001779074999990371], "stats": [{"ci_99": [0.0011509969891031328, 0.0026239755108994744], "q_25": 0.0017173345499884361, "q_75": 0.001949226700003237, "min": 0.0016132722000065769, "max": 0.0023785228000178906, "mean": 0.0018874862500013025, "std": 0.0002920958603538538, "repeat": 4, "number": 5}]}, "transform_coords.TransformCoords.time_wavelength_to_tof": {"result": [0.036877083500030494], "stats": [{"ci_99": [0.034019938531545516, 0.04000799846843703], "q_25": 0.036074606750020166, "q_75": 0.03781644525000161, "min": 0.035901133999914236, "max": 0.03840057299998989, "mean": 0.03701396849999128, "std": 0.0010377333908385064, "repeat": 4, "number": 1}]}}, "params": {"cpu": "2 Core CPU", "machine": "cloud-container", "os": "Ubuntu latest", "ram": "7GB", "python": "3.9", "appdirs": "", "cmake": "", "conan": "", "ess-dmsc::ess-streaming-data-types": "", "h5py": "", "ipykernel": "6.3.1", "ipympl": "", "ipywidgets": "", "mantid-framework": "", "matplotlib-base": "", "ninja": "", "numpy": "", "pip": "", "pooch": "", "python-configuration": "", "python-confluent-kafka": "", "pythreejs": "", "pyyaml": "", "scipp::scipp": "", "scipy": "", "tbb": ""}, "requirements": {"appdirs": "", "cmake": "", "conan": "", "ess-dmsc::ess-streaming-data-types": "", "h5py": "", "ipykernel": "6.3.1", "ipympl": "", "ipywidgets": "", "mantid-framework": "", "matplotlib-base": "", "ninja": "", "numpy": "", "pip": "", "pooch": "", "python-configuration": "", "python-confluent-kafka": "", "pythreejs": "", "pyyaml": "", "scipp::scipp": "", "scipy": "", "tbb": ""}, "commit_hash": "1ae74e77e447b6de05f33b84f44e9f7a1713525c", "date": 1634888285000, "env_name": "conda-py3.9-appdirs-cmake-conan-ess-dmsc__ess-streaming-data-types-h5py-ipykernel6.3.1-ipympl-ipywidgets-mantid-framework-matplotlib-base-ninja-numpy-pip-pooch-python-configuration-python-confluent-kafka-pythreejs-pyyaml-scipp__scipp-scipy-tbb", "python": "3.9", "profiles": {}, "started_at": {"load_nexus.LoadNexus.time_load_event_nexus": 1635066706006, "transform_coords.TransformCoords.time_energy_to_tof": 1635066717949, "transform_coords.TransformCoords.time_tof_to_dspacing": 1635066735453, "transform_coords.TransformCoords.time_tof_to_energy": 1635066753363, "transform_coords.TransformCoords.time_tof_to_wavelength": 1635066771682, "transform_coords.TransformCoords.time_wavelength_to_tof": 1635066788985}, "ended_at": {"load_nexus.LoadNexus.time_load_event_nexus": 1635066717948, "transform_coords.TransformCoords.time_energy_to_tof": 1635066735453, "transform_coords.TransformCoords.time_tof_to_dspacing": 1635066753363, "transform_coords.TransformCoords.time_tof_to_energy": 1635066771682, "transform_coords.TransformCoords.time_tof_to_wavelength": 1635066788985, "transform_coords.TransformCoords.time_wavelength_to_tof": 1635066806452}, "benchmark_version": {"load_nexus.LoadNexus.time_load_event_nexus": "9bb61e37c240f4221eff71f827efb0f1cfb5371f7c6b0e72f79b9ca92578e5e9", "transform_coords.TransformCoords.time_energy_to_tof": "f1ea8beffb41e75997f96056160ef6dd12d9afb53546d00f7e0cb2b307a616bb", "transform_coords.TransformCoords.time_tof_to_dspacing": "76d3e8bdf45621127e026f90298e8f292d01ddb57cb7caf05a5ce555a659d8ac", "transform_coords.TransformCoords.time_tof_to_energy": "32774381c7e0285d159959187b4537339285cc2573292bc6b39f5edd04d4bc0b", "transform_coords.TransformCoords.time_tof_to_wavelength": "46879c3a68b31604accd5a00f4187eb567d166242d70d944aa010a5d6f8de380", "transform_coords.TransformCoords.time_wavelength_to_tof": "d4710ab73daad9eb187b2c50c320802720ae09b880a656f3ac5284d75fea178b"}, "version": 1}