{"results": {"load_nexus.LoadNexus.time_load_event_nexus": {"result": [4.737310111999989], "stats": [{"ci_99": [4.418379617539441, 5.0564950384605565], "q_25": 4.684388426999959, "q_75": 4.790359013000028, "min": 4.570221275999984, "max": 4.904907812000033, "mean": 4.737437327999999, "std": 0.11879562011565817, "repeat": 4, "number": 1}]}, "transform_coords.TransformCoords.time_energy_to_tof": {"result": [0.001416885166662496], "stats": [{"ci_99": [0.0012474151666689675, 0.0015366438432311352], "q_25": 0.0013862459583341054, "q_75": 0.0014537471249932803, "min": 0.0012474151666689675, "max": 0.0015268681666687673, "mean": 0.0014083534999984853, "std": 8.569762515762797e-05, "repeat": 6, "number": 6}]}, "transform_coords.TransformCoords.time_tof_to_dspacing": {"result": [0.03647675000001982], "stats": [{"ci_99": [0.035530730367347226, 0.03877495500000805], "q_25": 0.036312451249997935, "q_75": 0.037015682749938605, "min": 0.03594836399997803, "max": 0.03877495500000805, "mean": 0.036854971833321315, "std": 0.0009366506512588368, "repeat": 6, "number": 1}]}, "transform_coords.TransformCoords.time_tof_to_energy": {"result": [0.25854959149998535], "stats": [{"ci_99": [0.25126910799997404, 0.2629800935086305], "q_25": 0.25635694650000573, "q_75": 0.2605843809999868, "min": 0.25126910799997404, "max": 0.26091667899993354, "mean": 0.25769561316664635, "std": 0.0033845370204168734, "repeat": 6, "number": 1}]}, "transform_coords.TransformCoords.time_tof_to_wavelength": {"result": [0.0012939083571430793], "stats": [{"ci_99": [0.0012079461576035492, 0.001408022985249586], "q_25": 0.001270072392864157, "q_75": 0.0013600658571379298, "min": 0.0012223141428486478, "max": 0.0013935311428505365, "mean": 0.0013079845714265676, "std": 6.047433514215718e-05, "repeat": 6, "number": 7}]}, "transform_coords.TransformCoords.time_wavelength_to_tof": {"result": [0.033912493999991966], "stats": [{"ci_99": [0.03298238599995784, 0.03496141699997679], "q_25": 0.03383519050001382, "q_75": 0.034213469249976924, "min": 0.03298238599995784, "max": 0.03496141699997679, "mean": 0.0339820013333186, "std": 0.0005916513084055735, "repeat": 6, "number": 1}]}}, "params": {"cpu": "2 Core CPU", "machine": "cloud-container", "os": "Ubuntu latest", "ram": "7GB", "python": "3.9", "appdirs": "", "cmake": "", "conan": "", "ess-dmsc::ess-streaming-data-types": "", "h5py": "", "ipykernel": "6.3.1", "ipympl": "", "ipywidgets": "", "mantid-framework": "", "matplotlib-base": "", "ninja": "", "numpy": "", "pip": "", "pooch": "", "python-configuration": "", "python-confluent-kafka": "", "pythreejs": "", "pyyaml": "", "scipp::scipp": "", "scipy": "", "tbb": ""}, "requirements": {"appdirs": "", "cmake": "", "conan": "", "ess-dmsc::ess-streaming-data-types": "", "h5py": "", "ipykernel": "6.3.1", "ipympl": "", "ipywidgets": "", "mantid-framework": "", "matplotlib-base": "", "ninja": "", "numpy": "", "pip": "", "pooch": "", "python-configuration": "", "python-confluent-kafka": "", "pythreejs": "", "pyyaml": "", "scipp::scipp": "", "scipy": "", "tbb": ""}, "commit_hash": "1ae74e77e447b6de05f33b84f44e9f7a1713525c", "date": 1634888285000, "env_name": "conda-py3.9-appdirs-cmake-conan-ess-dmsc__ess-streaming-data-types-h5py-ipykernel6.3.1-ipympl-ipywidgets-mantid-framework-matplotlib-base-ninja-numpy-pip-pooch-python-configuration-python-confluent-kafka-pythreejs-pyyaml-scipp__scipp-scipy-tbb", "python": "3.9", "profiles": {}, "started_at": {"load_nexus.LoadNexus.time_load_event_nexus": 1634954416646, "transform_coords.TransformCoords.time_energy_to_tof": 1634954431949, "transform_coords.TransformCoords.time_tof_to_dspacing": 1634954450204, "transform_coords.TransformCoords.time_tof_to_energy": 1634954468561, "transform_coords.TransformCoords.time_tof_to_wavelength": 1634954487723, "transform_coords.TransformCoords.time_wavelength_to_tof": 1634954506481}, "ended_at": {"load_nexus.LoadNexus.time_load_event_nexus": 1634954431948, "transform_coords.TransformCoords.time_energy_to_tof": 1634954450204, "transform_coords.TransformCoords.time_tof_to_dspacing": 1634954468561, "transform_coords.TransformCoords.time_tof_to_energy": 1634954487722, "transform_coords.TransformCoords.time_tof_to_wavelength": 1634954506481, "transform_coords.TransformCoords.time_wavelength_to_tof": 1634954525439}, "benchmark_version": {"load_nexus.LoadNexus.time_load_event_nexus": "9bb61e37c240f4221eff71f827efb0f1cfb5371f7c6b0e72f79b9ca92578e5e9", "transform_coords.TransformCoords.time_energy_to_tof": "f1ea8beffb41e75997f96056160ef6dd12d9afb53546d00f7e0cb2b307a616bb", "transform_coords.TransformCoords.time_tof_to_dspacing": "76d3e8bdf45621127e026f90298e8f292d01ddb57cb7caf05a5ce555a659d8ac", "transform_coords.TransformCoords.time_tof_to_energy": "32774381c7e0285d159959187b4537339285cc2573292bc6b39f5edd04d4bc0b", "transform_coords.TransformCoords.time_tof_to_wavelength": "46879c3a68b31604accd5a00f4187eb567d166242d70d944aa010a5d6f8de380", "transform_coords.TransformCoords.time_wavelength_to_tof": "d4710ab73daad9eb187b2c50c320802720ae09b880a656f3ac5284d75fea178b"}, "version": 1}