{"results": {"load_nexus.LoadNexus.time_load_event_nexus": {"result": [5.352895677499987], "stats": [{"ci_99": [4.850113052499978, 5.855678302499996], "q_25": 5.347867851249987, "q_75": 5.357923503749987, "min": 5.342840024999987, "max": 5.362951329999987, "mean": 5.352895677499987, "std": 0.010055652500000178, "repeat": 2, "number": 1}]}, "transform_coords.TransformCoords.time_energy_to_tof": {"result": [0.0016129455000054803], "stats": [{"ci_99": [0.0014775559808993647, 0.0017703064190970285], "q_25": 0.001576373450001256, "q_75": 0.001660503250002421, "min": 0.0015738835999854928, "max": 0.0016959501999963323, "mean": 0.0016239311999981965, "std": 5.1205139539639306e-05, "repeat": 4, "number": 5}]}, "transform_coords.TransformCoords.time_tof_to_dspacing": {"result": [0.03778690149999875], "stats": [{"ci_99": [0.036954703307843416, 0.0385592546921443], "q_25": 0.03754738600002838, "q_75": 0.03799649449996423, "min": 0.03738058900000851, "max": 0.03807352399996944, "mean": 0.03775697899999386, "std": 0.00027897645018416025, "repeat": 4, "number": 1}]}, "transform_coords.TransformCoords.time_tof_to_energy": {"result": [0.3002420514999926], "stats": [{"ci_99": [0.2898540666712376, 0.31065689182872963], "q_25": 0.298615913749984, "q_75": 0.3018816169999923, "min": 0.294781262000015, "max": 0.30575655199993435, "mean": 0.30025547924998364, "std": 0.003888165179673802, "repeat": 4, "number": 1}]}, "transform_coords.TransformCoords.time_tof_to_wavelength": {"result": [0.0015910942000004979], "stats": [{"ci_99": [0.0015771677391092115, 0.0016048008608856774], "q_25": 0.0015877138500002275, "q_75": 0.001594364649997715, "min": 0.0015843239999867365, "max": 0.0015974248000020451, "mean": 0.0015909842999974446, "std": 4.898785381224463e-06, "repeat": 4, "number": 5}]}, "transform_coords.TransformCoords.time_wavelength_to_tof": {"result": [0.0351626180000153], "stats": [{"ci_99": [0.03469189116389725, 0.035635492836154754], "q_25": 0.035004232750026176, "q_75": 0.03532207725001513, "min": 0.034998757000039404, "max": 0.03533077500003401, "mean": 0.035163692000026, "std": 0.00016135725677843778, "repeat": 4, "number": 1}]}}, "params": {"cpu": "2 Core CPU", "machine": "cloud-container", "os": "Ubuntu latest", "ram": "7GB", "python": "3.9", "appdirs": "", "cmake": "", "conan": "", "ess-dmsc::ess-streaming-data-types": "", "h5py": "", "ipykernel": "6.3.1", "ipympl": "", "ipywidgets": "", "mantid-framework": "", "matplotlib-base": "", "ninja": "", "numpy": "", "pip": "", "pooch": "", "python-configuration": "", "python-confluent-kafka": "", "pythreejs": "", "pyyaml": "", "scipp::scipp": "", "scipy": "", "tbb": ""}, "requirements": {"appdirs": "", "cmake": "", "conan": "", "ess-dmsc::ess-streaming-data-types": "", "h5py": "", "ipykernel": "6.3.1", "ipympl": "", "ipywidgets": "", "mantid-framework": "", "matplotlib-base": "", "ninja": "", "numpy": "", "pip": "", "pooch": "", "python-configuration": "", "python-confluent-kafka": "", "pythreejs": "", "pyyaml": "", "scipp::scipp": "", "scipy": "", "tbb": ""}, "commit_hash": "1ae74e77e447b6de05f33b84f44e9f7a1713525c", "date": 1634888285000, "env_name": "conda-py3.9-appdirs-cmake-conan-ess-dmsc__ess-streaming-data-types-h5py-ipykernel6.3.1-ipympl-ipywidgets-mantid-framework-matplotlib-base-ninja-numpy-pip-pooch-python-configuration-python-confluent-kafka-pythreejs-pyyaml-scipp__scipp-scipy-tbb", "python": "3.9", "profiles": {}, "started_at": {"load_nexus.LoadNexus.time_load_event_nexus": 1635095845684, "transform_coords.TransformCoords.time_energy_to_tof": 1635095857075, "transform_coords.TransformCoords.time_tof_to_dspacing": 1635095873729, "transform_coords.TransformCoords.time_tof_to_energy": 1635095890433, "transform_coords.TransformCoords.time_tof_to_wavelength": 1635095907889, "transform_coords.TransformCoords.time_wavelength_to_tof": 1635095924599}, "ended_at": {"load_nexus.LoadNexus.time_load_event_nexus": 1635095857074, "transform_coords.TransformCoords.time_energy_to_tof": 1635095873728, "transform_coords.TransformCoords.time_tof_to_dspacing": 1635095890433, "transform_coords.TransformCoords.time_tof_to_energy": 1635095907889, "transform_coords.TransformCoords.time_tof_to_wavelength": 1635095924598, "transform_coords.TransformCoords.time_wavelength_to_tof": 1635095941361}, "benchmark_version": {"load_nexus.LoadNexus.time_load_event_nexus": "9bb61e37c240f4221eff71f827efb0f1cfb5371f7c6b0e72f79b9ca92578e5e9", "transform_coords.TransformCoords.time_energy_to_tof": "f1ea8beffb41e75997f96056160ef6dd12d9afb53546d00f7e0cb2b307a616bb", "transform_coords.TransformCoords.time_tof_to_dspacing": "76d3e8bdf45621127e026f90298e8f292d01ddb57cb7caf05a5ce555a659d8ac", "transform_coords.TransformCoords.time_tof_to_energy": "32774381c7e0285d159959187b4537339285cc2573292bc6b39f5edd04d4bc0b", "transform_coords.TransformCoords.time_tof_to_wavelength": "46879c3a68b31604accd5a00f4187eb567d166242d70d944aa010a5d6f8de380", "transform_coords.TransformCoords.time_wavelength_to_tof": "d4710ab73daad9eb187b2c50c320802720ae09b880a656f3ac5284d75fea178b"}, "version": 1}