{"results": {"load_nexus.LoadNexus.time_load_event_nexus": {"result": [4.741801334499996], "stats": [{"ci_99": [4.710418853904258, 4.7748805680957105], "q_25": 4.733334987250004, "q_75": 4.751116058249977, "min": 4.729403431000037, "max": 4.757592743999908, "mean": 4.742649710999984, "std": 0.011209476097126475, "repeat": 4, "number": 1}]}, "transform_coords.TransformCoords.time_energy_to_tof": {"result": [0.0013347150833453725], "stats": [{"ci_99": [0.0012117881569501817, 0.0014327405652833115], "q_25": 0.0012671871666753987, "q_75": 0.001364340375005213, "min": 0.0012267968333314154, "max": 0.0014184658333344184, "mean": 0.0013222643611167466, "std": 6.744494910714914e-05, "repeat": 6, "number": 6}]}, "transform_coords.TransformCoords.time_tof_to_dspacing": {"result": [0.036721112999998695], "stats": [{"ci_99": [0.03510759400001007, 0.037778224920900404], "q_25": 0.035967156499978614, "q_75": 0.03711154224998836, "min": 0.03510759400001007, "max": 0.03737541999998939, "mean": 0.03648046049999228, "std": 0.0008015098251565406, "repeat": 6, "number": 1}]}, "transform_coords.TransformCoords.time_tof_to_energy": {"result": [0.260340941499976], "stats": [{"ci_99": [0.25105008399998496, 0.26417659839186114], "q_25": 0.25970736299998975, "q_75": 0.26150081449995355, "min": 0.25105008399998496, "max": 0.2625104600000441, "mean": 0.2592710059999869, "std": 0.003807406219759841, "repeat": 6, "number": 1}]}, "transform_coords.TransformCoords.time_tof_to_wavelength": {"result": [0.0013466316666684484], "stats": [{"ci_99": [0.0013283974672952505, 0.001369798754932885], "q_25": 0.001339031541670958, "q_75": 0.0013599442916643056, "min": 0.0013346808333380977, "max": 0.0013657645000080265, "mean": 0.0013490981111140676, "std": 1.2038415213374271e-05, "repeat": 6, "number": 6}]}, "transform_coords.TransformCoords.time_wavelength_to_tof": {"result": [0.034660535000000436], "stats": [{"ci_99": [0.03373667400001068, 0.035439986607637496], "q_25": 0.034395309000018415, "q_75": 0.03507104425003149, "min": 0.03373667400001068, "max": 0.0352074930000299, "mean": 0.03463000300001795, "std": 0.0005065848820635393, "repeat": 6, "number": 1}]}}, "params": {"cpu": "2 Core CPU", "machine": "cloud-container", "os": "Ubuntu latest", "ram": "7GB", "python": "3.9", "appdirs": "", "cmake": "", "conan": "", "ess-dmsc::ess-streaming-data-types": "", "h5py": "", "ipykernel": "6.3.1", "ipympl": "", "ipywidgets": "", "mantid-framework": "", "matplotlib-base": "", "ninja": "", "numpy": "", "pip": "", "pooch": "", "python-configuration": "", "python-confluent-kafka": "", "pythreejs": "", "pyyaml": "", "scipp::scipp": "", "scipy": "", "tbb": ""}, "requirements": {"appdirs": "", "cmake": "", "conan": "", "ess-dmsc::ess-streaming-data-types": "", "h5py": "", "ipykernel": "6.3.1", "ipympl": "", "ipywidgets": "", "mantid-framework": "", "matplotlib-base": "", "ninja": "", "numpy": "", "pip": "", "pooch": "", "python-configuration": "", "python-confluent-kafka": "", "pythreejs": "", "pyyaml": "", "scipp::scipp": "", "scipy": "", "tbb": ""}, "commit_hash": "1ae74e77e447b6de05f33b84f44e9f7a1713525c", "date": 1634888285000, "env_name": "conda-py3.9-appdirs-cmake-conan-ess-dmsc__ess-streaming-data-types-h5py-ipykernel6.3.1-ipympl-ipywidgets-mantid-framework-matplotlib-base-ninja-numpy-pip-pooch-python-configuration-python-confluent-kafka-pythreejs-pyyaml-scipp__scipp-scipy-tbb", "python": "3.9", "profiles": {}, "started_at": {"load_nexus.LoadNexus.time_load_event_nexus": 1635099064244, "transform_coords.TransformCoords.time_energy_to_tof": 1635099079290, "transform_coords.TransformCoords.time_tof_to_dspacing": 1635099098303, "transform_coords.TransformCoords.time_tof_to_energy": 1635099117358, "transform_coords.TransformCoords.time_tof_to_wavelength": 1635099136913, "transform_coords.TransformCoords.time_wavelength_to_tof": 1635099155964}, "ended_at": {"load_nexus.LoadNexus.time_load_event_nexus": 1635099079290, "transform_coords.TransformCoords.time_energy_to_tof": 1635099098303, "transform_coords.TransformCoords.time_tof_to_dspacing": 1635099117358, "transform_coords.TransformCoords.time_tof_to_energy": 1635099136912, "transform_coords.TransformCoords.time_tof_to_wavelength": 1635099155964, "transform_coords.TransformCoords.time_wavelength_to_tof": 1635099174267}, "benchmark_version": {"load_nexus.LoadNexus.time_load_event_nexus": "9bb61e37c240f4221eff71f827efb0f1cfb5371f7c6b0e72f79b9ca92578e5e9", "transform_coords.TransformCoords.time_energy_to_tof": "f1ea8beffb41e75997f96056160ef6dd12d9afb53546d00f7e0cb2b307a616bb", "transform_coords.TransformCoords.time_tof_to_dspacing": "76d3e8bdf45621127e026f90298e8f292d01ddb57cb7caf05a5ce555a659d8ac", "transform_coords.TransformCoords.time_tof_to_energy": "32774381c7e0285d159959187b4537339285cc2573292bc6b39f5edd04d4bc0b", "transform_coords.TransformCoords.time_tof_to_wavelength": "46879c3a68b31604accd5a00f4187eb567d166242d70d944aa010a5d6f8de380", "transform_coords.TransformCoords.time_wavelength_to_tof": "d4710ab73daad9eb187b2c50c320802720ae09b880a656f3ac5284d75fea178b"}, "version": 1}