{"results": {"load_nexus.LoadNexus.time_load_event_nexus": {"result": [5.320316782999953], "stats": [{"ci_99": [3.381545233001134, 7.25908833299877], "q_25": 5.300929067499965, "q_75": 5.339704498499941, "min": 5.2815413519999765, "max": 5.359092213999929, "mean": 5.320316782999953, "std": 0.03877543099997638, "repeat": 2, "number": 1}]}, "transform_coords.TransformCoords.time_energy_to_tof": {"result": [0.00169165019999582], "stats": [{"ci_99": [0.0015672415737062056, 0.0018870790262904568], "q_25": 0.0016836652499989668, "q_75": 0.0017351452499951847, "min": 0.001683440400006475, "max": 0.001841900399995211, "mean": 0.0017271602999983317, "std": 6.656536412983145e-05, "repeat": 4, "number": 5}]}, "transform_coords.TransformCoords.time_tof_to_dspacing": {"result": [0.039441655499956596], "stats": [{"ci_99": [0.03751354316600353, 0.04201861883396052], "q_25": 0.03918915624996089, "q_75": 0.04001858024997773, "min": 0.03894870700003139, "max": 0.04123230599998351, "mean": 0.03976608099998202, "std": 0.0008786109088885555, "repeat": 4, "number": 1}]}, "transform_coords.TransformCoords.time_tof_to_energy": {"result": [0.33733200450001277], "stats": [{"ci_99": [0.3162253097816285, 0.3548310452183334], "q_25": 0.33174040649998915, "q_75": 0.3411197755000046, "min": 0.3247301519999155, "max": 0.3427185489999829, "mean": 0.335528177499981, "std": 0.0069999005738886, "repeat": 4, "number": 1}]}, "transform_coords.TransformCoords.time_tof_to_wavelength": {"result": [0.001624910199996066], "stats": [{"ci_99": [0.0015834152155199295, 0.0016867552844709252], "q_25": 0.0016214051999895675, "q_75": 0.0016385902500019257, "min": 0.0016192001999797867, "max": 0.0016713204000097903, "mean": 0.0016350852499954272, "std": 2.114077810522641e-05, "repeat": 4, "number": 5}]}, "transform_coords.TransformCoords.time_wavelength_to_tof": {"result": [0.03560575499994911], "stats": [{"ci_99": [0.03378183649185387, 0.03845757300804651], "q_25": 0.035521277749921865, "q_75": 0.036204181999977436, "min": 0.03545490199996948, "max": 0.037812406999933046, "mean": 0.03611970474995019, "std": 0.0009802127113986575, "repeat": 4, "number": 1}]}}, "params": {"cpu": "2 Core CPU", "machine": "cloud-container", "os": "Ubuntu latest", "ram": "7GB", "python": "3.9", "appdirs": "", "cmake": "", "conan": "", "ess-dmsc::ess-streaming-data-types": "", "h5py": "", "ipykernel": "6.3.1", "ipympl": "", "ipywidgets": "", "mantid-framework": "", "matplotlib-base": "", "ninja": "", "numpy": "", "pip": "", "pooch": "", "python-configuration": "", "python-confluent-kafka": "", "pythreejs": "", "pyyaml": "", "scipp::scipp": "", "scipy": "", "tbb": ""}, "requirements": {"appdirs": "", "cmake": "", "conan": "", "ess-dmsc::ess-streaming-data-types": "", "h5py": "", "ipykernel": "6.3.1", "ipympl": "", "ipywidgets": "", "mantid-framework": "", "matplotlib-base": "", "ninja": "", "numpy": "", "pip": "", "pooch": "", "python-configuration": "", "python-confluent-kafka": "", "pythreejs": "", "pyyaml": "", "scipp::scipp": "", "scipy": "", "tbb": ""}, "commit_hash": "1ae74e77e447b6de05f33b84f44e9f7a1713525c", "date": 1634888285000, "env_name": "conda-py3.9-appdirs-cmake-conan-ess-dmsc__ess-streaming-data-types-h5py-ipykernel6.3.1-ipympl-ipywidgets-mantid-framework-matplotlib-base-ninja-numpy-pip-pooch-python-configuration-python-confluent-kafka-pythreejs-pyyaml-scipp__scipp-scipy-tbb", "python": "3.9", "profiles": {}, "started_at": {"load_nexus.LoadNexus.time_load_event_nexus": 1635070312871, "transform_coords.TransformCoords.time_energy_to_tof": 1635070324109, "transform_coords.TransformCoords.time_tof_to_dspacing": 1635070342390, "transform_coords.TransformCoords.time_tof_to_energy": 1635070360703, "transform_coords.TransformCoords.time_tof_to_wavelength": 1635070379918, "transform_coords.TransformCoords.time_wavelength_to_tof": 1635070398230}, "ended_at": {"load_nexus.LoadNexus.time_load_event_nexus": 1635070324108, "transform_coords.TransformCoords.time_energy_to_tof": 1635070342390, "transform_coords.TransformCoords.time_tof_to_dspacing": 1635070360703, "transform_coords.TransformCoords.time_tof_to_energy": 1635070379918, "transform_coords.TransformCoords.time_tof_to_wavelength": 1635070398230, "transform_coords.TransformCoords.time_wavelength_to_tof": 1635070416684}, "benchmark_version": {"load_nexus.LoadNexus.time_load_event_nexus": "9bb61e37c240f4221eff71f827efb0f1cfb5371f7c6b0e72f79b9ca92578e5e9", "transform_coords.TransformCoords.time_energy_to_tof": "f1ea8beffb41e75997f96056160ef6dd12d9afb53546d00f7e0cb2b307a616bb", "transform_coords.TransformCoords.time_tof_to_dspacing": "76d3e8bdf45621127e026f90298e8f292d01ddb57cb7caf05a5ce555a659d8ac", "transform_coords.TransformCoords.time_tof_to_energy": "32774381c7e0285d159959187b4537339285cc2573292bc6b39f5edd04d4bc0b", "transform_coords.TransformCoords.time_tof_to_wavelength": "46879c3a68b31604accd5a00f4187eb567d166242d70d944aa010a5d6f8de380", "transform_coords.TransformCoords.time_wavelength_to_tof": "d4710ab73daad9eb187b2c50c320802720ae09b880a656f3ac5284d75fea178b"}, "version": 1}