{"results": {"load_nexus.LoadNexus.time_load_event_nexus": {"result": [7.158833688500067], "stats": [{"ci_99": [-14.745744786499358, 29.063412163499475], "q_25": 6.939787903750073, "q_75": 7.377879473250061, "min": 6.720742119000079, "max": 7.596925258000056, "mean": 7.158833688500067, "std": 0.4380915694999885, "repeat": 2, "number": 1}]}, "transform_coords.TransformCoords.time_energy_to_tof": {"result": [0.0018585257999916395], "stats": [{"ci_99": [0.0009126971668519637, 0.0033668781331316995], "q_25": 0.0018435340999928941, "q_75": 0.0021547793499905768, "min": 0.0018036127999948802, "max": 0.0030384861999891654, "mean": 0.0021397876499918314, "std": 0.0005193492913789236, "repeat": 4, "number": 5}]}, "transform_coords.TransformCoords.time_tof_to_dspacing": {"result": [0.05333181800000375], "stats": [{"ci_99": [0.03543477982874982, 0.07784485367129215], "q_25": 0.0502393919999804, "q_75": 0.059732242750044406, "min": 0.049966743000027236, "max": 0.06992888800004948, "mean": 0.056639816750021055, "std": 0.008078266524811908, "repeat": 4, "number": 1}]}, "transform_coords.TransformCoords.time_tof_to_energy": {"result": [0.36978461300003573], "stats": [{"ci_99": [0.3357950401862214, 0.40501464381383406], "q_25": 0.36078863375004744, "q_75": 0.37940082125001595, "min": 0.35560819099998753, "max": 0.38644195100005163, "mean": 0.37040484200002766, "std": 0.012068353590217159, "repeat": 4, "number": 1}]}, "transform_coords.TransformCoords.time_tof_to_wavelength": {"result": [0.0020099863000041297], "stats": [{"ci_99": [0.001523425301992807, 0.0025393329980017763], "q_25": 0.0018704961000025832, "q_75": 0.0021708693499988387, "min": 0.0018437129999938407, "max": 0.002261830999987069, "mean": 0.002031379149997292, "std": 0.00017559547253152215, "repeat": 4, "number": 5}]}, "transform_coords.TransformCoords.time_wavelength_to_tof": {"result": [0.0535173950000285], "stats": [{"ci_99": [-0.10160919112943573, 0.2979405211294557], "q_25": 0.04986667424998359, "q_75": 0.10181638575005536, "min": 0.04173835500000678, "max": 0.24388951499997802, "mean": 0.09816566500001045, "std": 0.08427364626689986, "repeat": 4, "number": 1}]}}, "params": {"cpu": "2 Core CPU", "machine": "cloud-container", "os": "Ubuntu latest", "ram": "7GB", "python": "3.9", "appdirs": "", "cmake": "", "conan": "", "ess-dmsc::ess-streaming-data-types": "", "h5py": "", "ipykernel": "6.3.1", "ipympl": "", "ipywidgets": "", "mantid-framework": "", "matplotlib-base": "", "ninja": "", "numpy": "", "pip": "", "pooch": "", "python-configuration": "", "python-confluent-kafka": "", "pythreejs": "", "pyyaml": "", "scipp::scipp": "", "scipy": "", "tbb": ""}, "requirements": {"appdirs": "", "cmake": "", "conan": "", "ess-dmsc::ess-streaming-data-types": "", "h5py": "", "ipykernel": "6.3.1", "ipympl": "", "ipywidgets": "", "mantid-framework": "", "matplotlib-base": "", "ninja": "", "numpy": "", "pip": "", "pooch": "", "python-configuration": "", "python-confluent-kafka": "", "pythreejs": "", "pyyaml": "", "scipp::scipp": "", "scipy": "", "tbb": ""}, "commit_hash": "1ae74e77e447b6de05f33b84f44e9f7a1713525c", "date": 1634888285000, "env_name": "conda-py3.9-appdirs-cmake-conan-ess-dmsc__ess-streaming-data-types-h5py-ipykernel6.3.1-ipympl-ipywidgets-mantid-framework-matplotlib-base-ninja-numpy-pip-pooch-python-configuration-python-confluent-kafka-pythreejs-pyyaml-scipp__scipp-scipy-tbb", "python": "3.9", "profiles": {}, "started_at": {"load_nexus.LoadNexus.time_load_event_nexus": 1635023585315, "transform_coords.TransformCoords.time_energy_to_tof": 1635023599262, "transform_coords.TransformCoords.time_tof_to_dspacing": 1635023620399, "transform_coords.TransformCoords.time_tof_to_energy": 1635023641639, "transform_coords.TransformCoords.time_tof_to_wavelength": 1635023666712, "transform_coords.TransformCoords.time_wavelength_to_tof": 1635023688329}, "ended_at": {"load_nexus.LoadNexus.time_load_event_nexus": 1635023599261, "transform_coords.TransformCoords.time_energy_to_tof": 1635023620399, "transform_coords.TransformCoords.time_tof_to_dspacing": 1635023641639, "transform_coords.TransformCoords.time_tof_to_energy": 1635023666712, "transform_coords.TransformCoords.time_tof_to_wavelength": 1635023688329, "transform_coords.TransformCoords.time_wavelength_to_tof": 1635023710468}, "benchmark_version": {"load_nexus.LoadNexus.time_load_event_nexus": "9bb61e37c240f4221eff71f827efb0f1cfb5371f7c6b0e72f79b9ca92578e5e9", "transform_coords.TransformCoords.time_energy_to_tof": "f1ea8beffb41e75997f96056160ef6dd12d9afb53546d00f7e0cb2b307a616bb", "transform_coords.TransformCoords.time_tof_to_dspacing": "76d3e8bdf45621127e026f90298e8f292d01ddb57cb7caf05a5ce555a659d8ac", "transform_coords.TransformCoords.time_tof_to_energy": "32774381c7e0285d159959187b4537339285cc2573292bc6b39f5edd04d4bc0b", "transform_coords.TransformCoords.time_tof_to_wavelength": "46879c3a68b31604accd5a00f4187eb567d166242d70d944aa010a5d6f8de380", "transform_coords.TransformCoords.time_wavelength_to_tof": "d4710ab73daad9eb187b2c50c320802720ae09b880a656f3ac5284d75fea178b"}, "version": 1}