{"results": {"load_nexus.LoadNexus.time_load_event_nexus": {"result": [4.828725783999971], "stats": [{"ci_99": [4.447773145608617, 5.305984877058098], "q_25": 4.82064324800001, "q_75": 4.909038161000012, "min": 4.8125607120000495, "max": 4.989350538000053, "mean": 4.876879011333358, "std": 0.07980271766986191, "repeat": 3, "number": 1}]}, "transform_coords.TransformCoords.time_energy_to_tof": {"result": [0.0013635552499996115], "stats": [{"ci_99": [0.00130333143696791, 0.0015176930000014484], "q_25": 0.0013459174999894685, "q_75": 0.0013952168749990317, "min": 0.0013394161666629618, "max": 0.0015176930000014484, "mean": 0.0013883381111080932, "std": 6.168863831248757e-05, "repeat": 6, "number": 6}]}, "transform_coords.TransformCoords.time_tof_to_dspacing": {"result": [0.03761840399999983], "stats": [{"ci_99": [0.03695025893979139, 0.038239231000034124], "q_25": 0.037258066000006806, "q_75": 0.03764623175000281, "min": 0.03705185100000108, "max": 0.038239231000034124, "mean": 0.037553558500007966, "std": 0.00038964532266541797, "repeat": 6, "number": 1}]}, "transform_coords.TransformCoords.time_tof_to_energy": {"result": [0.2604945410000141], "stats": [{"ci_99": [0.2593139884269942, 0.2622800830000074], "q_25": 0.25994010949996493, "q_75": 0.2607829527499632, "min": 0.25969433500000605, "max": 0.2622800830000074, "mean": 0.2605996481666561, "std": 0.0008602246445703265, "repeat": 6, "number": 1}]}, "transform_coords.TransformCoords.time_tof_to_wavelength": {"result": [0.0013658339166700746], "stats": [{"ci_99": [0.0013401990028717203, 0.0013921842193582844], "q_25": 0.0013515223750080925, "q_75": 0.001379167333344829, "min": 0.0013481426666620184, "max": 0.0013869754999973338, "mean": 0.0013661916111150022, "std": 1.5138594284513845e-05, "repeat": 6, "number": 6}]}, "transform_coords.TransformCoords.time_wavelength_to_tof": {"result": [0.03511740349998149], "stats": [{"ci_99": [0.03415274686402075, 0.037935439000079896], "q_25": 0.03495645024993621, "q_75": 0.03555038925001952, "min": 0.03469731799998499, "max": 0.037935439000079896, "mean": 0.03557751349999686, "std": 0.001095541676606551, "repeat": 6, "number": 1}]}}, "params": {"cpu": "2 Core CPU", "machine": "cloud-container", "os": "Ubuntu latest", "ram": "7GB", "python": "3.9", "appdirs": "", "cmake": "", "conan": "", "ess-dmsc::ess-streaming-data-types": "", "h5py": "", "ipykernel": "6.3.1", "ipympl": "", "ipywidgets": "", "mantid-framework": "", "matplotlib-base": "", "ninja": "", "numpy": "", "pip": "", "pooch": "", "python-configuration": "", "python-confluent-kafka": "", "pythreejs": "", "pyyaml": "", "scipp::scipp": "", "scipy": "", "tbb": ""}, "requirements": {"appdirs": "", "cmake": "", "conan": "", "ess-dmsc::ess-streaming-data-types": "", "h5py": "", "ipykernel": "6.3.1", "ipympl": "", "ipywidgets": "", "mantid-framework": "", "matplotlib-base": "", "ninja": "", "numpy": "", "pip": "", "pooch": "", "python-configuration": "", "python-confluent-kafka": "", "pythreejs": "", "pyyaml": "", "scipp::scipp": "", "scipy": "", "tbb": ""}, "commit_hash": "1ae74e77e447b6de05f33b84f44e9f7a1713525c", "date": 1634888285000, "env_name": "conda-py3.9-appdirs-cmake-conan-ess-dmsc__ess-streaming-data-types-h5py-ipykernel6.3.1-ipympl-ipywidgets-mantid-framework-matplotlib-base-ninja-numpy-pip-pooch-python-configuration-python-confluent-kafka-pythreejs-pyyaml-scipp__scipp-scipy-tbb", "python": "3.9", "profiles": {}, "started_at": {"load_nexus.LoadNexus.time_load_event_nexus": 1635117030440, "transform_coords.TransformCoords.time_energy_to_tof": 1635117045739, "transform_coords.TransformCoords.time_tof_to_dspacing": 1635117064962, "transform_coords.TransformCoords.time_tof_to_energy": 1635117084021, "transform_coords.TransformCoords.time_tof_to_wavelength": 1635117104031, "transform_coords.TransformCoords.time_wavelength_to_tof": 1635117123088}, "ended_at": {"load_nexus.LoadNexus.time_load_event_nexus": 1635117045739, "transform_coords.TransformCoords.time_energy_to_tof": 1635117064962, "transform_coords.TransformCoords.time_tof_to_dspacing": 1635117084020, "transform_coords.TransformCoords.time_tof_to_energy": 1635117104030, "transform_coords.TransformCoords.time_tof_to_wavelength": 1635117123087, "transform_coords.TransformCoords.time_wavelength_to_tof": 1635117142195}, "benchmark_version": {"load_nexus.LoadNexus.time_load_event_nexus": "9bb61e37c240f4221eff71f827efb0f1cfb5371f7c6b0e72f79b9ca92578e5e9", "transform_coords.TransformCoords.time_energy_to_tof": "f1ea8beffb41e75997f96056160ef6dd12d9afb53546d00f7e0cb2b307a616bb", "transform_coords.TransformCoords.time_tof_to_dspacing": "76d3e8bdf45621127e026f90298e8f292d01ddb57cb7caf05a5ce555a659d8ac", "transform_coords.TransformCoords.time_tof_to_energy": "32774381c7e0285d159959187b4537339285cc2573292bc6b39f5edd04d4bc0b", "transform_coords.TransformCoords.time_tof_to_wavelength": "46879c3a68b31604accd5a00f4187eb567d166242d70d944aa010a5d6f8de380", "transform_coords.TransformCoords.time_wavelength_to_tof": "d4710ab73daad9eb187b2c50c320802720ae09b880a656f3ac5284d75fea178b"}, "version": 1}