{"results": {"load_nexus.LoadNexus.time_load_event_nexus": {"result": [4.8300492750000785], "stats": [{"ci_99": [4.568295999536977, 5.117665316463073], "q_25": 4.810044056500033, "q_75": 4.869451568000045, "min": 4.790038837999987, "max": 4.908853861000011, "mean": 4.842980658000026, "std": 0.04936036144075248, "repeat": 3, "number": 1}]}, "transform_coords.TransformCoords.time_energy_to_tof": {"result": [0.0013950745833331744], "stats": [{"ci_99": [0.001345776333342504, 0.0014628006666631184], "q_25": 0.001383834541665389, "q_75": 0.0014063526249969982, "min": 0.001345776333342504, "max": 0.0014628006666631184, "mean": 0.001398154333333284, "std": 3.504647946206607e-05, "repeat": 6, "number": 6}]}, "transform_coords.TransformCoords.time_tof_to_dspacing": {"result": [0.03756634549998239], "stats": [{"ci_99": [0.03686306156228288, 0.03902316400001382], "q_25": 0.037281132000003936, "q_75": 0.03761750724999047, "min": 0.03715307400000256, "max": 0.03902316400001382, "mean": 0.03768825849999757, "std": 0.0006251924990101576, "repeat": 6, "number": 1}]}, "transform_coords.TransformCoords.time_tof_to_energy": {"result": [0.2612322595000478], "stats": [{"ci_99": [0.2516664839999976, 0.26442157861489923], "q_25": 0.2608323755000299, "q_75": 0.2619874050000277, "min": 0.2516664839999976, "max": 0.26255848799996784, "mean": 0.25993794866668435, "std": 0.003750429532117531, "repeat": 6, "number": 1}]}, "transform_coords.TransformCoords.time_tof_to_wavelength": {"result": [0.0014032596666737618], "stats": [{"ci_99": [0.0013612395877227556, 0.001476478000000725], "q_25": 0.001391082291675616, "q_75": 0.0014311501666739446, "min": 0.001375622666661987, "max": 0.001476478000000725, "mean": 0.001414348361115635, "std": 3.405224167030746e-05, "repeat": 6, "number": 6}]}, "transform_coords.TransformCoords.time_wavelength_to_tof": {"result": [0.0351549834999787], "stats": [{"ci_99": [0.03478597187145632, 0.036119727000027524], "q_25": 0.035063421000003814, "q_75": 0.03523814149994564, "min": 0.034960330999979305, "max": 0.036119727000027524, "mean": 0.0352814643333185, "std": 0.00038697270795132123, "repeat": 6, "number": 1}]}}, "params": {"cpu": "2 Core CPU", "machine": "cloud-container", "os": "Ubuntu latest", "ram": "7GB", "python": "3.9", "appdirs": "", "cmake": "", "conan": "", "ess-dmsc::ess-streaming-data-types": "", "h5py": "", "ipykernel": "6.3.1", "ipympl": "", "ipywidgets": "", "mantid-framework": "", "matplotlib-base": "", "ninja": "", "numpy": "", "pip": "", "pooch": "", "python-configuration": "", "python-confluent-kafka": "", "pythreejs": "", "pyyaml": "", "scipp::scipp": "", "scipy": "", "tbb": ""}, "requirements": {"appdirs": "", "cmake": "", "conan": "", "ess-dmsc::ess-streaming-data-types": "", "h5py": "", "ipykernel": "6.3.1", "ipympl": "", "ipywidgets": "", "mantid-framework": "", "matplotlib-base": "", "ninja": "", "numpy": "", "pip": "", "pooch": "", "python-configuration": "", "python-confluent-kafka": "", "pythreejs": "", "pyyaml": "", "scipp::scipp": "", "scipy": "", "tbb": ""}, "commit_hash": "1ae74e77e447b6de05f33b84f44e9f7a1713525c", "date": 1634888285000, "env_name": "conda-py3.9-appdirs-cmake-conan-ess-dmsc__ess-streaming-data-types-h5py-ipykernel6.3.1-ipympl-ipywidgets-mantid-framework-matplotlib-base-ninja-numpy-pip-pooch-python-configuration-python-confluent-kafka-pythreejs-pyyaml-scipp__scipp-scipy-tbb", "python": "3.9", "profiles": {}, "started_at": {"load_nexus.LoadNexus.time_load_event_nexus": 1635121489942, "transform_coords.TransformCoords.time_energy_to_tof": 1635121505090, "transform_coords.TransformCoords.time_tof_to_dspacing": 1635121523996, "transform_coords.TransformCoords.time_tof_to_energy": 1635121542598, "transform_coords.TransformCoords.time_tof_to_wavelength": 1635121562000, "transform_coords.TransformCoords.time_wavelength_to_tof": 1635121580655}, "ended_at": {"load_nexus.LoadNexus.time_load_event_nexus": 1635121505089, "transform_coords.TransformCoords.time_energy_to_tof": 1635121523995, "transform_coords.TransformCoords.time_tof_to_dspacing": 1635121542598, "transform_coords.TransformCoords.time_tof_to_energy": 1635121562000, "transform_coords.TransformCoords.time_tof_to_wavelength": 1635121580655, "transform_coords.TransformCoords.time_wavelength_to_tof": 1635121599309}, "benchmark_version": {"load_nexus.LoadNexus.time_load_event_nexus": "9bb61e37c240f4221eff71f827efb0f1cfb5371f7c6b0e72f79b9ca92578e5e9", "transform_coords.TransformCoords.time_energy_to_tof": "f1ea8beffb41e75997f96056160ef6dd12d9afb53546d00f7e0cb2b307a616bb", "transform_coords.TransformCoords.time_tof_to_dspacing": "76d3e8bdf45621127e026f90298e8f292d01ddb57cb7caf05a5ce555a659d8ac", "transform_coords.TransformCoords.time_tof_to_energy": "32774381c7e0285d159959187b4537339285cc2573292bc6b39f5edd04d4bc0b", "transform_coords.TransformCoords.time_tof_to_wavelength": "46879c3a68b31604accd5a00f4187eb567d166242d70d944aa010a5d6f8de380", "transform_coords.TransformCoords.time_wavelength_to_tof": "d4710ab73daad9eb187b2c50c320802720ae09b880a656f3ac5284d75fea178b"}, "version": 1}