{"results": {"load_nexus.LoadNexus.time_load_event_nexus": {"result": [4.6091657430000055], "stats": [{"ci_99": [4.487524980575473, 4.779345312424537], "q_25": 4.591732602750014, "q_75": 4.650868286749997, "min": 4.586506076999967, "max": 4.7289030230000435, "mean": 4.633435146500005, "std": 0.05697998259327241, "repeat": 4, "number": 1}]}, "transform_coords.TransformCoords.time_energy_to_tof": {"result": [0.0012882590833385166], "stats": [{"ci_99": [0.0012076350521780393, 0.0013859186666612306], "q_25": 0.0012541168333370933, "q_75": 0.0013083884583267036, "min": 0.0012197164999937133, "max": 0.0013859186666612306, "mean": 0.0012899979444430047, "std": 5.308976134386364e-05, "repeat": 6, "number": 6}]}, "transform_coords.TransformCoords.time_tof_to_dspacing": {"result": [0.03365699300002234], "stats": [{"ci_99": [0.03288824300000215, 0.034075765401560924], "q_25": 0.033206351999993444, "q_75": 0.033711103750007965, "min": 0.03288824300000215, "max": 0.03391275700005281, "mean": 0.033483377500014434, "std": 0.00037171583424650104, "repeat": 6, "number": 1}]}, "transform_coords.TransformCoords.time_tof_to_energy": {"result": [0.2411360969999805], "stats": [{"ci_99": [0.2378002990000141, 0.24295407509271444], "q_25": 0.23937513749996242, "q_75": 0.24138382649994128, "min": 0.2378002990000141, "max": 0.242317565999997, "mean": 0.24044076883330945, "std": 0.0015882019815239492, "repeat": 6, "number": 1}]}, "transform_coords.TransformCoords.time_tof_to_wavelength": {"result": [0.0012992243571383305], "stats": [{"ci_99": [0.001197987571426243, 0.0013410709791796926], "q_25": 0.0012628238214286317, "q_75": 0.0013054425357117744, "min": 0.001197987571426243, "max": 0.0013187034285725271, "mean": 0.0012788908809506254, "std": 4.181185395402198e-05, "repeat": 6, "number": 7}]}, "transform_coords.TransformCoords.time_wavelength_to_tof": {"result": [0.03157352499999888], "stats": [{"ci_99": [0.0312480238473337, 0.03175949115268534], "q_25": 0.031356696749995194, "q_75": 0.031623999499984734, "min": 0.03128292200005944, "max": 0.03166732800002592, "mean": 0.03150375750000952, "std": 0.00015615558324955298, "repeat": 6, "number": 1}]}}, "params": {"cpu": "2 Core CPU", "machine": "cloud-container", "os": "Ubuntu latest", "ram": "7GB", "python": "3.9", "appdirs": "", "cmake": "", "conan": "", "ess-dmsc::ess-streaming-data-types": "", "h5py": "", "ipykernel": "6.3.1", "ipympl": "", "ipywidgets": "", "mantid-framework": "", "matplotlib-base": "", "ninja": "", "numpy": "", "pip": "", "pooch": "", "python-configuration": "", "python-confluent-kafka": "", "pythreejs": "", "pyyaml": "", "scipp::scipp": "", "scipy": "", "tbb": ""}, "requirements": {"appdirs": "", "cmake": "", "conan": "", "ess-dmsc::ess-streaming-data-types": "", "h5py": "", "ipykernel": "6.3.1", "ipympl": "", "ipywidgets": "", "mantid-framework": "", "matplotlib-base": "", "ninja": "", "numpy": "", "pip": "", "pooch": "", "python-configuration": "", "python-confluent-kafka": "", "pythreejs": "", "pyyaml": "", "scipp::scipp": "", "scipy": "", "tbb": ""}, "commit_hash": "1ae74e77e447b6de05f33b84f44e9f7a1713525c", "date": 1634888285000, "env_name": "conda-py3.9-appdirs-cmake-conan-ess-dmsc__ess-streaming-data-types-h5py-ipykernel6.3.1-ipympl-ipywidgets-mantid-framework-matplotlib-base-ninja-numpy-pip-pooch-python-configuration-python-confluent-kafka-pythreejs-pyyaml-scipp__scipp-scipy-tbb", "python": "3.9", "profiles": {}, "started_at": {"load_nexus.LoadNexus.time_load_event_nexus": 1635081438680, "transform_coords.TransformCoords.time_energy_to_tof": 1635081453174, "transform_coords.TransformCoords.time_tof_to_dspacing": 1635081470921, "transform_coords.TransformCoords.time_tof_to_energy": 1635081488219, "transform_coords.TransformCoords.time_tof_to_wavelength": 1635081505864, "transform_coords.TransformCoords.time_wavelength_to_tof": 1635081523511}, "ended_at": {"load_nexus.LoadNexus.time_load_event_nexus": 1635081453173, "transform_coords.TransformCoords.time_energy_to_tof": 1635081470920, "transform_coords.TransformCoords.time_tof_to_dspacing": 1635081488218, "transform_coords.TransformCoords.time_tof_to_energy": 1635081505863, "transform_coords.TransformCoords.time_tof_to_wavelength": 1635081523510, "transform_coords.TransformCoords.time_wavelength_to_tof": 1635081541007}, "benchmark_version": {"load_nexus.LoadNexus.time_load_event_nexus": "9bb61e37c240f4221eff71f827efb0f1cfb5371f7c6b0e72f79b9ca92578e5e9", "transform_coords.TransformCoords.time_energy_to_tof": "f1ea8beffb41e75997f96056160ef6dd12d9afb53546d00f7e0cb2b307a616bb", "transform_coords.TransformCoords.time_tof_to_dspacing": "76d3e8bdf45621127e026f90298e8f292d01ddb57cb7caf05a5ce555a659d8ac", "transform_coords.TransformCoords.time_tof_to_energy": "32774381c7e0285d159959187b4537339285cc2573292bc6b39f5edd04d4bc0b", "transform_coords.TransformCoords.time_tof_to_wavelength": "46879c3a68b31604accd5a00f4187eb567d166242d70d944aa010a5d6f8de380", "transform_coords.TransformCoords.time_wavelength_to_tof": "d4710ab73daad9eb187b2c50c320802720ae09b880a656f3ac5284d75fea178b"}, "version": 1}