{"results": {"load_nexus.LoadNexus.time_load_event_nexus": {"result": [4.944019267499982], "stats": [{"ci_99": [4.521436092499414, 5.36660244250055], "q_25": 4.939793435749976, "q_75": 4.948245099249988, "min": 4.935567603999971, "max": 4.9524709309999935, "mean": 4.944019267499982, "std": 0.008451663500011364, "repeat": 2, "number": 1}]}, "transform_coords.TransformCoords.time_energy_to_tof": {"result": [0.0013648271666587182], "stats": [{"ci_99": [0.0013298218588462015, 0.001413424874483165], "q_25": 0.0013615584999987125, "q_75": 0.0013751813333347702, "min": 0.0013436101666570721, "max": 0.0014129396666741438, "mean": 0.0013716233666646832, "std": 2.3030089116147494e-05, "repeat": 5, "number": 6}]}, "transform_coords.TransformCoords.time_tof_to_dspacing": {"result": [0.036621899999971674], "stats": [{"ci_99": [0.03651122153294081, 0.036828565999996954], "q_25": 0.036594951749961524, "q_75": 0.036703863000028036, "min": 0.036553828000023714, "max": 0.036828565999996954, "mean": 0.03665722449999483, "std": 9.40530233538976e-05, "repeat": 6, "number": 1}]}, "transform_coords.TransformCoords.time_tof_to_energy": {"result": [0.2601938529999188], "stats": [{"ci_99": [0.08057989736760418, 0.7213480039999922], "q_25": 0.25985659699995267, "q_75": 0.26031285399994886, "min": 0.25939603299997316, "max": 0.7213480039999922, "mean": 0.35222146819995714, "std": 0.18456354223256916, "repeat": 5, "number": 1}]}, "transform_coords.TransformCoords.time_tof_to_wavelength": {"result": [0.001362666666665291], "stats": [{"ci_99": [0.001329062161032906, 0.0014161594999867095], "q_25": 0.0013608258333306367, "q_75": 0.0013628955000039393, "min": 0.0013443831666677397, "max": 0.0014161594999867095, "mean": 0.0013693861333308633, "std": 2.438628491438453e-05, "repeat": 5, "number": 6}]}, "transform_coords.TransformCoords.time_wavelength_to_tof": {"result": [0.03491500350003207], "stats": [{"ci_99": [0.03418014798969818, 0.03554036834366863], "q_25": 0.034517491750023055, "q_75": 0.035177636750034935, "min": 0.03429398200000833, "max": 0.03538739099997201, "mean": 0.0348602581666834, "std": 0.0003999476824563103, "repeat": 6, "number": 1}]}}, "params": {"cpu": "2 Core CPU", "machine": "cloud-container", "os": "Ubuntu latest", "ram": "7GB", "python": "3.9", "appdirs": "", "cmake": "", "conan": "", "ess-dmsc::ess-streaming-data-types": "", "h5py": "", "ipykernel": "6.3.1", "ipympl": "", "ipywidgets": "", "mantid-framework": "", "matplotlib-base": "", "ninja": "", "numpy": "", "pip": "", "pooch": "", "python-configuration": "", "python-confluent-kafka": "", "pythreejs": "", "pyyaml": "", "scipp::scipp": "", "scipy": "", "tbb": ""}, "requirements": {"appdirs": "", "cmake": "", "conan": "", "ess-dmsc::ess-streaming-data-types": "", "h5py": "", "ipykernel": "6.3.1", "ipympl": "", "ipywidgets": "", "mantid-framework": "", "matplotlib-base": "", "ninja": "", "numpy": "", "pip": "", "pooch": "", "python-configuration": "", "python-confluent-kafka": "", "pythreejs": "", "pyyaml": "", "scipp::scipp": "", "scipy": "", "tbb": ""}, "commit_hash": "1ae74e77e447b6de05f33b84f44e9f7a1713525c", "date": 1634888285000, "env_name": "conda-py3.9-appdirs-cmake-conan-ess-dmsc__ess-streaming-data-types-h5py-ipykernel6.3.1-ipympl-ipywidgets-mantid-framework-matplotlib-base-ninja-numpy-pip-pooch-python-configuration-python-confluent-kafka-pythreejs-pyyaml-scipp__scipp-scipy-tbb", "python": "3.9", "profiles": {}, "started_at": {"load_nexus.LoadNexus.time_load_event_nexus": 1635001846236, "transform_coords.TransformCoords.time_energy_to_tof": 1635001856626, "transform_coords.TransformCoords.time_tof_to_dspacing": 1635001872577, "transform_coords.TransformCoords.time_tof_to_energy": 1635001891638, "transform_coords.TransformCoords.time_tof_to_wavelength": 1635001911649, "transform_coords.TransformCoords.time_wavelength_to_tof": 1635001929381}, "ended_at": {"load_nexus.LoadNexus.time_load_event_nexus": 1635001856625, "transform_coords.TransformCoords.time_energy_to_tof": 1635001872577, "transform_coords.TransformCoords.time_tof_to_dspacing": 1635001891638, "transform_coords.TransformCoords.time_tof_to_energy": 1635001911649, "transform_coords.TransformCoords.time_tof_to_wavelength": 1635001929381, "transform_coords.TransformCoords.time_wavelength_to_tof": 1635001948640}, "benchmark_version": {"load_nexus.LoadNexus.time_load_event_nexus": "9bb61e37c240f4221eff71f827efb0f1cfb5371f7c6b0e72f79b9ca92578e5e9", "transform_coords.TransformCoords.time_energy_to_tof": "f1ea8beffb41e75997f96056160ef6dd12d9afb53546d00f7e0cb2b307a616bb", "transform_coords.TransformCoords.time_tof_to_dspacing": "76d3e8bdf45621127e026f90298e8f292d01ddb57cb7caf05a5ce555a659d8ac", "transform_coords.TransformCoords.time_tof_to_energy": "32774381c7e0285d159959187b4537339285cc2573292bc6b39f5edd04d4bc0b", "transform_coords.TransformCoords.time_tof_to_wavelength": "46879c3a68b31604accd5a00f4187eb567d166242d70d944aa010a5d6f8de380", "transform_coords.TransformCoords.time_wavelength_to_tof": "d4710ab73daad9eb187b2c50c320802720ae09b880a656f3ac5284d75fea178b"}, "version": 1}