{"results": {"load_nexus.LoadNexus.time_load_event_nexus": {"result": [4.548059649500004], "stats": [{"ci_99": [4.356112014814321, 4.75773358318569], "q_25": 4.492904050749985, "q_75": 4.612078397750025, "min": 4.483474897000008, "max": 4.648097000000007, "mean": 4.556922799000006, "std": 0.06941730740455479, "repeat": 4, "number": 1}]}, "transform_coords.TransformCoords.time_energy_to_tof": {"result": [0.0012313944285681697], "stats": [{"ci_99": [0.0011462335127638069, 0.0014558904285714952], "q_25": 0.0012071120357148857, "q_75": 0.0012559661071459719, "min": 0.0011926867142863426, "max": 0.0014558904285714952, "mean": 0.0012624234285716458, "std": 8.954656903188254e-05, "repeat": 6, "number": 7}]}, "transform_coords.TransformCoords.time_tof_to_dspacing": {"result": [0.0351654584999892], "stats": [{"ci_99": [0.03494230731274276, 0.03545200002060208], "q_25": 0.03509319849999315, "q_75": 0.03532500424998375, "min": 0.03498905200001445, "max": 0.03541565500006527, "mean": 0.03519715366667242, "std": 0.00015166152433553163, "repeat": 6, "number": 1}]}, "transform_coords.TransformCoords.time_tof_to_energy": {"result": [0.23561753199999202], "stats": [{"ci_99": [0.23080928678469406, 0.2475330368819771], "q_25": 0.2352428870000267, "q_75": 0.24395808375001593, "min": 0.23509393799997724, "max": 0.24684169599998995, "mean": 0.23917116183333556, "std": 0.0053725965143339525, "repeat": 6, "number": 1}]}, "transform_coords.TransformCoords.time_tof_to_wavelength": {"result": [0.0012163941428582348], "stats": [{"ci_99": [0.0011907438571451426, 0.0012374480530722848], "q_25": 0.0012075976071445537, "q_75": 0.001225019249998484, "min": 0.0011907438571451426, "max": 0.0012333299999909286, "mean": 0.0012149036428562947, "std": 1.408224145184214e-05, "repeat": 6, "number": 7}]}, "transform_coords.TransformCoords.time_wavelength_to_tof": {"result": [0.033583221500009586], "stats": [{"ci_99": [0.0330751777380046, 0.03466084699999783], "q_25": 0.03348017625002342, "q_75": 0.03360745675001908, "min": 0.03317260999995142, "max": 0.03466084699999783, "mean": 0.03367687716666978, "std": 0.000464731949300255, "repeat": 6, "number": 1}]}}, "params": {"cpu": "2 Core CPU", "machine": "cloud-container", "os": "Ubuntu latest", "ram": "7GB", "python": "3.9", "appdirs": "", "cmake": "", "conan": "", "ess-dmsc::ess-streaming-data-types": "", "h5py": "", "ipykernel": "6.3.1", "ipympl": "", "ipywidgets": "", "mantid-framework": "", "matplotlib-base": "", "ninja": "", "numpy": "", "pip": "", "pooch": "", "python-configuration": "", "python-confluent-kafka": "", "pythreejs": "", "pyyaml": "", "scipp::scipp": "", "scipy": "", "tbb": ""}, "requirements": {"appdirs": "", "cmake": "", "conan": "", "ess-dmsc::ess-streaming-data-types": "", "h5py": "", "ipykernel": "6.3.1", "ipympl": "", "ipywidgets": "", "mantid-framework": "", "matplotlib-base": "", "ninja": "", "numpy": "", "pip": "", "pooch": "", "python-configuration": "", "python-confluent-kafka": "", "pythreejs": "", "pyyaml": "", "scipp::scipp": "", "scipy": "", "tbb": ""}, "commit_hash": "1ae74e77e447b6de05f33b84f44e9f7a1713525c", "date": 1634888285000, "env_name": "conda-py3.9-appdirs-cmake-conan-ess-dmsc__ess-streaming-data-types-h5py-ipykernel6.3.1-ipympl-ipywidgets-mantid-framework-matplotlib-base-ninja-numpy-pip-pooch-python-configuration-python-confluent-kafka-pythreejs-pyyaml-scipp__scipp-scipy-tbb", "python": "3.9", "profiles": {}, "started_at": {"load_nexus.LoadNexus.time_load_event_nexus": 1635077609771, "transform_coords.TransformCoords.time_energy_to_tof": 1635077623919, "transform_coords.TransformCoords.time_tof_to_dspacing": 1635077641225, "transform_coords.TransformCoords.time_tof_to_energy": 1635077659037, "transform_coords.TransformCoords.time_tof_to_wavelength": 1635077677250, "transform_coords.TransformCoords.time_wavelength_to_tof": 1635077694555}, "ended_at": {"load_nexus.LoadNexus.time_load_event_nexus": 1635077623919, "transform_coords.TransformCoords.time_energy_to_tof": 1635077641224, "transform_coords.TransformCoords.time_tof_to_dspacing": 1635077659037, "transform_coords.TransformCoords.time_tof_to_energy": 1635077677250, "transform_coords.TransformCoords.time_tof_to_wavelength": 1635077694555, "transform_coords.TransformCoords.time_wavelength_to_tof": 1635077711961}, "benchmark_version": {"load_nexus.LoadNexus.time_load_event_nexus": "9bb61e37c240f4221eff71f827efb0f1cfb5371f7c6b0e72f79b9ca92578e5e9", "transform_coords.TransformCoords.time_energy_to_tof": "f1ea8beffb41e75997f96056160ef6dd12d9afb53546d00f7e0cb2b307a616bb", "transform_coords.TransformCoords.time_tof_to_dspacing": "76d3e8bdf45621127e026f90298e8f292d01ddb57cb7caf05a5ce555a659d8ac", "transform_coords.TransformCoords.time_tof_to_energy": "32774381c7e0285d159959187b4537339285cc2573292bc6b39f5edd04d4bc0b", "transform_coords.TransformCoords.time_tof_to_wavelength": "46879c3a68b31604accd5a00f4187eb567d166242d70d944aa010a5d6f8de380", "transform_coords.TransformCoords.time_wavelength_to_tof": "d4710ab73daad9eb187b2c50c320802720ae09b880a656f3ac5284d75fea178b"}, "version": 1}