{"results": {"load_nexus.LoadNexus.time_load_event_nexus": {"result": [5.432249654999964], "stats": [{"ci_99": [0.3553898050014368, 10.509109504998488], "q_25": 5.381481056499979, "q_75": 5.483018253499949, "min": 5.330712457999994, "max": 5.533786851999935, "mean": 5.432249654999964, "std": 0.10153719699997055, "repeat": 2, "number": 1}]}, "transform_coords.TransformCoords.time_energy_to_tof": {"result": [0.001659617900008925], "stats": [{"ci_99": [0.0014016458950519436, 0.001915340304950305], "q_25": 0.0015727724000100807, "q_75": 0.0017453385999999685, "min": 0.00156657739998991, "max": 0.0017481591999967349, "mean": 0.0016584931000011237, "std": 8.784432552094286e-05, "repeat": 4, "number": 5}]}, "transform_coords.TransformCoords.time_tof_to_dspacing": {"result": [0.044276963500010424], "stats": [{"ci_99": [0.0424090742504175, 0.046294643249621174], "q_25": 0.043938717249972115, "q_75": 0.044690105000057656, "min": 0.043435584999997445, "max": 0.04541792300005909, "mean": 0.044351858750019346, "std": 0.0007150933296941368, "repeat": 4, "number": 1}]}, "transform_coords.TransformCoords.time_tof_to_energy": {"result": [0.3179306680000309], "stats": [{"ci_99": [0.29391566855195034, 0.3471517144480562], "q_25": 0.3146043284999962, "q_75": 0.3238600310000379, "min": 0.30935217000001103, "max": 0.33692125999994005, "mean": 0.3205336915000032, "std": 0.010150067042226563, "repeat": 4, "number": 1}]}, "transform_coords.TransformCoords.time_tof_to_wavelength": {"result": [0.0021433690999970167], "stats": [{"ci_99": [0.000576534282905023, 0.003836981117089578], "q_25": 0.0016775411499963865, "q_75": 0.0026725856499979273, "min": 0.0016198174000010112, "max": 0.0029204751999941437, "mean": 0.002206757699997297, "std": 0.0005614283516218097, "repeat": 4, "number": 5}]}, "transform_coords.TransformCoords.time_wavelength_to_tof": {"result": [0.04090559849998954], "stats": [{"ci_99": [0.0361102611533514, 0.047521487346659494], "q_25": 0.04014489374995378, "q_75": 0.04257657900004119, "min": 0.03998477400000411, "max": 0.04546752600003856, "mean": 0.041815874250005436, "std": 0.0021991662177483343, "repeat": 4, "number": 1}]}}, "params": {"cpu": "2 Core CPU", "machine": "cloud-container", "os": "Ubuntu latest", "ram": "7GB", "python": "3.9", "appdirs": "", "cmake": "", "conan": "", "ess-dmsc::ess-streaming-data-types": "", "h5py": "", "ipykernel": "6.3.1", "ipympl": "", "ipywidgets": "", "mantid-framework": "", "matplotlib-base": "", "ninja": "", "numpy": "", "pip": "", "pooch": "", "python-configuration": "", "python-confluent-kafka": "", "pythreejs": "", "pyyaml": "", "scipp::scipp": "", "scipy": "", "tbb": ""}, "requirements": {"appdirs": "", "cmake": "", "conan": "", "ess-dmsc::ess-streaming-data-types": "", "h5py": "", "ipykernel": "6.3.1", "ipympl": "", "ipywidgets": "", "mantid-framework": "", "matplotlib-base": "", "ninja": "", "numpy": "", "pip": "", "pooch": "", "python-configuration": "", "python-confluent-kafka": "", "pythreejs": "", "pyyaml": "", "scipp::scipp": "", "scipy": "", "tbb": ""}, "commit_hash": "1ae74e77e447b6de05f33b84f44e9f7a1713525c", "date": 1634888285000, "env_name": "conda-py3.9-appdirs-cmake-conan-ess-dmsc__ess-streaming-data-types-h5py-ipykernel6.3.1-ipympl-ipywidgets-mantid-framework-matplotlib-base-ninja-numpy-pip-pooch-python-configuration-python-confluent-kafka-pythreejs-pyyaml-scipp__scipp-scipy-tbb", "python": "3.9", "profiles": {}, "started_at": {"load_nexus.LoadNexus.time_load_event_nexus": 1634937082258, "transform_coords.TransformCoords.time_energy_to_tof": 1634937093755, "transform_coords.TransformCoords.time_tof_to_dspacing": 1634937111726, "transform_coords.TransformCoords.time_tof_to_energy": 1634937129992, "transform_coords.TransformCoords.time_tof_to_wavelength": 1634937149258, "transform_coords.TransformCoords.time_wavelength_to_tof": 1634937167972}, "ended_at": {"load_nexus.LoadNexus.time_load_event_nexus": 1634937093754, "transform_coords.TransformCoords.time_energy_to_tof": 1634937111725, "transform_coords.TransformCoords.time_tof_to_dspacing": 1634937129992, "transform_coords.TransformCoords.time_tof_to_energy": 1634937149258, "transform_coords.TransformCoords.time_tof_to_wavelength": 1634937167971, "transform_coords.TransformCoords.time_wavelength_to_tof": 1634937186486}, "benchmark_version": {"load_nexus.LoadNexus.time_load_event_nexus": "9bb61e37c240f4221eff71f827efb0f1cfb5371f7c6b0e72f79b9ca92578e5e9", "transform_coords.TransformCoords.time_energy_to_tof": "f1ea8beffb41e75997f96056160ef6dd12d9afb53546d00f7e0cb2b307a616bb", "transform_coords.TransformCoords.time_tof_to_dspacing": "76d3e8bdf45621127e026f90298e8f292d01ddb57cb7caf05a5ce555a659d8ac", "transform_coords.TransformCoords.time_tof_to_energy": "32774381c7e0285d159959187b4537339285cc2573292bc6b39f5edd04d4bc0b", "transform_coords.TransformCoords.time_tof_to_wavelength": "46879c3a68b31604accd5a00f4187eb567d166242d70d944aa010a5d6f8de380", "transform_coords.TransformCoords.time_wavelength_to_tof": "d4710ab73daad9eb187b2c50c320802720ae09b880a656f3ac5284d75fea178b"}, "version": 1}