{"results": {"load_nexus.LoadNexus.time_load_event_nexus": {"result": [5.50526019299997], "stats": [{"ci_99": [-6.5100709069996014, 17.52059129299953], "q_25": 5.385106881999974, "q_75": 5.625413503999965, "min": 5.264953570999978, "max": 5.745566814999961, "mean": 5.50526019299997, "std": 0.24030662199999142, "repeat": 2, "number": 1}]}, "transform_coords.TransformCoords.time_energy_to_tof": {"result": [0.0016766210000014325], "stats": [{"ci_99": [0.0013865923017751076, 0.001995201998227984], "q_25": 0.0016168067500018425, "q_75": 0.0017507114000011369, "min": 0.0015558064000060767, "max": 0.0018545401999972456, "mean": 0.0016908971500015468, "std": 0.00011017445552545638, "repeat": 4, "number": 5}]}, "transform_coords.TransformCoords.time_tof_to_dspacing": {"result": [0.03874400450001758], "stats": [{"ci_99": [0.032701526251638934, 0.04587689474839262], "q_25": 0.03746603124997705, "q_75": 0.0405671837500563, "min": 0.03670681300002343, "max": 0.042962020000004486, "mean": 0.03928921050001577, "std": 0.0023902744458572187, "repeat": 4, "number": 1}]}, "transform_coords.TransformCoords.time_tof_to_energy": {"result": [0.33442507349997186], "stats": [{"ci_99": [0.31296737975913846, 0.36535227374087315], "q_25": 0.3317725909999467, "q_75": 0.3418123092500309, "min": 0.3309961370000565, "max": 0.3567930230000229, "mean": 0.3391598267500058, "std": 0.010414778880035941, "repeat": 4, "number": 1}]}, "transform_coords.TransformCoords.time_tof_to_wavelength": {"result": [0.001665259900005367], "stats": [{"ci_99": [0.0014335225097868518, 0.0018395379902114849], "q_25": 0.0016046097500066025, "q_75": 0.0016971803999979332, "min": 0.0015121802000066964, "max": 0.0017034209999792437, "mean": 0.0016365302499991687, "std": 7.643457979380277e-05, "repeat": 4, "number": 5}]}, "transform_coords.TransformCoords.time_wavelength_to_tof": {"result": [0.035215853499948935], "stats": [{"ci_99": [0.034129146384714135, 0.03611541711518392], "q_25": 0.03489453124993247, "q_75": 0.03544360399996549, "min": 0.03460481599995546, "max": 0.03545260399994277, "mean": 0.035122281749949025, "std": 0.00035193057219273067, "repeat": 4, "number": 1}]}}, "params": {"cpu": "2 Core CPU", "machine": "cloud-container", "os": "Ubuntu latest", "ram": "7GB", "python": "3.9", "appdirs": "", "cmake": "", "conan": "", "ess-dmsc::ess-streaming-data-types": "", "h5py": "", "ipykernel": "6.3.1", "ipympl": "", "ipywidgets": "", "mantid-framework": "", "matplotlib-base": "", "ninja": "", "numpy": "", "pip": "", "pooch": "", "python-configuration": "", "python-confluent-kafka": "", "pythreejs": "", "pyyaml": "", "scipp::scipp": "", "scipy": "", "tbb": ""}, "requirements": {"appdirs": "", "cmake": "", "conan": "", "ess-dmsc::ess-streaming-data-types": "", "h5py": "", "ipykernel": "6.3.1", "ipympl": "", "ipywidgets": "", "mantid-framework": "", "matplotlib-base": "", "ninja": "", "numpy": "", "pip": "", "pooch": "", "python-configuration": "", "python-confluent-kafka": "", "pythreejs": "", "pyyaml": "", "scipp::scipp": "", "scipy": "", "tbb": ""}, "commit_hash": "1ae74e77e447b6de05f33b84f44e9f7a1713525c", "date": 1634888285000, "env_name": "conda-py3.9-appdirs-cmake-conan-ess-dmsc__ess-streaming-data-types-h5py-ipykernel6.3.1-ipympl-ipywidgets-mantid-framework-matplotlib-base-ninja-numpy-pip-pooch-python-configuration-python-confluent-kafka-pythreejs-pyyaml-scipp__scipp-scipy-tbb", "python": "3.9", "profiles": {}, "started_at": {"load_nexus.LoadNexus.time_load_event_nexus": 1635045106371, "transform_coords.TransformCoords.time_energy_to_tof": 1635045117879, "transform_coords.TransformCoords.time_tof_to_dspacing": 1635045136198, "transform_coords.TransformCoords.time_tof_to_energy": 1635045154513, "transform_coords.TransformCoords.time_tof_to_wavelength": 1635045173600, "transform_coords.TransformCoords.time_wavelength_to_tof": 1635045191833}, "ended_at": {"load_nexus.LoadNexus.time_load_event_nexus": 1635045117878, "transform_coords.TransformCoords.time_energy_to_tof": 1635045136198, "transform_coords.TransformCoords.time_tof_to_dspacing": 1635045154512, "transform_coords.TransformCoords.time_tof_to_energy": 1635045173599, "transform_coords.TransformCoords.time_tof_to_wavelength": 1635045191832, "transform_coords.TransformCoords.time_wavelength_to_tof": 1635045210289}, "benchmark_version": {"load_nexus.LoadNexus.time_load_event_nexus": "9bb61e37c240f4221eff71f827efb0f1cfb5371f7c6b0e72f79b9ca92578e5e9", "transform_coords.TransformCoords.time_energy_to_tof": "f1ea8beffb41e75997f96056160ef6dd12d9afb53546d00f7e0cb2b307a616bb", "transform_coords.TransformCoords.time_tof_to_dspacing": "76d3e8bdf45621127e026f90298e8f292d01ddb57cb7caf05a5ce555a659d8ac", "transform_coords.TransformCoords.time_tof_to_energy": "32774381c7e0285d159959187b4537339285cc2573292bc6b39f5edd04d4bc0b", "transform_coords.TransformCoords.time_tof_to_wavelength": "46879c3a68b31604accd5a00f4187eb567d166242d70d944aa010a5d6f8de380", "transform_coords.TransformCoords.time_wavelength_to_tof": "d4710ab73daad9eb187b2c50c320802720ae09b880a656f3ac5284d75fea178b"}, "version": 1}