{"results": {"load_nexus.LoadNexus.time_load_event_nexus": {"result": [6.152836650500035], "stats": [{"ci_99": [-0.46262167450106517, 12.76829497550113], "q_25": 6.086682067250024, "q_75": 6.218991233750046, "min": 6.020527484000013, "max": 6.285145817000057, "mean": 6.152836650500035, "std": 0.132309166500022, "repeat": 2, "number": 1}]}, "transform_coords.TransformCoords.time_energy_to_tof": {"result": [0.0018322828000009394], "stats": [{"ci_99": [0.0017133740180335709, 0.0019265814819553297], "q_25": 0.0017980605499985814, "q_75": 0.0018541999999968084, "min": 0.0017610169999898063, "max": 0.001854328399986116, "mean": 0.0018199777499944502, "std": 3.845823857756244e-05, "repeat": 4, "number": 5}]}, "transform_coords.TransformCoords.time_tof_to_dspacing": {"result": [0.047358609499951854], "stats": [{"ci_99": [0.041820409292310234, 0.054592247207611716], "q_25": 0.04677202075001219, "q_75": 0.048792916999900626, "min": 0.045726520000016535, "max": 0.0523815739999236, "mean": 0.04820632824996096, "std": 0.0025066288344565476, "repeat": 4, "number": 1}]}, "transform_coords.TransformCoords.time_tof_to_energy": {"result": [0.3528109039999663], "stats": [{"ci_99": [0.3332599080879358, 0.37216723591206213], "q_25": 0.34687072749997583, "q_75": 0.35865374849998943, "min": 0.3447463239999706, "max": 0.3604861560000927, "mean": 0.352713571999999, "std": 0.006683142538286088, "repeat": 4, "number": 1}]}, "transform_coords.TransformCoords.time_tof_to_wavelength": {"result": [0.001905386400005682], "stats": [{"ci_99": [0.0015479734568412248, 0.0022596920431642155], "q_25": 0.0018331968499978757, "q_75": 0.001976022300010527, "min": 0.001722197000003689, "max": 0.0020823611999958302, "mean": 0.0019038327500027208, "std": 0.00012975495817983977, "repeat": 4, "number": 5}]}, "transform_coords.TransformCoords.time_wavelength_to_tof": {"result": [0.043829102500012596], "stats": [{"ci_99": [0.0403583193109056, 0.0478324201890588], "q_25": 0.04337760524995815, "q_75": 0.04454686700003663, "min": 0.042395042999942234, "max": 0.046328230999961306, "mean": 0.04409536974998218, "std": 0.0014185659361218772, "repeat": 4, "number": 1}]}}, "params": {"cpu": "2 Core CPU", "machine": "cloud-container", "os": "Ubuntu latest", "ram": "7GB", "python": "3.9", "appdirs": "", "cmake": "", "conan": "", "ess-dmsc::ess-streaming-data-types": "", "h5py": "", "ipykernel": "6.3.1", "ipympl": "", "ipywidgets": "", "mantid-framework": "", "matplotlib-base": "", "ninja": "", "numpy": "", "pip": "", "pooch": "", "python-configuration": "", "python-confluent-kafka": "", "pythreejs": "", "pyyaml": "", "scipp::scipp": "", "scipy": "", "tbb": ""}, "requirements": {"appdirs": "", "cmake": "", "conan": "", "ess-dmsc::ess-streaming-data-types": "", "h5py": "", "ipykernel": "6.3.1", "ipympl": "", "ipywidgets": "", "mantid-framework": "", "matplotlib-base": "", "ninja": "", "numpy": "", "pip": "", "pooch": "", "python-configuration": "", "python-confluent-kafka": "", "pythreejs": "", "pyyaml": "", "scipp::scipp": "", "scipy": "", "tbb": ""}, "commit_hash": "1ae74e77e447b6de05f33b84f44e9f7a1713525c", "date": 1634888285000, "env_name": "conda-py3.9-appdirs-cmake-conan-ess-dmsc__ess-streaming-data-types-h5py-ipykernel6.3.1-ipympl-ipywidgets-mantid-framework-matplotlib-base-ninja-numpy-pip-pooch-python-configuration-python-confluent-kafka-pythreejs-pyyaml-scipp__scipp-scipy-tbb", "python": "3.9", "profiles": {}, "started_at": {"load_nexus.LoadNexus.time_load_event_nexus": 1634933606096, "transform_coords.TransformCoords.time_energy_to_tof": 1634933618837, "transform_coords.TransformCoords.time_tof_to_dspacing": 1634933638895, "transform_coords.TransformCoords.time_tof_to_energy": 1634933659303, "transform_coords.TransformCoords.time_tof_to_wavelength": 1634933680767, "transform_coords.TransformCoords.time_wavelength_to_tof": 1634933701025}, "ended_at": {"load_nexus.LoadNexus.time_load_event_nexus": 1634933618836, "transform_coords.TransformCoords.time_energy_to_tof": 1634933638895, "transform_coords.TransformCoords.time_tof_to_dspacing": 1634933659303, "transform_coords.TransformCoords.time_tof_to_energy": 1634933680767, "transform_coords.TransformCoords.time_tof_to_wavelength": 1634933701024, "transform_coords.TransformCoords.time_wavelength_to_tof": 1634933721591}, "benchmark_version": {"load_nexus.LoadNexus.time_load_event_nexus": "9bb61e37c240f4221eff71f827efb0f1cfb5371f7c6b0e72f79b9ca92578e5e9", "transform_coords.TransformCoords.time_energy_to_tof": "f1ea8beffb41e75997f96056160ef6dd12d9afb53546d00f7e0cb2b307a616bb", "transform_coords.TransformCoords.time_tof_to_dspacing": "76d3e8bdf45621127e026f90298e8f292d01ddb57cb7caf05a5ce555a659d8ac", "transform_coords.TransformCoords.time_tof_to_energy": "32774381c7e0285d159959187b4537339285cc2573292bc6b39f5edd04d4bc0b", "transform_coords.TransformCoords.time_tof_to_wavelength": "46879c3a68b31604accd5a00f4187eb567d166242d70d944aa010a5d6f8de380", "transform_coords.TransformCoords.time_wavelength_to_tof": "d4710ab73daad9eb187b2c50c320802720ae09b880a656f3ac5284d75fea178b"}, "version": 1}