{"results": {"load_nexus.LoadNexus.time_load_event_nexus": {"result": [5.026055256999996], "stats": [{"ci_99": [4.237894406998578, 5.814216107001413], "q_25": 5.018173648499982, "q_75": 5.03393686550001, "min": 5.0102920399999675, "max": 5.041818474000024, "mean": 5.026055256999996, "std": 0.015763217000028362, "repeat": 2, "number": 1}]}, "transform_coords.TransformCoords.time_energy_to_tof": {"result": [0.0016246062000050189], "stats": [{"ci_99": [0.0013011851044456844, 0.0019810484955524233], "q_25": 0.0015472185000021455, "q_75": 0.001718504500001927, "min": 0.0015006719999973938, "max": 0.0018145827999887843, "mean": 0.001641116799999054, "std": 0.00012043331462916382, "repeat": 4, "number": 5}]}, "transform_coords.TransformCoords.time_tof_to_dspacing": {"result": [0.04011913649998178], "stats": [{"ci_99": [0.03358947936502889, 0.046629539135002424], "q_25": 0.03833587400001193, "q_75": 0.04189277174998551, "min": 0.037221776000023965, "max": 0.04297798800007513, "mean": 0.04010950925001566, "std": 0.0022668404489404985, "repeat": 4, "number": 1}]}, "transform_coords.TransformCoords.time_tof_to_energy": {"result": [0.31913968200001364], "stats": [{"ci_99": [0.29847088310245096, 0.33259638789755525], "q_25": 0.3150931929999956, "q_75": 0.31958012450002116, "min": 0.3032106880000356, "max": 0.32064448999994966, "mean": 0.31553363550000313, "std": 0.0071413879033157615, "repeat": 4, "number": 1}]}, "transform_coords.TransformCoords.time_tof_to_wavelength": {"result": [0.0015853714166667032], "stats": [{"ci_99": [0.0011683891380436838, 0.0021591590286274137], "q_25": 0.0015389822499921972, "q_75": 0.001710163250010055, "min": 0.0014890679999931915, "max": 0.001995285500015598, "mean": 0.001663774083335549, "std": 0.00019652369141378236, "repeat": 4, "number": 6}]}, "transform_coords.TransformCoords.time_wavelength_to_tof": {"result": [0.036662059499974475], "stats": [{"ci_99": [0.03130346512765009, 0.042111263372333445], "q_25": 0.03495532024999193, "q_75": 0.03841410349997432, "min": 0.03470009599993773, "max": 0.0388052420000804, "mean": 0.03670736424999177, "std": 0.0018502644016214476, "repeat": 4, "number": 1}]}}, "params": {"cpu": "2 Core CPU", "machine": "cloud-container", "os": "Ubuntu latest", "ram": "7GB", "python": "3.9", "appdirs": "", "cmake": "", "conan": "", "ess-dmsc::ess-streaming-data-types": "", "h5py": "", "ipykernel": "6.3.1", "ipympl": "", "ipywidgets": "", "mantid-framework": "", "matplotlib-base": "", "ninja": "", "numpy": "", "pip": "", "pooch": "", "python-configuration": "", "python-confluent-kafka": "", "pythreejs": "", "pyyaml": "", "scipp::scipp": "", "scipy": "", "tbb": ""}, "requirements": {"appdirs": "", "cmake": "", "conan": "", "ess-dmsc::ess-streaming-data-types": "", "h5py": "", "ipykernel": "6.3.1", "ipympl": "", "ipywidgets": "", "mantid-framework": "", "matplotlib-base": "", "ninja": "", "numpy": "", "pip": "", "pooch": "", "python-configuration": "", "python-confluent-kafka": "", "pythreejs": "", "pyyaml": "", "scipp::scipp": "", "scipy": "", "tbb": ""}, "commit_hash": "1ae74e77e447b6de05f33b84f44e9f7a1713525c", "date": 1634888285000, "env_name": "conda-py3.9-appdirs-cmake-conan-ess-dmsc__ess-streaming-data-types-h5py-ipykernel6.3.1-ipympl-ipywidgets-mantid-framework-matplotlib-base-ninja-numpy-pip-pooch-python-configuration-python-confluent-kafka-pythreejs-pyyaml-scipp__scipp-scipy-tbb", "python": "3.9", "profiles": {}, "started_at": {"load_nexus.LoadNexus.time_load_event_nexus": 1635135135819, "transform_coords.TransformCoords.time_energy_to_tof": 1635135146614, "transform_coords.TransformCoords.time_tof_to_dspacing": 1635135163766, "transform_coords.TransformCoords.time_tof_to_energy": 1635135180923, "transform_coords.TransformCoords.time_tof_to_wavelength": 1635135199030, "transform_coords.TransformCoords.time_wavelength_to_tof": 1635135216493}, "ended_at": {"load_nexus.LoadNexus.time_load_event_nexus": 1635135146614, "transform_coords.TransformCoords.time_energy_to_tof": 1635135163765, "transform_coords.TransformCoords.time_tof_to_dspacing": 1635135180922, "transform_coords.TransformCoords.time_tof_to_energy": 1635135199029, "transform_coords.TransformCoords.time_tof_to_wavelength": 1635135216492, "transform_coords.TransformCoords.time_wavelength_to_tof": 1635135233642}, "benchmark_version": {"load_nexus.LoadNexus.time_load_event_nexus": "9bb61e37c240f4221eff71f827efb0f1cfb5371f7c6b0e72f79b9ca92578e5e9", "transform_coords.TransformCoords.time_energy_to_tof": "f1ea8beffb41e75997f96056160ef6dd12d9afb53546d00f7e0cb2b307a616bb", "transform_coords.TransformCoords.time_tof_to_dspacing": "76d3e8bdf45621127e026f90298e8f292d01ddb57cb7caf05a5ce555a659d8ac", "transform_coords.TransformCoords.time_tof_to_energy": "32774381c7e0285d159959187b4537339285cc2573292bc6b39f5edd04d4bc0b", "transform_coords.TransformCoords.time_tof_to_wavelength": "46879c3a68b31604accd5a00f4187eb567d166242d70d944aa010a5d6f8de380", "transform_coords.TransformCoords.time_wavelength_to_tof": "d4710ab73daad9eb187b2c50c320802720ae09b880a656f3ac5284d75fea178b"}, "version": 1}