{"results": {"load_nexus.LoadNexus.time_load_event_nexus": {"result": [5.357653681000045], "stats": [{"ci_99": [-5.327548268999578, 16.04285563099966], "q_25": 5.250801661500049, "q_75": 5.464505700500041, "min": 5.143949642000052, "max": 5.571357720000037, "mean": 5.357653681000045, "std": 0.21370403899999246, "repeat": 2, "number": 1}]}, "transform_coords.TransformCoords.time_energy_to_tof": {"result": [0.0015657709166608431], "stats": [{"ci_99": [0.0013551762623399367, 0.0018256927376553952], "q_25": 0.0015186232916543456, "q_75": 0.001637582125004163, "min": 0.0015084606666656934, "max": 0.0017217355000032815, "mean": 0.0015904344999976652, "std": 8.515593993979145e-05, "repeat": 4, "number": 6}]}, "transform_coords.TransformCoords.time_tof_to_dspacing": {"result": [0.041015138500029025], "stats": [{"ci_99": [0.037332273989464634, 0.04417438451061036], "q_25": 0.04024498275003907, "q_75": 0.04152348500002745, "min": 0.03873855000006188, "max": 0.042244490000030055, "mean": 0.040753329250037496, "std": 0.0012809805134617407, "repeat": 4, "number": 1}]}, "transform_coords.TransformCoords.time_tof_to_energy": {"result": [0.31442540000000463], "stats": [{"ci_99": [0.29349384661040473, 0.33624130288964504], "q_25": 0.3111930207500109, "q_75": 0.31809995400001867, "min": 0.30406713800005036, "max": 0.32655236100004004, "mean": 0.3148675747500249, "std": 0.007985046808133438, "repeat": 4, "number": 1}]}, "transform_coords.TransformCoords.time_tof_to_wavelength": {"result": [0.001569512499997927], "stats": [{"ci_99": [0.00136783828766826, 0.0018277975456630438], "q_25": 0.0015332111250027463, "q_75": 0.0016341192916608331, "min": 0.0015149105000015577, "max": 0.001737336166665197, "mean": 0.0015978179166656523, "std": 8.626354383768071e-05, "repeat": 4, "number": 6}]}, "transform_coords.TransformCoords.time_wavelength_to_tof": {"result": [0.03728863949999095], "stats": [{"ci_99": [0.02911229146826691, 0.04968820703174881], "q_25": 0.03672696749995907, "q_75": 0.03996192125003972, "min": 0.036306651000018064, "max": 0.04671706700003142, "mean": 0.039400249250007846, "std": 0.004253804186256818, "repeat": 4, "number": 1}]}}, "params": {"cpu": "2 Core CPU", "machine": "cloud-container", "os": "Ubuntu latest", "ram": "7GB", "python": "3.9", "appdirs": "", "cmake": "", "conan": "", "ess-dmsc::ess-streaming-data-types": "", "h5py": "", "ipykernel": "6.3.1", "ipympl": "", "ipywidgets": "", "mantid-framework": "", "matplotlib-base": "", "ninja": "", "numpy": "", "pip": "", "pooch": "", "python-configuration": "", "python-confluent-kafka": "", "pythreejs": "", "pyyaml": "", "scipp::scipp": "", "scipy": "", "tbb": ""}, "requirements": {"appdirs": "", "cmake": "", "conan": "", "ess-dmsc::ess-streaming-data-types": "", "h5py": "", "ipykernel": "6.3.1", "ipympl": "", "ipywidgets": "", "mantid-framework": "", "matplotlib-base": "", "ninja": "", "numpy": "", "pip": "", "pooch": "", "python-configuration": "", "python-confluent-kafka": "", "pythreejs": "", "pyyaml": "", "scipp::scipp": "", "scipy": "", "tbb": ""}, "commit_hash": "1ae74e77e447b6de05f33b84f44e9f7a1713525c", "date": 1634888285000, "env_name": "conda-py3.9-appdirs-cmake-conan-ess-dmsc__ess-streaming-data-types-h5py-ipykernel6.3.1-ipympl-ipywidgets-mantid-framework-matplotlib-base-ninja-numpy-pip-pooch-python-configuration-python-confluent-kafka-pythreejs-pyyaml-scipp__scipp-scipy-tbb", "python": "3.9", "profiles": {}, "started_at": {"load_nexus.LoadNexus.time_load_event_nexus": 1635106271416, "transform_coords.TransformCoords.time_energy_to_tof": 1635106282203, "transform_coords.TransformCoords.time_tof_to_dspacing": 1635106299253, "transform_coords.TransformCoords.time_tof_to_energy": 1635106316157, "transform_coords.TransformCoords.time_tof_to_wavelength": 1635106334261, "transform_coords.TransformCoords.time_wavelength_to_tof": 1635106351263}, "ended_at": {"load_nexus.LoadNexus.time_load_event_nexus": 1635106282203, "transform_coords.TransformCoords.time_energy_to_tof": 1635106299253, "transform_coords.TransformCoords.time_tof_to_dspacing": 1635106316156, "transform_coords.TransformCoords.time_tof_to_energy": 1635106334260, "transform_coords.TransformCoords.time_tof_to_wavelength": 1635106351263, "transform_coords.TransformCoords.time_wavelength_to_tof": 1635106368315}, "benchmark_version": {"load_nexus.LoadNexus.time_load_event_nexus": "9bb61e37c240f4221eff71f827efb0f1cfb5371f7c6b0e72f79b9ca92578e5e9", "transform_coords.TransformCoords.time_energy_to_tof": "f1ea8beffb41e75997f96056160ef6dd12d9afb53546d00f7e0cb2b307a616bb", "transform_coords.TransformCoords.time_tof_to_dspacing": "76d3e8bdf45621127e026f90298e8f292d01ddb57cb7caf05a5ce555a659d8ac", "transform_coords.TransformCoords.time_tof_to_energy": "32774381c7e0285d159959187b4537339285cc2573292bc6b39f5edd04d4bc0b", "transform_coords.TransformCoords.time_tof_to_wavelength": "46879c3a68b31604accd5a00f4187eb567d166242d70d944aa010a5d6f8de380", "transform_coords.TransformCoords.time_wavelength_to_tof": "d4710ab73daad9eb187b2c50c320802720ae09b880a656f3ac5284d75fea178b"}, "version": 1}