{"results": {"load_nexus.LoadNexus.time_load_event_nexus": {"result": [4.80133064000006], "stats": [{"ci_99": [4.6139928810389375, 5.030346960294462], "q_25": 4.795199965000052, "q_75": 4.838720236000029, "min": 4.789069290000043, "max": 4.876109831999997, "mean": 4.8221699206667, "std": 0.03846834804475578, "repeat": 3, "number": 1}]}, "transform_coords.TransformCoords.time_energy_to_tof": {"result": [0.0013612018333333253], "stats": [{"ci_99": [0.0013209059567915475, 0.0014746201666658483], "q_25": 0.0013499017083375975, "q_75": 0.0013795647083298945, "min": 0.001347434999994827, "max": 0.0014746201666658483, "mean": 0.0013793799166658498, "std": 4.439809009865656e-05, "repeat": 6, "number": 6}]}, "transform_coords.TransformCoords.time_tof_to_dspacing": {"result": [0.036781255500017096], "stats": [{"ci_99": [0.03624369299996033, 0.037259607000009964], "q_25": 0.03660427775001551, "q_75": 0.03688233399999774, "min": 0.03624369299996033, "max": 0.037259607000009964, "mean": 0.036754520500001796, "std": 0.0003114257541772937, "repeat": 6, "number": 1}]}, "transform_coords.TransformCoords.time_tof_to_energy": {"result": [0.25937217950001923], "stats": [{"ci_99": [0.2587405075881829, 0.2602757324118399], "q_25": 0.25909432625005024, "q_75": 0.2598650832500198, "min": 0.25902463200003467, "max": 0.26024863599991477, "mean": 0.2595081200000114, "std": 0.00046546353076085177, "repeat": 6, "number": 1}]}, "transform_coords.TransformCoords.time_tof_to_wavelength": {"result": [0.0013585104166698634], "stats": [{"ci_99": [0.0013388141612974737, 0.0013783998333375773], "q_25": 0.0013487206666648415, "q_75": 0.001362647791673055, "min": 0.0013423178333293133, "max": 0.0013783998333375773, "mean": 0.0013578704722239838, "std": 1.1852530673750353e-05, "repeat": 6, "number": 6}]}, "transform_coords.TransformCoords.time_wavelength_to_tof": {"result": [0.034633373500014386], "stats": [{"ci_99": [0.03422768799998721, 0.03478347824662326], "q_25": 0.034603040749985325, "q_75": 0.03467981325002256, "min": 0.03422768799998721, "max": 0.03469897200000105, "mean": 0.03458027166666966, "std": 0.00016172812877507197, "repeat": 6, "number": 1}]}}, "params": {"cpu": "2 Core CPU", "machine": "cloud-container", "os": "Ubuntu latest", "ram": "7GB", "python": "3.9", "appdirs": "", "cmake": "", "conan": "", "ess-dmsc::ess-streaming-data-types": "", "h5py": "", "ipykernel": "6.3.1", "ipympl": "", "ipywidgets": "", "mantid-framework": "", "matplotlib-base": "", "ninja": "", "numpy": "", "pip": "", "pooch": "", "python-configuration": "", "python-confluent-kafka": "", "pythreejs": "", "pyyaml": "", "scipp::scipp": "", "scipy": "", "tbb": ""}, "requirements": {"appdirs": "", "cmake": "", "conan": "", "ess-dmsc::ess-streaming-data-types": "", "h5py": "", "ipykernel": "6.3.1", "ipympl": "", "ipywidgets": "", "mantid-framework": "", "matplotlib-base": "", "ninja": "", "numpy": "", "pip": "", "pooch": "", "python-configuration": "", "python-confluent-kafka": "", "pythreejs": "", "pyyaml": "", "scipp::scipp": "", "scipy": "", "tbb": ""}, "commit_hash": "1ae74e77e447b6de05f33b84f44e9f7a1713525c", "date": 1634888285000, "env_name": "conda-py3.9-appdirs-cmake-conan-ess-dmsc__ess-streaming-data-types-h5py-ipykernel6.3.1-ipympl-ipywidgets-mantid-framework-matplotlib-base-ninja-numpy-pip-pooch-python-configuration-python-confluent-kafka-pythreejs-pyyaml-scipp__scipp-scipy-tbb", "python": "3.9", "profiles": {}, "started_at": {"load_nexus.LoadNexus.time_load_event_nexus": 1634991204645, "transform_coords.TransformCoords.time_energy_to_tof": 1634991219741, "transform_coords.TransformCoords.time_tof_to_dspacing": 1634991238642, "transform_coords.TransformCoords.time_tof_to_energy": 1634991257596, "transform_coords.TransformCoords.time_tof_to_wavelength": 1634991277400, "transform_coords.TransformCoords.time_wavelength_to_tof": 1634991296305}, "ended_at": {"load_nexus.LoadNexus.time_load_event_nexus": 1634991219740, "transform_coords.TransformCoords.time_energy_to_tof": 1634991238642, "transform_coords.TransformCoords.time_tof_to_dspacing": 1634991257595, "transform_coords.TransformCoords.time_tof_to_energy": 1634991277399, "transform_coords.TransformCoords.time_tof_to_wavelength": 1634991296305, "transform_coords.TransformCoords.time_wavelength_to_tof": 1634991315264}, "benchmark_version": {"load_nexus.LoadNexus.time_load_event_nexus": "9bb61e37c240f4221eff71f827efb0f1cfb5371f7c6b0e72f79b9ca92578e5e9", "transform_coords.TransformCoords.time_energy_to_tof": "f1ea8beffb41e75997f96056160ef6dd12d9afb53546d00f7e0cb2b307a616bb", "transform_coords.TransformCoords.time_tof_to_dspacing": "76d3e8bdf45621127e026f90298e8f292d01ddb57cb7caf05a5ce555a659d8ac", "transform_coords.TransformCoords.time_tof_to_energy": "32774381c7e0285d159959187b4537339285cc2573292bc6b39f5edd04d4bc0b", "transform_coords.TransformCoords.time_tof_to_wavelength": "46879c3a68b31604accd5a00f4187eb567d166242d70d944aa010a5d6f8de380", "transform_coords.TransformCoords.time_wavelength_to_tof": "d4710ab73daad9eb187b2c50c320802720ae09b880a656f3ac5284d75fea178b"}, "version": 1}