{"results": {"load_nexus.LoadNexus.time_load_event_nexus": {"result": [5.439010525500009], "stats": [{"ci_99": [-1.5003421495019325, 12.378363200501944], "q_25": 5.36961699874999, "q_75": 5.508404052250029, "min": 5.300223471999971, "max": 5.577797579000048, "mean": 5.439010525500009, "std": 0.13878705350003884, "repeat": 2, "number": 1}]}, "transform_coords.TransformCoords.time_energy_to_tof": {"result": [0.0015905048999911742], "stats": [{"ci_99": [0.0014841975148420727, 0.0017379985851470323], "q_25": 0.0015836945499927424, "q_75": 0.0016179083999929846, "min": 0.0015654238000024634, "max": 0.0016979585999933988, "mean": 0.0016110980499945528, "std": 5.118614314585057e-05, "repeat": 4, "number": 5}]}, "transform_coords.TransformCoords.time_tof_to_dspacing": {"result": [0.0380105339999659], "stats": [{"ci_99": [0.037085993370677035, 0.03873726062926557], "q_25": 0.037827623249967246, "q_75": 0.03809453774996996, "min": 0.03738239699998758, "max": 0.03824304299996584, "mean": 0.037911626999971304, "std": 0.0003208842950503203, "repeat": 4, "number": 1}]}, "transform_coords.TransformCoords.time_tof_to_energy": {"result": [0.3005246799999668], "stats": [{"ci_99": [0.2848162746105497, 0.32176291088943193], "q_25": 0.29855661224993923, "q_75": 0.30525766050001835, "min": 0.2966774369999712, "max": 0.3154315740000584, "mean": 0.3032895927499908, "std": 0.007246343670227043, "repeat": 4, "number": 1}]}, "transform_coords.TransformCoords.time_tof_to_wavelength": {"result": [0.0015904750000004242], "stats": [{"ci_99": [0.0015251954542427368, 0.0016566350457687916], "q_25": 0.00157611865000149, "q_75": 0.0016052716000046986, "min": 0.0015591232000133459, "max": 0.0016235878000088633, "mean": 0.0015909152500057644, "std": 2.3609804751099578e-05, "repeat": 4, "number": 5}]}, "transform_coords.TransformCoords.time_wavelength_to_tof": {"result": [0.03553394450000269], "stats": [{"ci_99": [0.0343665749493834, 0.03660099805057831], "q_25": 0.03517320750000863, "q_75": 0.03584452349997491, "min": 0.034981463999997686, "max": 0.03588579299992034, "mean": 0.03548378649998085, "std": 0.0003857382412065317, "repeat": 4, "number": 1}]}}, "params": {"cpu": "2 Core CPU", "machine": "cloud-container", "os": "Ubuntu latest", "ram": "7GB", "python": "3.9", "appdirs": "", "cmake": "", "conan": "", "ess-dmsc::ess-streaming-data-types": "", "h5py": "", "ipykernel": "6.3.1", "ipympl": "", "ipywidgets": "", "mantid-framework": "", "matplotlib-base": "", "ninja": "", "numpy": "", "pip": "", "pooch": "", "python-configuration": "", "python-confluent-kafka": "", "pythreejs": "", "pyyaml": "", "scipp::scipp": "", "scipy": "", "tbb": ""}, "requirements": {"appdirs": "", "cmake": "", "conan": "", "ess-dmsc::ess-streaming-data-types": "", "h5py": "", "ipykernel": "6.3.1", "ipympl": "", "ipywidgets": "", "mantid-framework": "", "matplotlib-base": "", "ninja": "", "numpy": "", "pip": "", "pooch": "", "python-configuration": "", "python-confluent-kafka": "", "pythreejs": "", "pyyaml": "", "scipp::scipp": "", "scipy": "", "tbb": ""}, "commit_hash": "1ae74e77e447b6de05f33b84f44e9f7a1713525c", "date": 1634888285000, "env_name": "conda-py3.9-appdirs-cmake-conan-ess-dmsc__ess-streaming-data-types-h5py-ipykernel6.3.1-ipympl-ipywidgets-mantid-framework-matplotlib-base-ninja-numpy-pip-pooch-python-configuration-python-confluent-kafka-pythreejs-pyyaml-scipp__scipp-scipy-tbb", "python": "3.9", "profiles": {}, "started_at": {"load_nexus.LoadNexus.time_load_event_nexus": 1635055916986, "transform_coords.TransformCoords.time_energy_to_tof": 1635055928229, "transform_coords.TransformCoords.time_tof_to_dspacing": 1635055944979, "transform_coords.TransformCoords.time_tof_to_energy": 1635055961783, "transform_coords.TransformCoords.time_tof_to_wavelength": 1635055979741, "transform_coords.TransformCoords.time_wavelength_to_tof": 1635055997147}, "ended_at": {"load_nexus.LoadNexus.time_load_event_nexus": 1635055928228, "transform_coords.TransformCoords.time_energy_to_tof": 1635055944979, "transform_coords.TransformCoords.time_tof_to_dspacing": 1635055961783, "transform_coords.TransformCoords.time_tof_to_energy": 1635055979741, "transform_coords.TransformCoords.time_tof_to_wavelength": 1635055997146, "transform_coords.TransformCoords.time_wavelength_to_tof": 1635056014603}, "benchmark_version": {"load_nexus.LoadNexus.time_load_event_nexus": "9bb61e37c240f4221eff71f827efb0f1cfb5371f7c6b0e72f79b9ca92578e5e9", "transform_coords.TransformCoords.time_energy_to_tof": "f1ea8beffb41e75997f96056160ef6dd12d9afb53546d00f7e0cb2b307a616bb", "transform_coords.TransformCoords.time_tof_to_dspacing": "76d3e8bdf45621127e026f90298e8f292d01ddb57cb7caf05a5ce555a659d8ac", "transform_coords.TransformCoords.time_tof_to_energy": "32774381c7e0285d159959187b4537339285cc2573292bc6b39f5edd04d4bc0b", "transform_coords.TransformCoords.time_tof_to_wavelength": "46879c3a68b31604accd5a00f4187eb567d166242d70d944aa010a5d6f8de380", "transform_coords.TransformCoords.time_wavelength_to_tof": "d4710ab73daad9eb187b2c50c320802720ae09b880a656f3ac5284d75fea178b"}, "version": 1}