{"results": {"load_nexus.LoadNexus.time_load_event_nexus": {"result": [4.698157094999999], "stats": [{"ci_99": [4.612949540877764, 4.758112373622197], "q_25": 4.68176295024999, "q_75": 4.70192510199999, "min": 4.635176392000005, "max": 4.710633246999919, "mean": 4.685530957249981, "std": 0.029521362441710476, "repeat": 4, "number": 1}]}, "transform_coords.TransformCoords.time_energy_to_tof": {"result": [0.0013486847499990517], "stats": [{"ci_99": [0.0013184864232108258, 0.0014229609999934685], "q_25": 0.0013416637499995925, "q_75": 0.001376605874999844, "min": 0.001339159666656542, "max": 0.0014229609999934685, "mean": 0.0013641210833302212, "std": 3.063033305899291e-05, "repeat": 6, "number": 6}]}, "transform_coords.TransformCoords.time_tof_to_dspacing": {"result": [0.036914458499978764], "stats": [{"ci_99": [0.03644890536976147, 0.038088367999989714], "q_25": 0.03679498649999857, "q_75": 0.03708246224992706, "min": 0.036674560000051315, "max": 0.038088367999989714, "mean": 0.03708091183331893, "std": 0.00047315787800385325, "repeat": 6, "number": 1}]}, "transform_coords.TransformCoords.time_tof_to_energy": {"result": [0.2599746625000421], "stats": [{"ci_99": [0.25946964896471464, 0.2606462479999436], "q_25": 0.2598903384999858, "q_75": 0.26028440350006576, "min": 0.2594889240000384, "max": 0.2606462479999436, "mean": 0.2600557296666845, "std": 0.0003690033735189664, "repeat": 6, "number": 1}]}, "transform_coords.TransformCoords.time_tof_to_wavelength": {"result": [0.0013592763333273674], "stats": [{"ci_99": [0.0013425748167956006, 0.001371255849865549], "q_25": 0.0013490262083308835, "q_75": 0.0013648015833259326, "min": 0.0013455931666707481, "max": 0.001365093333333789, "mean": 0.001356915333330575, "std": 8.329738075558061e-06, "repeat": 6, "number": 6}]}, "transform_coords.TransformCoords.time_wavelength_to_tof": {"result": [0.03469329600000037], "stats": [{"ci_99": [0.034524627114861255, 0.03502555199997914], "q_25": 0.03465302049994534, "q_75": 0.03487352000007604, "min": 0.03461814899998217, "max": 0.03502555199997914, "mean": 0.03476724716666505, "std": 0.00015311996599430268, "repeat": 6, "number": 1}]}}, "params": {"cpu": "2 Core CPU", "machine": "cloud-container", "os": "Ubuntu latest", "ram": "7GB", "python": "3.9", "appdirs": "", "cmake": "", "conan": "", "ess-dmsc::ess-streaming-data-types": "", "h5py": "", "ipykernel": "6.3.1", "ipympl": "", "ipywidgets": "", "mantid-framework": "", "matplotlib-base": "", "ninja": "", "numpy": "", "pip": "", "pooch": "", "python-configuration": "", "python-confluent-kafka": "", "pythreejs": "", "pyyaml": "", "scipp::scipp": "", "scipy": "", "tbb": ""}, "requirements": {"appdirs": "", "cmake": "", "conan": "", "ess-dmsc::ess-streaming-data-types": "", "h5py": "", "ipykernel": "6.3.1", "ipympl": "", "ipywidgets": "", "mantid-framework": "", "matplotlib-base": "", "ninja": "", "numpy": "", "pip": "", "pooch": "", "python-configuration": "", "python-confluent-kafka": "", "pythreejs": "", "pyyaml": "", "scipp::scipp": "", "scipy": "", "tbb": ""}, "commit_hash": "1ae74e77e447b6de05f33b84f44e9f7a1713525c", "date": 1634888285000, "env_name": "conda-py3.9-appdirs-cmake-conan-ess-dmsc__ess-streaming-data-types-h5py-ipykernel6.3.1-ipympl-ipywidgets-mantid-framework-matplotlib-base-ninja-numpy-pip-pooch-python-configuration-python-confluent-kafka-pythreejs-pyyaml-scipp__scipp-scipy-tbb", "python": "3.9", "profiles": {}, "started_at": {"load_nexus.LoadNexus.time_load_event_nexus": 1635102574621, "transform_coords.TransformCoords.time_energy_to_tof": 1635102589516, "transform_coords.TransformCoords.time_tof_to_dspacing": 1635102608064, "transform_coords.TransformCoords.time_tof_to_energy": 1635102626719, "transform_coords.TransformCoords.time_tof_to_wavelength": 1635102646272, "transform_coords.TransformCoords.time_wavelength_to_tof": 1635102664923}, "ended_at": {"load_nexus.LoadNexus.time_load_event_nexus": 1635102589515, "transform_coords.TransformCoords.time_energy_to_tof": 1635102608063, "transform_coords.TransformCoords.time_tof_to_dspacing": 1635102626719, "transform_coords.TransformCoords.time_tof_to_energy": 1635102646272, "transform_coords.TransformCoords.time_tof_to_wavelength": 1635102664923, "transform_coords.TransformCoords.time_wavelength_to_tof": 1635102683622}, "benchmark_version": {"load_nexus.LoadNexus.time_load_event_nexus": "9bb61e37c240f4221eff71f827efb0f1cfb5371f7c6b0e72f79b9ca92578e5e9", "transform_coords.TransformCoords.time_energy_to_tof": "f1ea8beffb41e75997f96056160ef6dd12d9afb53546d00f7e0cb2b307a616bb", "transform_coords.TransformCoords.time_tof_to_dspacing": "76d3e8bdf45621127e026f90298e8f292d01ddb57cb7caf05a5ce555a659d8ac", "transform_coords.TransformCoords.time_tof_to_energy": "32774381c7e0285d159959187b4537339285cc2573292bc6b39f5edd04d4bc0b", "transform_coords.TransformCoords.time_tof_to_wavelength": "46879c3a68b31604accd5a00f4187eb567d166242d70d944aa010a5d6f8de380", "transform_coords.TransformCoords.time_wavelength_to_tof": "d4710ab73daad9eb187b2c50c320802720ae09b880a656f3ac5284d75fea178b"}, "version": 1}