{"results": {"load_nexus.LoadNexus.time_load_event_nexus": {"result": [5.272409689500023], "stats": [{"ci_99": [1.0834348644985994, 9.461384514501443], "q_25": 5.230519941250009, "q_75": 5.314299437750037, "min": 5.1886301929999945, "max": 5.3561891860000514, "mean": 5.272409689500023, "std": 0.08377949650002847, "repeat": 2, "number": 1}]}, "transform_coords.TransformCoords.time_energy_to_tof": {"result": [0.0016034610833249494], "stats": [{"ci_99": [0.0007273804590085822, 0.003011762957648427], "q_25": 0.0015703271666562084, "q_75": 0.0019027056249972438, "min": 0.0015686781666583254, "max": 0.0027026865000057874, "mean": 0.0018695717083285028, "std": 0.00048175989240138055, "repeat": 4, "number": 6}]}, "transform_coords.TransformCoords.time_tof_to_dspacing": {"result": [0.0436191300000246], "stats": [{"ci_99": [0.040030419527516584, 0.04872375047247063], "q_25": 0.04335717500001124, "q_75": 0.04463904000000696, "min": 0.04288333399995281, "max": 0.04738674599997239, "mean": 0.0443770849999936, "std": 0.0017649347209597916, "repeat": 4, "number": 1}]}, "transform_coords.TransformCoords.time_tof_to_energy": {"result": [0.28713447749998977], "stats": [{"ci_99": [0.27230225332578367, 0.3045812646742046], "q_25": 0.28329145749999896, "q_75": 0.29228477899998495, "min": 0.2828534080000509, "max": 0.2966446729999461, "mean": 0.28844175899999414, "std": 0.005684872570863552, "repeat": 4, "number": 1}]}, "transform_coords.TransformCoords.time_tof_to_wavelength": {"result": [0.0015254905000006147], "stats": [{"ci_99": [0.0014251928026112548, 0.0016771553640524042], "q_25": 0.0015184487083246268, "q_75": 0.0015582158750078179, "min": 0.0015130863333183697, "max": 0.0016406290000077206, "mean": 0.00155117408333183, "std": 5.202731917403819e-05, "repeat": 4, "number": 6}]}, "transform_coords.TransformCoords.time_wavelength_to_tof": {"result": [0.04029253350000772], "stats": [{"ci_99": [0.03646157574119818, 0.04420309125880956], "q_25": 0.03946985350003729, "q_75": 0.0411550134999743, "min": 0.03846116800002619, "max": 0.042283098999973845, "mean": 0.04033233350000387, "std": 0.0013949179696149678, "repeat": 4, "number": 1}]}}, "params": {"cpu": "2 Core CPU", "machine": "cloud-container", "os": "Ubuntu latest", "ram": "7GB", "python": "3.9", "appdirs": "", "cmake": "", "conan": "", "ess-dmsc::ess-streaming-data-types": "", "h5py": "", "ipykernel": "6.3.1", "ipympl": "", "ipywidgets": "", "mantid-framework": "", "matplotlib-base": "", "ninja": "", "numpy": "", "pip": "", "pooch": "", "python-configuration": "", "python-confluent-kafka": "", "pythreejs": "", "pyyaml": "", "scipp::scipp": "", "scipy": "", "tbb": ""}, "requirements": {"appdirs": "", "cmake": "", "conan": "", "ess-dmsc::ess-streaming-data-types": "", "h5py": "", "ipykernel": "6.3.1", "ipympl": "", "ipywidgets": "", "mantid-framework": "", "matplotlib-base": "", "ninja": "", "numpy": "", "pip": "", "pooch": "", "python-configuration": "", "python-confluent-kafka": "", "pythreejs": "", "pyyaml": "", "scipp::scipp": "", "scipy": "", "tbb": ""}, "commit_hash": "1ae74e77e447b6de05f33b84f44e9f7a1713525c", "date": 1634888285000, "env_name": "conda-py3.9-appdirs-cmake-conan-ess-dmsc__ess-streaming-data-types-h5py-ipykernel6.3.1-ipympl-ipywidgets-mantid-framework-matplotlib-base-ninja-numpy-pip-pooch-python-configuration-python-confluent-kafka-pythreejs-pyyaml-scipp__scipp-scipy-tbb", "python": "3.9", "profiles": {}, "started_at": {"load_nexus.LoadNexus.time_load_event_nexus": 1634897484243, "transform_coords.TransformCoords.time_energy_to_tof": 1634897495026, "transform_coords.TransformCoords.time_tof_to_dspacing": 1634897511781, "transform_coords.TransformCoords.time_tof_to_energy": 1634897528728, "transform_coords.TransformCoords.time_tof_to_wavelength": 1634897546580, "transform_coords.TransformCoords.time_wavelength_to_tof": 1634897563278}, "ended_at": {"load_nexus.LoadNexus.time_load_event_nexus": 1634897495026, "transform_coords.TransformCoords.time_energy_to_tof": 1634897511780, "transform_coords.TransformCoords.time_tof_to_dspacing": 1634897528727, "transform_coords.TransformCoords.time_tof_to_energy": 1634897546580, "transform_coords.TransformCoords.time_tof_to_wavelength": 1634897563278, "transform_coords.TransformCoords.time_wavelength_to_tof": 1634897579879}, "benchmark_version": {"load_nexus.LoadNexus.time_load_event_nexus": "9bb61e37c240f4221eff71f827efb0f1cfb5371f7c6b0e72f79b9ca92578e5e9", "transform_coords.TransformCoords.time_energy_to_tof": "f1ea8beffb41e75997f96056160ef6dd12d9afb53546d00f7e0cb2b307a616bb", "transform_coords.TransformCoords.time_tof_to_dspacing": "76d3e8bdf45621127e026f90298e8f292d01ddb57cb7caf05a5ce555a659d8ac", "transform_coords.TransformCoords.time_tof_to_energy": "32774381c7e0285d159959187b4537339285cc2573292bc6b39f5edd04d4bc0b", "transform_coords.TransformCoords.time_tof_to_wavelength": "46879c3a68b31604accd5a00f4187eb567d166242d70d944aa010a5d6f8de380", "transform_coords.TransformCoords.time_wavelength_to_tof": "d4710ab73daad9eb187b2c50c320802720ae09b880a656f3ac5284d75fea178b"}, "version": 1}