{"results": {"load_nexus.LoadNexus.time_load_event_nexus": {"result": [5.210647916000028], "stats": [{"ci_99": [0.2674455660025501, 10.153850265997502], "q_25": 5.161215892500053, "q_75": 5.260079939500002, "min": 5.111783869000078, "max": 5.309511962999977, "mean": 5.210647916000028, "std": 0.09886404699994955, "repeat": 2, "number": 1}]}, "transform_coords.TransformCoords.time_energy_to_tof": {"result": [0.001703143099996396], "stats": [{"ci_99": [0.00031982739135793864, 0.0039301157086317155], "q_25": 0.0016790732499885053, "q_75": 0.002149041400002716, "min": 0.0016437322000001585, "max": 0.0034498677999863503, "mean": 0.002124971549994825, "std": 0.0007653629745588246, "repeat": 4, "number": 5}]}, "transform_coords.TransformCoords.time_tof_to_dspacing": {"result": [0.04129122399996277], "stats": [{"ci_99": [0.02318781912147241, 0.06707671737852883], "q_25": 0.03960812699995131, "q_75": 0.046815365250012064, "min": 0.037743402000046444, "max": 0.06020322300003045, "mean": 0.04513226825000061, "std": 0.008852823297002594, "repeat": 4, "number": 1}]}, "transform_coords.TransformCoords.time_tof_to_energy": {"result": [0.32274702099999786], "stats": [{"ci_99": [0.2824505703353031, 0.37807632316474554], "q_25": 0.31562091325000097, "q_75": 0.33738955450002095, "min": 0.31549952200009557, "max": 0.36006022300000495, "mean": 0.33026344675002406, "std": 0.018160584811719088, "repeat": 4, "number": 1}]}, "transform_coords.TransformCoords.time_tof_to_wavelength": {"result": [0.0016735431000029165], "stats": [{"ci_99": [0.0014202432179333398, 0.0019311931820764471], "q_25": 0.00162379660000056, "q_75": 0.0017254647000072509, "min": 0.0015483291999998984, "max": 0.0018074574000138456, "mean": 0.0016757182000048942, "std": 9.327652613934901e-05, "repeat": 4, "number": 5}]}, "transform_coords.TransformCoords.time_wavelength_to_tof": {"result": [0.036309854000023734], "stats": [{"ci_99": [0.03177889511008687, 0.04105216888986943], "q_25": 0.03564385874997811, "q_75": 0.03708152725002378, "min": 0.034073081999963506, "max": 0.038969337999901654, "mean": 0.03641553199997816, "std": 0.001737231273895609, "repeat": 4, "number": 1}]}}, "params": {"cpu": "2 Core CPU", "machine": "cloud-container", "os": "Ubuntu latest", "ram": "7GB", "python": "3.9", "appdirs": "", "cmake": "", "conan": "", "ess-dmsc::ess-streaming-data-types": "", "h5py": "", "ipykernel": "6.3.1", "ipympl": "", "ipywidgets": "", "mantid-framework": "", "matplotlib-base": "", "ninja": "", "numpy": "", "pip": "", "pooch": "", "python-configuration": "", "python-confluent-kafka": "", "pythreejs": "", "pyyaml": "", "scipp::scipp": "", "scipy": "", "tbb": ""}, "requirements": {"appdirs": "", "cmake": "", "conan": "", "ess-dmsc::ess-streaming-data-types": "", "h5py": "", "ipykernel": "6.3.1", "ipympl": "", "ipywidgets": "", "mantid-framework": "", "matplotlib-base": "", "ninja": "", "numpy": "", "pip": "", "pooch": "", "python-configuration": "", "python-confluent-kafka": "", "pythreejs": "", "pyyaml": "", "scipp::scipp": "", "scipy": "", "tbb": ""}, "commit_hash": "1ae74e77e447b6de05f33b84f44e9f7a1713525c", "date": 1634888285000, "env_name": "conda-py3.9-appdirs-cmake-conan-ess-dmsc__ess-streaming-data-types-h5py-ipykernel6.3.1-ipympl-ipywidgets-mantid-framework-matplotlib-base-ninja-numpy-pip-pooch-python-configuration-python-confluent-kafka-pythreejs-pyyaml-scipp__scipp-scipy-tbb", "python": "3.9", "profiles": {}, "started_at": {"load_nexus.LoadNexus.time_load_event_nexus": 1635142412987, "transform_coords.TransformCoords.time_energy_to_tof": 1635142424186, "transform_coords.TransformCoords.time_tof_to_dspacing": 1635142442353, "transform_coords.TransformCoords.time_tof_to_energy": 1635142460419, "transform_coords.TransformCoords.time_tof_to_wavelength": 1635142479691, "transform_coords.TransformCoords.time_wavelength_to_tof": 1635142498166}, "ended_at": {"load_nexus.LoadNexus.time_load_event_nexus": 1635142424186, "transform_coords.TransformCoords.time_energy_to_tof": 1635142442353, "transform_coords.TransformCoords.time_tof_to_dspacing": 1635142460419, "transform_coords.TransformCoords.time_tof_to_energy": 1635142479691, "transform_coords.TransformCoords.time_tof_to_wavelength": 1635142498165, "transform_coords.TransformCoords.time_wavelength_to_tof": 1635142516537}, "benchmark_version": {"load_nexus.LoadNexus.time_load_event_nexus": "9bb61e37c240f4221eff71f827efb0f1cfb5371f7c6b0e72f79b9ca92578e5e9", "transform_coords.TransformCoords.time_energy_to_tof": "f1ea8beffb41e75997f96056160ef6dd12d9afb53546d00f7e0cb2b307a616bb", "transform_coords.TransformCoords.time_tof_to_dspacing": "76d3e8bdf45621127e026f90298e8f292d01ddb57cb7caf05a5ce555a659d8ac", "transform_coords.TransformCoords.time_tof_to_energy": "32774381c7e0285d159959187b4537339285cc2573292bc6b39f5edd04d4bc0b", "transform_coords.TransformCoords.time_tof_to_wavelength": "46879c3a68b31604accd5a00f4187eb567d166242d70d944aa010a5d6f8de380", "transform_coords.TransformCoords.time_wavelength_to_tof": "d4710ab73daad9eb187b2c50c320802720ae09b880a656f3ac5284d75fea178b"}, "version": 1}