{"results": {"load_nexus.LoadNexus.time_load_event_nexus": {"result": [4.832488874999967], "stats": [{"ci_99": [4.28274927977359, 5.417798881559725], "q_25": 4.784188556000004, "q_75": 4.9074670024999705, "min": 4.73588823700004, "max": 4.982445129999974, "mean": 4.850274080666661, "std": 0.10143901460779313, "repeat": 3, "number": 1}]}, "transform_coords.TransformCoords.time_energy_to_tof": {"result": [0.001362459416668571], "stats": [{"ci_99": [0.0012527950191228137, 0.0017746461666661162], "q_25": 0.0013508387916753388, "q_75": 0.0013915560416724777, "min": 0.001340676499997547, "max": 0.0017746461666661162, "mean": 0.0014314102777809189, "std": 0.00015462976114443374, "repeat": 6, "number": 6}]}, "transform_coords.TransformCoords.time_tof_to_dspacing": {"result": [0.036963264500002424], "stats": [{"ci_99": [0.03622139233553062, 0.03795667199995023], "q_25": 0.03679719924994629, "q_75": 0.03734182949995102, "min": 0.03625797300003342, "max": 0.03795667199995023, "mean": 0.03705850599997499, "std": 0.0005336574813507036, "repeat": 6, "number": 1}]}, "transform_coords.TransformCoords.time_tof_to_energy": {"result": [0.26019698500005006], "stats": [{"ci_99": [0.2533662156177574, 0.2877834469999243], "q_25": 0.2598712502500007, "q_75": 0.26047199650002995, "min": 0.25928340500001923, "max": 0.2877834469999243, "mean": 0.2646311935000085, "std": 0.010361671193710401, "repeat": 6, "number": 1}]}, "transform_coords.TransformCoords.time_tof_to_wavelength": {"result": [0.0013744922500033376], "stats": [{"ci_99": [0.0012615921666755032, 0.0014760601666618338], "q_25": 0.0013617015000022548, "q_75": 0.0014052600000032573, "min": 0.0012615921666755032, "max": 0.0014760601666618338, "mean": 0.0013765984444470785, "std": 6.438254473624729e-05, "repeat": 6, "number": 6}]}, "transform_coords.TransformCoords.time_wavelength_to_tof": {"result": [0.03468375849996619], "stats": [{"ci_99": [0.033470249650417346, 0.03766827200001899], "q_25": 0.03427522675002592, "q_75": 0.03481125174991462, "min": 0.03405575099998259, "max": 0.03766827200001899, "mean": 0.03501405649997954, "std": 0.0012215522385560797, "repeat": 6, "number": 1}]}}, "params": {"cpu": "2 Core CPU", "machine": "cloud-container", "os": "Ubuntu latest", "ram": "7GB", "python": "3.9", "appdirs": "", "cmake": "", "conan": "", "ess-dmsc::ess-streaming-data-types": "", "h5py": "", "ipykernel": "6.3.1", "ipympl": "", "ipywidgets": "", "mantid-framework": "", "matplotlib-base": "", "ninja": "", "numpy": "", "pip": "", "pooch": "", "python-configuration": "", "python-confluent-kafka": "", "pythreejs": "", "pyyaml": "", "scipp::scipp": "", "scipy": "", "tbb": ""}, "requirements": {"appdirs": "", "cmake": "", "conan": "", "ess-dmsc::ess-streaming-data-types": "", "h5py": "", "ipykernel": "6.3.1", "ipympl": "", "ipywidgets": "", "mantid-framework": "", "matplotlib-base": "", "ninja": "", "numpy": "", "pip": "", "pooch": "", "python-configuration": "", "python-confluent-kafka": "", "pythreejs": "", "pyyaml": "", "scipp::scipp": "", "scipy": "", "tbb": ""}, "commit_hash": "1ae74e77e447b6de05f33b84f44e9f7a1713525c", "date": 1634888285000, "env_name": "conda-py3.9-appdirs-cmake-conan-ess-dmsc__ess-streaming-data-types-h5py-ipykernel6.3.1-ipympl-ipywidgets-mantid-framework-matplotlib-base-ninja-numpy-pip-pooch-python-configuration-python-confluent-kafka-pythreejs-pyyaml-scipp__scipp-scipy-tbb", "python": "3.9", "profiles": {}, "started_at": {"load_nexus.LoadNexus.time_load_event_nexus": 1634965797789, "transform_coords.TransformCoords.time_energy_to_tof": 1634965812939, "transform_coords.TransformCoords.time_tof_to_dspacing": 1634965832407, "transform_coords.TransformCoords.time_tof_to_energy": 1634965851662, "transform_coords.TransformCoords.time_tof_to_wavelength": 1634965871718, "transform_coords.TransformCoords.time_wavelength_to_tof": 1634965890623}, "ended_at": {"load_nexus.LoadNexus.time_load_event_nexus": 1634965812939, "transform_coords.TransformCoords.time_energy_to_tof": 1634965832407, "transform_coords.TransformCoords.time_tof_to_dspacing": 1634965851662, "transform_coords.TransformCoords.time_tof_to_energy": 1634965871718, "transform_coords.TransformCoords.time_tof_to_wavelength": 1634965890622, "transform_coords.TransformCoords.time_wavelength_to_tof": 1634965909935}, "benchmark_version": {"load_nexus.LoadNexus.time_load_event_nexus": "9bb61e37c240f4221eff71f827efb0f1cfb5371f7c6b0e72f79b9ca92578e5e9", "transform_coords.TransformCoords.time_energy_to_tof": "f1ea8beffb41e75997f96056160ef6dd12d9afb53546d00f7e0cb2b307a616bb", "transform_coords.TransformCoords.time_tof_to_dspacing": "76d3e8bdf45621127e026f90298e8f292d01ddb57cb7caf05a5ce555a659d8ac", "transform_coords.TransformCoords.time_tof_to_energy": "32774381c7e0285d159959187b4537339285cc2573292bc6b39f5edd04d4bc0b", "transform_coords.TransformCoords.time_tof_to_wavelength": "46879c3a68b31604accd5a00f4187eb567d166242d70d944aa010a5d6f8de380", "transform_coords.TransformCoords.time_wavelength_to_tof": "d4710ab73daad9eb187b2c50c320802720ae09b880a656f3ac5284d75fea178b"}, "version": 1}