{"results": {"load_nexus.LoadNexus.time_load_event_nexus": {"result": [4.809247550499975], "stats": [{"ci_99": [4.723084618468218, 4.867197375531762], "q_25": 4.7902526559999785, "q_75": 4.814135891499987, "min": 4.744639860999996, "max": 4.817429026000013, "mean": 4.79514099699999, "std": 0.029469681120196475, "repeat": 4, "number": 1}]}, "transform_coords.TransformCoords.time_energy_to_tof": {"result": [0.001349886166669497], "stats": [{"ci_99": [0.001306300768478345, 0.0014491118333334423], "q_25": 0.001345242916670486, "q_75": 0.0014122159166684394, "min": 0.0013375141666642776, "max": 0.0014491118333334423, "mean": 0.0013771810000014918, "std": 4.531823786694698e-05, "repeat": 6, "number": 6}]}, "transform_coords.TransformCoords.time_tof_to_dspacing": {"result": [0.03699134500001833], "stats": [{"ci_99": [0.035728163647723216, 0.04032108599994899], "q_25": 0.0365931717500132, "q_75": 0.03722124299999052, "min": 0.03640939700005674, "max": 0.04032108599994899, "mean": 0.03741191600000585, "std": 0.0013357480457088272, "repeat": 6, "number": 1}]}, "transform_coords.TransformCoords.time_tof_to_energy": {"result": [0.26032454450006526], "stats": [{"ci_99": [0.2565004134106058, 0.27202175100001114], "q_25": 0.25953966374996185, "q_75": 0.26238498775003904, "min": 0.2591910939999025, "max": 0.27202175100001114, "mean": 0.2623686288333336, "std": 0.004493341105320328, "repeat": 6, "number": 1}]}, "transform_coords.TransformCoords.time_tof_to_wavelength": {"result": [0.0013622298333378542], "stats": [{"ci_99": [0.0013455636666700836, 0.0013753235911075242], "q_25": 0.0013550508749962849, "q_75": 0.001365250291660421, "min": 0.0013455636666700836, "max": 0.0013746314999896943, "mean": 0.0013605949722198653, "std": 9.256931851496146e-06, "repeat": 6, "number": 6}]}, "transform_coords.TransformCoords.time_wavelength_to_tof": {"result": [0.03449026550003964], "stats": [{"ci_99": [0.033881737998915314, 0.035239167667759225], "q_25": 0.03426211724999462, "q_75": 0.034909227250039976, "min": 0.034018715000001976, "max": 0.03512852199992267, "mean": 0.03456045283333727, "std": 0.00040191933969291305, "repeat": 6, "number": 1}]}}, "params": {"cpu": "2 Core CPU", "machine": "cloud-container", "os": "Ubuntu latest", "ram": "7GB", "python": "3.9", "appdirs": "", "cmake": "", "conan": "", "ess-dmsc::ess-streaming-data-types": "", "h5py": "", "ipykernel": "6.3.1", "ipympl": "", "ipywidgets": "", "mantid-framework": "", "matplotlib-base": "", "ninja": "", "numpy": "", "pip": "", "pooch": "", "python-configuration": "", "python-confluent-kafka": "", "pythreejs": "", "pyyaml": "", "scipp::scipp": "", "scipy": "", "tbb": ""}, "requirements": {"appdirs": "", "cmake": "", "conan": "", "ess-dmsc::ess-streaming-data-types": "", "h5py": "", "ipykernel": "6.3.1", "ipympl": "", "ipywidgets": "", "mantid-framework": "", "matplotlib-base": "", "ninja": "", "numpy": "", "pip": "", "pooch": "", "python-configuration": "", "python-confluent-kafka": "", "pythreejs": "", "pyyaml": "", "scipp::scipp": "", "scipy": "", "tbb": ""}, "commit_hash": "1ae74e77e447b6de05f33b84f44e9f7a1713525c", "date": 1634888285000, "env_name": "conda-py3.9-appdirs-cmake-conan-ess-dmsc__ess-streaming-data-types-h5py-ipykernel6.3.1-ipympl-ipywidgets-mantid-framework-matplotlib-base-ninja-numpy-pip-pooch-python-configuration-python-confluent-kafka-pythreejs-pyyaml-scipp__scipp-scipy-tbb", "python": "3.9", "profiles": {}, "started_at": {"load_nexus.LoadNexus.time_load_event_nexus": 1635052204174, "transform_coords.TransformCoords.time_energy_to_tof": 1635052219330, "transform_coords.TransformCoords.time_tof_to_dspacing": 1635052238437, "transform_coords.TransformCoords.time_tof_to_energy": 1635052257545, "transform_coords.TransformCoords.time_tof_to_wavelength": 1635052277504, "transform_coords.TransformCoords.time_wavelength_to_tof": 1635052296663}, "ended_at": {"load_nexus.LoadNexus.time_load_event_nexus": 1635052219329, "transform_coords.TransformCoords.time_energy_to_tof": 1635052238437, "transform_coords.TransformCoords.time_tof_to_dspacing": 1635052257544, "transform_coords.TransformCoords.time_tof_to_energy": 1635052277504, "transform_coords.TransformCoords.time_tof_to_wavelength": 1635052296662, "transform_coords.TransformCoords.time_wavelength_to_tof": 1635052315769}, "benchmark_version": {"load_nexus.LoadNexus.time_load_event_nexus": "9bb61e37c240f4221eff71f827efb0f1cfb5371f7c6b0e72f79b9ca92578e5e9", "transform_coords.TransformCoords.time_energy_to_tof": "f1ea8beffb41e75997f96056160ef6dd12d9afb53546d00f7e0cb2b307a616bb", "transform_coords.TransformCoords.time_tof_to_dspacing": "76d3e8bdf45621127e026f90298e8f292d01ddb57cb7caf05a5ce555a659d8ac", "transform_coords.TransformCoords.time_tof_to_energy": "32774381c7e0285d159959187b4537339285cc2573292bc6b39f5edd04d4bc0b", "transform_coords.TransformCoords.time_tof_to_wavelength": "46879c3a68b31604accd5a00f4187eb567d166242d70d944aa010a5d6f8de380", "transform_coords.TransformCoords.time_wavelength_to_tof": "d4710ab73daad9eb187b2c50c320802720ae09b880a656f3ac5284d75fea178b"}, "version": 1}