{"results": {"load_nexus.LoadNexus.time_load_event_nexus": {"result": [5.262892242999953], "stats": [{"ci_99": [-6.323251556999651, 16.849036042999547], "q_25": 5.147030804999957, "q_75": 5.378753680999949, "min": 5.031169366999961, "max": 5.4946151189999455, "mean": 5.262892242999953, "std": 0.23172287599999208, "repeat": 2, "number": 1}]}, "transform_coords.TransformCoords.time_energy_to_tof": {"result": [0.0016204904999881364], "stats": [{"ci_99": [0.0010189260431436352, 0.0023916360568430562], "q_25": 0.00153604489998429, "q_75": 0.001789726649997192, "min": 0.0014404201999923317, "max": 0.0021397230000047784, "mean": 0.0017052810499933457, "std": 0.00026400630178639677, "repeat": 4, "number": 5}]}, "transform_coords.TransformCoords.time_tof_to_dspacing": {"result": [0.044467713000017284], "stats": [{"ci_99": [0.04084190545233381, 0.04868823654761032], "q_25": 0.04348163075005118, "q_75": 0.04575115324993817, "min": 0.043437388999905124, "max": 0.04668746899994858, "mean": 0.04476507099997207, "std": 0.00137132969121386, "repeat": 4, "number": 1}]}, "transform_coords.TransformCoords.time_tof_to_energy": {"result": [0.3020012375000647], "stats": [{"ci_99": [0.2870481031172219, 0.3167953838828409], "q_25": 0.29795898475003924, "q_75": 0.3059639962500569, "min": 0.2952166179999267, "max": 0.3084678810000696, "mean": 0.3019217435000314, "std": 0.005181545705278323, "repeat": 4, "number": 1}]}, "transform_coords.TransformCoords.time_tof_to_wavelength": {"result": [0.0015523245000016082], "stats": [{"ci_99": [0.0009532505045794249, 0.0024530354954211695], "q_25": 0.001509791208334832, "q_75": 0.0017456762916670718, "min": 0.001473416333340083, "max": 0.0022345066666578837, "mean": 0.0017031430000002958, "std": 0.00030921815154303506, "repeat": 4, "number": 6}]}, "transform_coords.TransformCoords.time_wavelength_to_tof": {"result": [0.041558530999964205], "stats": [{"ci_99": [0.03990118640591982, 0.04277534059401295], "q_25": 0.041232918499957805, "q_75": 0.04166387599997279, "min": 0.04036931599989657, "max": 0.04186667600004057, "mean": 0.04133826349996639, "std": 0.0005740130532672268, "repeat": 4, "number": 1}]}}, "params": {"cpu": "2 Core CPU", "machine": "cloud-container", "os": "Ubuntu latest", "ram": "7GB", "python": "3.9", "appdirs": "", "cmake": "", "conan": "", "ess-dmsc::ess-streaming-data-types": "", "h5py": "", "ipykernel": "6.3.1", "ipympl": "", "ipywidgets": "", "mantid-framework": "", "matplotlib-base": "", "ninja": "", "numpy": "", "pip": "", "pooch": "", "python-configuration": "", "python-confluent-kafka": "", "pythreejs": "", "pyyaml": "", "scipp::scipp": "", "scipy": "", "tbb": ""}, "requirements": {"appdirs": "", "cmake": "", "conan": "", "ess-dmsc::ess-streaming-data-types": "", "h5py": "", "ipykernel": "6.3.1", "ipympl": "", "ipywidgets": "", "mantid-framework": "", "matplotlib-base": "", "ninja": "", "numpy": "", "pip": "", "pooch": "", "python-configuration": "", "python-confluent-kafka": "", "pythreejs": "", "pyyaml": "", "scipp::scipp": "", "scipy": "", "tbb": ""}, "commit_hash": "1ae74e77e447b6de05f33b84f44e9f7a1713525c", "date": 1634888285000, "env_name": "conda-py3.9-appdirs-cmake-conan-ess-dmsc__ess-streaming-data-types-h5py-ipykernel6.3.1-ipympl-ipywidgets-mantid-framework-matplotlib-base-ninja-numpy-pip-pooch-python-configuration-python-confluent-kafka-pythreejs-pyyaml-scipp__scipp-scipy-tbb", "python": "3.9", "profiles": {}, "started_at": {"load_nexus.LoadNexus.time_load_event_nexus": 1634926311781, "transform_coords.TransformCoords.time_energy_to_tof": 1634926322576, "transform_coords.TransformCoords.time_tof_to_dspacing": 1634926339479, "transform_coords.TransformCoords.time_tof_to_energy": 1634926356547, "transform_coords.TransformCoords.time_tof_to_wavelength": 1634926374052, "transform_coords.TransformCoords.time_wavelength_to_tof": 1634926391164}, "ended_at": {"load_nexus.LoadNexus.time_load_event_nexus": 1634926322575, "transform_coords.TransformCoords.time_energy_to_tof": 1634926339479, "transform_coords.TransformCoords.time_tof_to_dspacing": 1634926356546, "transform_coords.TransformCoords.time_tof_to_energy": 1634926374052, "transform_coords.TransformCoords.time_tof_to_wavelength": 1634926391164, "transform_coords.TransformCoords.time_wavelength_to_tof": 1634926408172}, "benchmark_version": {"load_nexus.LoadNexus.time_load_event_nexus": "9bb61e37c240f4221eff71f827efb0f1cfb5371f7c6b0e72f79b9ca92578e5e9", "transform_coords.TransformCoords.time_energy_to_tof": "f1ea8beffb41e75997f96056160ef6dd12d9afb53546d00f7e0cb2b307a616bb", "transform_coords.TransformCoords.time_tof_to_dspacing": "76d3e8bdf45621127e026f90298e8f292d01ddb57cb7caf05a5ce555a659d8ac", "transform_coords.TransformCoords.time_tof_to_energy": "32774381c7e0285d159959187b4537339285cc2573292bc6b39f5edd04d4bc0b", "transform_coords.TransformCoords.time_tof_to_wavelength": "46879c3a68b31604accd5a00f4187eb567d166242d70d944aa010a5d6f8de380", "transform_coords.TransformCoords.time_wavelength_to_tof": "d4710ab73daad9eb187b2c50c320802720ae09b880a656f3ac5284d75fea178b"}, "version": 1}