{"results": {"load_nexus.LoadNexus.time_load_event_nexus": {"result": [4.494956168500011], "stats": [{"ci_99": [4.365285483679367, 4.62059597482065], "q_25": 4.452469837750016, "q_75": 4.5354270600000035, "min": 4.4434789030000275, "max": 4.5383716769999864, "mean": 4.492940729250009, "std": 0.04369606727705519, "repeat": 4, "number": 1}]}, "transform_coords.TransformCoords.time_energy_to_tof": {"result": [0.0013699838333328291], "stats": [{"ci_99": [0.0012082301332515845, 0.0017864219999997506], "q_25": 0.00131654166666569, "q_75": 0.0013941507500068913, "min": 0.0012948993333357823, "max": 0.0017864219999997506, "mean": 0.0014203705000015688, "std": 0.00016824518344157402, "repeat": 6, "number": 6}]}, "transform_coords.TransformCoords.time_tof_to_dspacing": {"result": [0.040858807499944305], "stats": [{"ci_99": [0.03927962280545294, 0.04261152999998785], "q_25": 0.040098072250032146, "q_75": 0.04145461550001528, "min": 0.03964349300008507, "max": 0.04261152999998785, "mean": 0.040911725000010314, "std": 0.0010093219988487534, "repeat": 6, "number": 1}]}, "transform_coords.TransformCoords.time_tof_to_energy": {"result": [0.26352047149995883], "stats": [{"ci_99": [0.24688600859556364, 0.29862660300000243], "q_25": 0.260107751750013, "q_75": 0.27206128025, "min": 0.25229003499998726, "max": 0.29862660300000243, "mean": 0.26863932933332535, "std": 0.014988939107974704, "repeat": 6, "number": 1}]}, "transform_coords.TransformCoords.time_tof_to_wavelength": {"result": [0.001431826166670665], "stats": [{"ci_99": [0.00127338613982972, 0.0015601990268415088], "q_25": 0.0013464000833399343, "q_75": 0.0014613890000039949, "min": 0.001293599166653318, "max": 0.001554336000007576, "mean": 0.0014167925833356142, "std": 8.768939551565959e-05, "repeat": 6, "number": 6}]}, "transform_coords.TransformCoords.time_wavelength_to_tof": {"result": [0.036802854500024296], "stats": [{"ci_99": [0.035373263058298104, 0.03864138327505498], "q_25": 0.036099346500037655, "q_75": 0.037649310249946666, "min": 0.03601344499998049, "max": 0.03862847900006727, "mean": 0.03700732316667654, "std": 0.0009772176945774087, "repeat": 6, "number": 1}]}}, "params": {"cpu": "2 Core CPU", "machine": "cloud-container", "os": "Ubuntu latest", "ram": "7GB", "python": "3.9", "appdirs": "", "cmake": "", "conan": "", "ess-dmsc::ess-streaming-data-types": "", "h5py": "", "ipykernel": "6.3.1", "ipympl": "", "ipywidgets": "", "mantid-framework": "", "matplotlib-base": "", "ninja": "", "numpy": "", "pip": "", "pooch": "", "python-configuration": "", "python-confluent-kafka": "", "pythreejs": "", "pyyaml": "", "scipp::scipp": "", "scipy": "", "tbb": ""}, "requirements": {"appdirs": "", "cmake": "", "conan": "", "ess-dmsc::ess-streaming-data-types": "", "h5py": "", "ipykernel": "6.3.1", "ipympl": "", "ipywidgets": "", "mantid-framework": "", "matplotlib-base": "", "ninja": "", "numpy": "", "pip": "", "pooch": "", "python-configuration": "", "python-confluent-kafka": "", "pythreejs": "", "pyyaml": "", "scipp::scipp": "", "scipy": "", "tbb": ""}, "commit_hash": "1ae74e77e447b6de05f33b84f44e9f7a1713525c", "date": 1634888285000, "env_name": "conda-py3.9-appdirs-cmake-conan-ess-dmsc__ess-streaming-data-types-h5py-ipykernel6.3.1-ipympl-ipywidgets-mantid-framework-matplotlib-base-ninja-numpy-pip-pooch-python-configuration-python-confluent-kafka-pythreejs-pyyaml-scipp__scipp-scipy-tbb", "python": "3.9", "profiles": {}, "started_at": {"load_nexus.LoadNexus.time_load_event_nexus": 1634980224981, "transform_coords.TransformCoords.time_energy_to_tof": 1634980239224, "transform_coords.TransformCoords.time_tof_to_dspacing": 1634980258124, "transform_coords.TransformCoords.time_tof_to_energy": 1634980277526, "transform_coords.TransformCoords.time_tof_to_wavelength": 1634980297432, "transform_coords.TransformCoords.time_wavelength_to_tof": 1634980316231}, "ended_at": {"load_nexus.LoadNexus.time_load_event_nexus": 1634980239224, "transform_coords.TransformCoords.time_energy_to_tof": 1634980258124, "transform_coords.TransformCoords.time_tof_to_dspacing": 1634980277526, "transform_coords.TransformCoords.time_tof_to_energy": 1634980297432, "transform_coords.TransformCoords.time_tof_to_wavelength": 1634980316230, "transform_coords.TransformCoords.time_wavelength_to_tof": 1634980335282}, "benchmark_version": {"load_nexus.LoadNexus.time_load_event_nexus": "9bb61e37c240f4221eff71f827efb0f1cfb5371f7c6b0e72f79b9ca92578e5e9", "transform_coords.TransformCoords.time_energy_to_tof": "f1ea8beffb41e75997f96056160ef6dd12d9afb53546d00f7e0cb2b307a616bb", "transform_coords.TransformCoords.time_tof_to_dspacing": "76d3e8bdf45621127e026f90298e8f292d01ddb57cb7caf05a5ce555a659d8ac", "transform_coords.TransformCoords.time_tof_to_energy": "32774381c7e0285d159959187b4537339285cc2573292bc6b39f5edd04d4bc0b", "transform_coords.TransformCoords.time_tof_to_wavelength": "46879c3a68b31604accd5a00f4187eb567d166242d70d944aa010a5d6f8de380", "transform_coords.TransformCoords.time_wavelength_to_tof": "d4710ab73daad9eb187b2c50c320802720ae09b880a656f3ac5284d75fea178b"}, "version": 1}