{"results": {"load_nexus.LoadNexus.time_load_event_nexus": {"result": [4.87571541300008], "stats": [{"ci_99": [4.177644664425766, 5.7711453529076], "q_25": 4.869202495500019, "q_75": 5.0302477240000485, "min": 4.862689577999959, "max": 5.184780035000017, "mean": 4.9743950086666855, "std": 0.14885969361184856, "repeat": 3, "number": 1}]}, "transform_coords.TransformCoords.time_energy_to_tof": {"result": [0.0013482076666756864], "stats": [{"ci_99": [0.0013194781327333393, 0.0013914241666649711], "q_25": 0.001339131708344136, "q_75": 0.001358869999999494, "min": 0.0013241396666596, "max": 0.0013914241666649711, "mean": 0.0013517516111139433, "std": 2.1196447185441344e-05, "repeat": 6, "number": 6}]}, "transform_coords.TransformCoords.time_tof_to_dspacing": {"result": [0.036764444500022364], "stats": [{"ci_99": [0.03614034994097941, 0.03758867872568268], "q_25": 0.03650242949998983, "q_75": 0.03716125024996586, "min": 0.03638033100003213, "max": 0.0375692559999834, "mean": 0.036864514333331044, "std": 0.00043190194031957594, "repeat": 6, "number": 1}]}, "transform_coords.TransformCoords.time_tof_to_energy": {"result": [0.2608553525000161], "stats": [{"ci_99": [0.2556649080250294, 0.2713731889749157], "q_25": 0.25966826274992627, "q_75": 0.26748715875001494, "min": 0.2591437279999127, "max": 0.27128953099997943, "mean": 0.26351904849997254, "std": 0.004921866488730252, "repeat": 6, "number": 1}]}, "transform_coords.TransformCoords.time_tof_to_wavelength": {"result": [0.0013594154166677677], "stats": [{"ci_99": [0.0013115897510800987, 0.001457692166657883], "q_25": 0.0013448944583321538, "q_75": 0.0013998619999995299, "min": 0.0013388235000017328, "max": 0.001457692166657883, "mean": 0.0013781241388875919, "std": 4.281305345996317e-05, "repeat": 6, "number": 6}]}, "transform_coords.TransformCoords.time_wavelength_to_tof": {"result": [0.035180415500008166], "stats": [{"ci_99": [0.03385274993687667, 0.03709704900006727], "q_25": 0.03453452924995304, "q_75": 0.035418894999935446, "min": 0.03423899899996741, "max": 0.03709704900006727, "mean": 0.03525241683331615, "std": 0.0009412856270378235, "repeat": 6, "number": 1}]}}, "params": {"cpu": "2 Core CPU", "machine": "cloud-container", "os": "Ubuntu latest", "ram": "7GB", "python": "3.9", "appdirs": "", "cmake": "", "conan": "", "ess-dmsc::ess-streaming-data-types": "", "h5py": "", "ipykernel": "6.3.1", "ipympl": "", "ipywidgets": "", "mantid-framework": "", "matplotlib-base": "", "ninja": "", "numpy": "", "pip": "", "pooch": "", "python-configuration": "", "python-confluent-kafka": "", "pythreejs": "", "pyyaml": "", "scipp::scipp": "", "scipy": "", "tbb": ""}, "requirements": {"appdirs": "", "cmake": "", "conan": "", "ess-dmsc::ess-streaming-data-types": "", "h5py": "", "ipykernel": "6.3.1", "ipympl": "", "ipywidgets": "", "mantid-framework": "", "matplotlib-base": "", "ninja": "", "numpy": "", "pip": "", "pooch": "", "python-configuration": "", "python-confluent-kafka": "", "pythreejs": "", "pyyaml": "", "scipp::scipp": "", "scipy": "", "tbb": ""}, "commit_hash": "1ae74e77e447b6de05f33b84f44e9f7a1713525c", "date": 1634888285000, "env_name": "conda-py3.9-appdirs-cmake-conan-ess-dmsc__ess-streaming-data-types-h5py-ipykernel6.3.1-ipympl-ipywidgets-mantid-framework-matplotlib-base-ninja-numpy-pip-pooch-python-configuration-python-confluent-kafka-pythreejs-pyyaml-scipp__scipp-scipy-tbb", "python": "3.9", "profiles": {}, "started_at": {"load_nexus.LoadNexus.time_load_event_nexus": 1635088247352, "transform_coords.TransformCoords.time_energy_to_tof": 1635088262753, "transform_coords.TransformCoords.time_tof_to_dspacing": 1635088281601, "transform_coords.TransformCoords.time_tof_to_energy": 1635088300613, "transform_coords.TransformCoords.time_tof_to_wavelength": 1635088320365, "transform_coords.TransformCoords.time_wavelength_to_tof": 1635088339115}, "ended_at": {"load_nexus.LoadNexus.time_load_event_nexus": 1635088262752, "transform_coords.TransformCoords.time_energy_to_tof": 1635088281601, "transform_coords.TransformCoords.time_tof_to_dspacing": 1635088300612, "transform_coords.TransformCoords.time_tof_to_energy": 1635088320365, "transform_coords.TransformCoords.time_tof_to_wavelength": 1635088339114, "transform_coords.TransformCoords.time_wavelength_to_tof": 1635088358015}, "benchmark_version": {"load_nexus.LoadNexus.time_load_event_nexus": "9bb61e37c240f4221eff71f827efb0f1cfb5371f7c6b0e72f79b9ca92578e5e9", "transform_coords.TransformCoords.time_energy_to_tof": "f1ea8beffb41e75997f96056160ef6dd12d9afb53546d00f7e0cb2b307a616bb", "transform_coords.TransformCoords.time_tof_to_dspacing": "76d3e8bdf45621127e026f90298e8f292d01ddb57cb7caf05a5ce555a659d8ac", "transform_coords.TransformCoords.time_tof_to_energy": "32774381c7e0285d159959187b4537339285cc2573292bc6b39f5edd04d4bc0b", "transform_coords.TransformCoords.time_tof_to_wavelength": "46879c3a68b31604accd5a00f4187eb567d166242d70d944aa010a5d6f8de380", "transform_coords.TransformCoords.time_wavelength_to_tof": "d4710ab73daad9eb187b2c50c320802720ae09b880a656f3ac5284d75fea178b"}, "version": 1}