{"results": {"load_nexus.LoadNexus.time_load_event_nexus": {"result": [5.316343624000012], "stats": [{"ci_99": [0.2416929740037972, 10.390994273996224], "q_25": 5.26559711750005, "q_75": 5.3670901304999745, "min": 5.214850611000088, "max": 5.417836636999937, "mean": 5.316343624000012, "std": 0.1014930129999243, "repeat": 2, "number": 1}]}, "transform_coords.TransformCoords.time_energy_to_tof": {"result": [0.0016927522999935717], "stats": [{"ci_99": [0.0014585528119320944, 0.0019777114880573923], "q_25": 0.001643562100002782, "q_75": 0.0017673223499855338, "min": 0.0016215418000001592, "max": 0.0018654821999916748, "mean": 0.0017181321499947443, "std": 9.464785821225726e-05, "repeat": 4, "number": 5}]}, "transform_coords.TransformCoords.time_tof_to_dspacing": {"result": [0.03794525800003612], "stats": [{"ci_99": [0.03606472805134907, 0.03945633644868841], "q_25": 0.03757215150002935, "q_75": 0.03813363875002551, "min": 0.036692868000045564, "max": 0.03845874499995716, "mean": 0.03776053225001874, "std": 0.0006535401748512138, "repeat": 4, "number": 1}]}, "transform_coords.TransformCoords.time_tof_to_energy": {"result": [0.3260202129999925], "stats": [{"ci_99": [0.31839026470723475, 0.3342393722927834], "q_25": 0.32476662999997075, "q_75": 0.32756840150003086, "min": 0.32249345200000334, "max": 0.330725396000048, "mean": 0.3263148185000091, "std": 0.0029462420530846833, "repeat": 4, "number": 1}]}, "transform_coords.TransformCoords.time_tof_to_wavelength": {"result": [0.0017156832999944529], "stats": [{"ci_99": [0.0015312841742069299, 0.001924251725784061], "q_25": 0.0016854582499831851, "q_75": 0.0017579930000067635, "min": 0.001638762799984761, "max": 0.0018409424000083163, "mean": 0.0017277679499954955, "std": 7.3232977087076e-05, "repeat": 4, "number": 5}]}, "transform_coords.TransformCoords.time_wavelength_to_tof": {"result": [0.03503665950000823], "stats": [{"ci_99": [0.032649050683968506, 0.03788910831599756], "q_25": 0.034591030999990835, "q_75": 0.03571470800000043, "min": 0.03421144699996148, "max": 0.03679155199995421, "mean": 0.035269079499983036, "std": 0.0009680130925324701, "repeat": 4, "number": 1}]}}, "params": {"cpu": "2 Core CPU", "machine": "cloud-container", "os": "Ubuntu latest", "ram": "7GB", "python": "3.9", "appdirs": "", "cmake": "", "conan": "", "ess-dmsc::ess-streaming-data-types": "", "h5py": "", "ipykernel": "6.3.1", "ipympl": "", "ipywidgets": "", "mantid-framework": "", "matplotlib-base": "", "ninja": "", "numpy": "", "pip": "", "pooch": "", "python-configuration": "", "python-confluent-kafka": "", "pythreejs": "", "pyyaml": "", "scipp::scipp": "", "scipy": "", "tbb": ""}, "requirements": {"appdirs": "", "cmake": "", "conan": "", "ess-dmsc::ess-streaming-data-types": "", "h5py": "", "ipykernel": "6.3.1", "ipympl": "", "ipywidgets": "", "mantid-framework": "", "matplotlib-base": "", "ninja": "", "numpy": "", "pip": "", "pooch": "", "python-configuration": "", "python-confluent-kafka": "", "pythreejs": "", "pyyaml": "", "scipp::scipp": "", "scipy": "", "tbb": ""}, "commit_hash": "1ae74e77e447b6de05f33b84f44e9f7a1713525c", "date": 1634888285000, "env_name": "conda-py3.9-appdirs-cmake-conan-ess-dmsc__ess-streaming-data-types-h5py-ipykernel6.3.1-ipympl-ipywidgets-mantid-framework-matplotlib-base-ninja-numpy-pip-pooch-python-configuration-python-confluent-kafka-pythreejs-pyyaml-scipp__scipp-scipy-tbb", "python": "3.9", "profiles": {}, "started_at": {"load_nexus.LoadNexus.time_load_event_nexus": 1634983873131, "transform_coords.TransformCoords.time_energy_to_tof": 1634983884217, "transform_coords.TransformCoords.time_tof_to_dspacing": 1634983903032, "transform_coords.TransformCoords.time_tof_to_energy": 1634983921744, "transform_coords.TransformCoords.time_tof_to_wavelength": 1634983941301, "transform_coords.TransformCoords.time_wavelength_to_tof": 1634983959912}, "ended_at": {"load_nexus.LoadNexus.time_load_event_nexus": 1634983884217, "transform_coords.TransformCoords.time_energy_to_tof": 1634983903031, "transform_coords.TransformCoords.time_tof_to_dspacing": 1634983921743, "transform_coords.TransformCoords.time_tof_to_energy": 1634983941301, "transform_coords.TransformCoords.time_tof_to_wavelength": 1634983959911, "transform_coords.TransformCoords.time_wavelength_to_tof": 1634983978771}, "benchmark_version": {"load_nexus.LoadNexus.time_load_event_nexus": "9bb61e37c240f4221eff71f827efb0f1cfb5371f7c6b0e72f79b9ca92578e5e9", "transform_coords.TransformCoords.time_energy_to_tof": "f1ea8beffb41e75997f96056160ef6dd12d9afb53546d00f7e0cb2b307a616bb", "transform_coords.TransformCoords.time_tof_to_dspacing": "76d3e8bdf45621127e026f90298e8f292d01ddb57cb7caf05a5ce555a659d8ac", "transform_coords.TransformCoords.time_tof_to_energy": "32774381c7e0285d159959187b4537339285cc2573292bc6b39f5edd04d4bc0b", "transform_coords.TransformCoords.time_tof_to_wavelength": "46879c3a68b31604accd5a00f4187eb567d166242d70d944aa010a5d6f8de380", "transform_coords.TransformCoords.time_wavelength_to_tof": "d4710ab73daad9eb187b2c50c320802720ae09b880a656f3ac5284d75fea178b"}, "version": 1}