{"results": {"load_nexus.LoadNexus.time_load_event_nexus": {"result": [5.372474490999991], "stats": [{"ci_99": [3.270000640998262, 7.474948341001719], "q_25": 5.351449752499974, "q_75": 5.393499229500009, "min": 5.330425013999957, "max": 5.414523968000026, "mean": 5.372474490999991, "std": 0.042049477000034585, "repeat": 2, "number": 1}]}, "transform_coords.TransformCoords.time_energy_to_tof": {"result": [0.0016213704000051623], "stats": [{"ci_99": [0.001378266790501536, 0.0019419352095188078], "q_25": 0.0015935699999999999, "q_75": 0.001687901400015335, "min": 0.0015531594000094628, "max": 0.0018445038000209023, "mean": 0.0016601010000101724, "std": 0.00011051213336163813, "repeat": 4, "number": 5}]}, "transform_coords.TransformCoords.time_tof_to_dspacing": {"result": [0.03738957249993291], "stats": [{"ci_99": [0.03591955799639717, 0.039291037003533265], "q_25": 0.03719121824991589, "q_75": 0.03780365174998224, "min": 0.036960059999955774, "max": 0.038681985000039276, "mean": 0.03760529749996522, "std": 0.0006515539239639433, "repeat": 4, "number": 1}]}, "transform_coords.TransformCoords.time_tof_to_energy": {"result": [0.2960708160000536], "stats": [{"ci_99": [0.2877199131869991, 0.3024656933130298], "q_25": 0.29456461825003544, "q_75": 0.29659900100003256, "min": 0.29023924900002385, "max": 0.29799033199992664, "mean": 0.2950928032500144, "std": 0.0029100677128539223, "repeat": 4, "number": 1}]}, "transform_coords.TransformCoords.time_tof_to_wavelength": {"result": [0.001568319699993026], "stats": [{"ci_99": [0.0015307158295058923, 0.0016028933704774191], "q_25": 0.0015597845499939922, "q_75": 0.0015753397499906896, "min": 0.0015474393999738822, "max": 0.0015831396000066888, "mean": 0.0015668045999916557, "std": 1.3091111690114492e-05, "repeat": 4, "number": 5}]}, "transform_coords.TransformCoords.time_wavelength_to_tof": {"result": [0.035044935999962945], "stats": [{"ci_99": [0.034113043775358405, 0.036539235724637124], "q_25": 0.03502013299998907, "q_75": 0.03535094274997164, "min": 0.03500033299997085, "max": 0.03621435400009432, "mean": 0.035326139749997765, "std": 0.0005132953313932992, "repeat": 4, "number": 1}]}}, "params": {"cpu": "2 Core CPU", "machine": "cloud-container", "os": "Ubuntu latest", "ram": "7GB", "python": "3.9", "appdirs": "", "cmake": "", "conan": "", "ess-dmsc::ess-streaming-data-types": "", "h5py": "", "ipykernel": "6.3.1", "ipympl": "", "ipywidgets": "", "mantid-framework": "", "matplotlib-base": "", "ninja": "", "numpy": "", "pip": "", "pooch": "", "python-configuration": "", "python-confluent-kafka": "", "pythreejs": "", "pyyaml": "", "scipp::scipp": "", "scipy": "", "tbb": ""}, "requirements": {"appdirs": "", "cmake": "", "conan": "", "ess-dmsc::ess-streaming-data-types": "", "h5py": "", "ipykernel": "6.3.1", "ipympl": "", "ipywidgets": "", "mantid-framework": "", "matplotlib-base": "", "ninja": "", "numpy": "", "pip": "", "pooch": "", "python-configuration": "", "python-confluent-kafka": "", "pythreejs": "", "pyyaml": "", "scipp::scipp": "", "scipy": "", "tbb": ""}, "commit_hash": "1ae74e77e447b6de05f33b84f44e9f7a1713525c", "date": 1634888285000, "env_name": "conda-py3.9-appdirs-cmake-conan-ess-dmsc__ess-streaming-data-types-h5py-ipykernel6.3.1-ipympl-ipywidgets-mantid-framework-matplotlib-base-ninja-numpy-pip-pooch-python-configuration-python-confluent-kafka-pythreejs-pyyaml-scipp__scipp-scipy-tbb", "python": "3.9", "profiles": {}, "started_at": {"load_nexus.LoadNexus.time_load_event_nexus": 1634973071759, "transform_coords.TransformCoords.time_energy_to_tof": 1634973083204, "transform_coords.TransformCoords.time_tof_to_dspacing": 1634973099620, "transform_coords.TransformCoords.time_tof_to_energy": 1634973116333, "transform_coords.TransformCoords.time_tof_to_wavelength": 1634973133748, "transform_coords.TransformCoords.time_wavelength_to_tof": 1634973150305}, "ended_at": {"load_nexus.LoadNexus.time_load_event_nexus": 1634973083203, "transform_coords.TransformCoords.time_energy_to_tof": 1634973099620, "transform_coords.TransformCoords.time_tof_to_dspacing": 1634973116332, "transform_coords.TransformCoords.time_tof_to_energy": 1634973133748, "transform_coords.TransformCoords.time_tof_to_wavelength": 1634973150305, "transform_coords.TransformCoords.time_wavelength_to_tof": 1634973167157}, "benchmark_version": {"load_nexus.LoadNexus.time_load_event_nexus": "9bb61e37c240f4221eff71f827efb0f1cfb5371f7c6b0e72f79b9ca92578e5e9", "transform_coords.TransformCoords.time_energy_to_tof": "f1ea8beffb41e75997f96056160ef6dd12d9afb53546d00f7e0cb2b307a616bb", "transform_coords.TransformCoords.time_tof_to_dspacing": "76d3e8bdf45621127e026f90298e8f292d01ddb57cb7caf05a5ce555a659d8ac", "transform_coords.TransformCoords.time_tof_to_energy": "32774381c7e0285d159959187b4537339285cc2573292bc6b39f5edd04d4bc0b", "transform_coords.TransformCoords.time_tof_to_wavelength": "46879c3a68b31604accd5a00f4187eb567d166242d70d944aa010a5d6f8de380", "transform_coords.TransformCoords.time_wavelength_to_tof": "d4710ab73daad9eb187b2c50c320802720ae09b880a656f3ac5284d75fea178b"}, "version": 1}