{"results": {"load_nexus.LoadNexus.time_load_event_nexus": {"result": [4.476225720499997], "stats": [{"ci_99": [4.360928861763019, 4.605885260736964], "q_25": 4.443768619499991, "q_75": 4.515864162249997, "min": 4.440263000999948, "max": 4.540913803000024, "mean": 4.483407061249991, "std": 0.04251331189456069, "repeat": 4, "number": 1}]}, "transform_coords.TransformCoords.time_energy_to_tof": {"result": [0.0012043367857066706], "stats": [{"ci_99": [0.001174943714285551, 0.001216741934142492], "q_25": 0.0011980725714246482, "q_75": 0.0012083833571361019, "min": 0.001174943714285551, "max": 0.0012097725714284024, "mean": 0.0011998510952339746, "std": 1.2022059853239292e-05, "repeat": 6, "number": 7}]}, "transform_coords.TransformCoords.time_tof_to_dspacing": {"result": [0.0352405514999532], "stats": [{"ci_99": [0.034769941825152, 0.03642556700003752], "q_25": 0.03522962599996049, "q_75": 0.03566930724991835, "min": 0.03499864599996272, "max": 0.03642556700003752, "mean": 0.03549058766662938, "std": 0.0004854812480729698, "repeat": 6, "number": 1}]}, "transform_coords.TransformCoords.time_tof_to_energy": {"result": [0.234876712499954], "stats": [{"ci_99": [0.22812492699995346, 0.23691534487348956], "q_25": 0.23464307924993477, "q_75": 0.23532356774998675, "min": 0.22812492699995346, "max": 0.23548671999998305, "mean": 0.23390046549996177, "std": 0.002603311985743259, "repeat": 6, "number": 1}]}, "transform_coords.TransformCoords.time_tof_to_wavelength": {"result": [0.0012143584285735998], "stats": [{"ci_99": [0.0011828425258980793, 0.0012576315693396528], "q_25": 0.0011995439999939858, "q_75": 0.001242180214288981, "min": 0.0011972294285718427, "max": 0.0012494159999992657, "mean": 0.0012202370476188662, "std": 2.205968522955217e-05, "repeat": 6, "number": 7}]}, "transform_coords.TransformCoords.time_wavelength_to_tof": {"result": [0.0333908279999946], "stats": [{"ci_99": [0.03298543078926849, 0.03467294600000059], "q_25": 0.03328990200000703, "q_75": 0.03346662900000297, "min": 0.033264926000015294, "max": 0.03467294600000059, "mean": 0.033577947333337, "std": 0.0004959946000844901, "repeat": 6, "number": 1}]}}, "params": {"cpu": "2 Core CPU", "machine": "cloud-container", "os": "Ubuntu latest", "ram": "7GB", "python": "3.9", "appdirs": "", "cmake": "", "conan": "", "ess-dmsc::ess-streaming-data-types": "", "h5py": "", "ipykernel": "6.3.1", "ipympl": "", "ipywidgets": "", "mantid-framework": "", "matplotlib-base": "", "ninja": "", "numpy": "", "pip": "", "pooch": "", "python-configuration": "", "python-confluent-kafka": "", "pythreejs": "", "pyyaml": "", "scipp::scipp": "", "scipy": "", "tbb": ""}, "requirements": {"appdirs": "", "cmake": "", "conan": "", "ess-dmsc::ess-streaming-data-types": "", "h5py": "", "ipykernel": "6.3.1", "ipympl": "", "ipywidgets": "", "mantid-framework": "", "matplotlib-base": "", "ninja": "", "numpy": "", "pip": "", "pooch": "", "python-configuration": "", "python-confluent-kafka": "", "pythreejs": "", "pyyaml": "", "scipp::scipp": "", "scipy": "", "tbb": ""}, "commit_hash": "1ae74e77e447b6de05f33b84f44e9f7a1713525c", "date": 1634888285000, "env_name": "conda-py3.9-appdirs-cmake-conan-ess-dmsc__ess-streaming-data-types-h5py-ipykernel6.3.1-ipympl-ipywidgets-mantid-framework-matplotlib-base-ninja-numpy-pip-pooch-python-configuration-python-confluent-kafka-pythreejs-pyyaml-scipp__scipp-scipy-tbb", "python": "3.9", "profiles": {}, "started_at": {"load_nexus.LoadNexus.time_load_event_nexus": 1634890305346, "transform_coords.TransformCoords.time_energy_to_tof": 1634890319342, "transform_coords.TransformCoords.time_tof_to_dspacing": 1634890336496, "transform_coords.TransformCoords.time_tof_to_energy": 1634890353798, "transform_coords.TransformCoords.time_tof_to_wavelength": 1634890371751, "transform_coords.TransformCoords.time_wavelength_to_tof": 1634890388952}, "ended_at": {"load_nexus.LoadNexus.time_load_event_nexus": 1634890319341, "transform_coords.TransformCoords.time_energy_to_tof": 1634890336495, "transform_coords.TransformCoords.time_tof_to_dspacing": 1634890353798, "transform_coords.TransformCoords.time_tof_to_energy": 1634890371750, "transform_coords.TransformCoords.time_tof_to_wavelength": 1634890388952, "transform_coords.TransformCoords.time_wavelength_to_tof": 1634890406256}, "benchmark_version": {"load_nexus.LoadNexus.time_load_event_nexus": "9bb61e37c240f4221eff71f827efb0f1cfb5371f7c6b0e72f79b9ca92578e5e9", "transform_coords.TransformCoords.time_energy_to_tof": "f1ea8beffb41e75997f96056160ef6dd12d9afb53546d00f7e0cb2b307a616bb", "transform_coords.TransformCoords.time_tof_to_dspacing": "76d3e8bdf45621127e026f90298e8f292d01ddb57cb7caf05a5ce555a659d8ac", "transform_coords.TransformCoords.time_tof_to_energy": "32774381c7e0285d159959187b4537339285cc2573292bc6b39f5edd04d4bc0b", "transform_coords.TransformCoords.time_tof_to_wavelength": "46879c3a68b31604accd5a00f4187eb567d166242d70d944aa010a5d6f8de380", "transform_coords.TransformCoords.time_wavelength_to_tof": "d4710ab73daad9eb187b2c50c320802720ae09b880a656f3ac5284d75fea178b"}, "version": 1}