{"results": {"load_nexus.LoadNexus.time_load_event_nexus": {"result": [4.764454996500007], "stats": [{"ci_99": [4.618264747586078, 4.871739674913972], "q_25": 4.731347057750014, "q_75": 4.778110150000018, "min": 4.661555894000003, "max": 4.789542958000084, "mean": 4.745002211250025, "std": 0.04974385622361368, "repeat": 4, "number": 1}]}, "transform_coords.TransformCoords.time_energy_to_tof": {"result": [0.0013460671666602289], "stats": [{"ci_99": [0.001313832485812943, 0.0014023639030693888], "q_25": 0.0013373129583319117, "q_75": 0.001383872249995477, "min": 0.0013294926666655253, "max": 0.0013960933333313126, "mean": 0.001358098194441166, "std": 2.7274654482196313e-05, "repeat": 6, "number": 6}]}, "transform_coords.TransformCoords.time_tof_to_dspacing": {"result": [0.03626609049999274], "stats": [{"ci_99": [0.03589783781326444, 0.037140808000003744], "q_25": 0.036127194750008584, "q_75": 0.03631186774997275, "min": 0.036083587000007356, "max": 0.037140808000003744, "mean": 0.03636076649999609, "std": 0.00036047421036596, "repeat": 6, "number": 1}]}, "transform_coords.TransformCoords.time_tof_to_energy": {"result": [0.25857874350001], "stats": [{"ci_99": [0.25315206461561257, 0.27799186400000053], "q_25": 0.25836902875002465, "q_75": 0.259113026750029, "min": 0.25658315999999104, "max": 0.27799186400000053, "mean": 0.2615537926666794, "std": 0.0073968773196450305, "repeat": 6, "number": 1}]}, "transform_coords.TransformCoords.time_tof_to_wavelength": {"result": [0.0013494919166655943], "stats": [{"ci_99": [0.001337799084044199, 0.0013639554159555283], "q_25": 0.001345824791665488, "q_75": 0.0013574040416652149, "min": 0.0013396276666715796, "max": 0.0013620081666658734, "mean": 0.0013508772499998638, "std": 7.818970163029797e-06, "repeat": 6, "number": 6}]}, "transform_coords.TransformCoords.time_wavelength_to_tof": {"result": [0.03395996949998903], "stats": [{"ci_99": [0.032997879156470504, 0.03785659400000441], "q_25": 0.033915103750004505, "q_75": 0.034246745500013276, "min": 0.033851602000027015, "max": 0.03785659400000441, "mean": 0.03464510350000675, "std": 0.0014446112539575622, "repeat": 6, "number": 1}]}}, "params": {"cpu": "2 Core CPU", "machine": "cloud-container", "os": "Ubuntu latest", "ram": "7GB", "python": "3.9", "appdirs": "", "cmake": "", "conan": "", "ess-dmsc::ess-streaming-data-types": "", "h5py": "", "ipykernel": "6.3.1", "ipympl": "", "ipywidgets": "", "mantid-framework": "", "matplotlib-base": "", "ninja": "", "numpy": "", "pip": "", "pooch": "", "python-configuration": "", "python-confluent-kafka": "", "pythreejs": "", "pyyaml": "", "scipp::scipp": "", "scipy": "", "tbb": ""}, "requirements": {"appdirs": "", "cmake": "", "conan": "", "ess-dmsc::ess-streaming-data-types": "", "h5py": "", "ipykernel": "6.3.1", "ipympl": "", "ipywidgets": "", "mantid-framework": "", "matplotlib-base": "", "ninja": "", "numpy": "", "pip": "", "pooch": "", "python-configuration": "", "python-confluent-kafka": "", "pythreejs": "", "pyyaml": "", "scipp::scipp": "", "scipy": "", "tbb": ""}, "commit_hash": "1ae74e77e447b6de05f33b84f44e9f7a1713525c", "date": 1634888285000, "env_name": "conda-py3.9-appdirs-cmake-conan-ess-dmsc__ess-streaming-data-types-h5py-ipykernel6.3.1-ipympl-ipywidgets-mantid-framework-matplotlib-base-ninja-numpy-pip-pooch-python-configuration-python-confluent-kafka-pythreejs-pyyaml-scipp__scipp-scipy-tbb", "python": "3.9", "profiles": {}, "started_at": {"load_nexus.LoadNexus.time_load_event_nexus": 1634976663594, "transform_coords.TransformCoords.time_energy_to_tof": 1634976678545, "transform_coords.TransformCoords.time_tof_to_dspacing": 1634976697207, "transform_coords.TransformCoords.time_tof_to_energy": 1634976716014, "transform_coords.TransformCoords.time_tof_to_wavelength": 1634976735679, "transform_coords.TransformCoords.time_wavelength_to_tof": 1634976754384}, "ended_at": {"load_nexus.LoadNexus.time_load_event_nexus": 1634976678544, "transform_coords.TransformCoords.time_energy_to_tof": 1634976697206, "transform_coords.TransformCoords.time_tof_to_dspacing": 1634976716014, "transform_coords.TransformCoords.time_tof_to_energy": 1634976735679, "transform_coords.TransformCoords.time_tof_to_wavelength": 1634976754384, "transform_coords.TransformCoords.time_wavelength_to_tof": 1634976773190}, "benchmark_version": {"load_nexus.LoadNexus.time_load_event_nexus": "9bb61e37c240f4221eff71f827efb0f1cfb5371f7c6b0e72f79b9ca92578e5e9", "transform_coords.TransformCoords.time_energy_to_tof": "f1ea8beffb41e75997f96056160ef6dd12d9afb53546d00f7e0cb2b307a616bb", "transform_coords.TransformCoords.time_tof_to_dspacing": "76d3e8bdf45621127e026f90298e8f292d01ddb57cb7caf05a5ce555a659d8ac", "transform_coords.TransformCoords.time_tof_to_energy": "32774381c7e0285d159959187b4537339285cc2573292bc6b39f5edd04d4bc0b", "transform_coords.TransformCoords.time_tof_to_wavelength": "46879c3a68b31604accd5a00f4187eb567d166242d70d944aa010a5d6f8de380", "transform_coords.TransformCoords.time_wavelength_to_tof": "d4710ab73daad9eb187b2c50c320802720ae09b880a656f3ac5284d75fea178b"}, "version": 1}