{"results": {"load_nexus.LoadNexus.time_load_event_nexus": {"result": [4.753214868999976], "stats": [{"ci_99": [4.145807593969201, 5.495001650030793], "q_25": 4.73305615549998, "q_75": 4.8741582119999975, "min": 4.712897441999985, "max": 4.995101555000019, "mean": 4.820404621999994, "std": 0.12462112589681992, "repeat": 3, "number": 1}]}, "transform_coords.TransformCoords.time_energy_to_tof": {"result": [0.001392500833333088], "stats": [{"ci_99": [0.0013523540915756896, 0.0014694351666643495], "q_25": 0.001385104874998433, "q_75": 0.0014378972916730959, "min": 0.0013725840000044325, "max": 0.0014694351666643495, "mean": 0.001410448305556934, "std": 3.655735113079073e-05, "repeat": 6, "number": 6}]}, "transform_coords.TransformCoords.time_tof_to_dspacing": {"result": [0.037011207000034574], "stats": [{"ci_99": [0.03658466000001681, 0.03743662633967876], "q_25": 0.036885843000035834, "q_75": 0.03724967550004976, "min": 0.03658466000001681, "max": 0.03732447400000183, "mean": 0.037017461333363144, "std": 0.0002573471054497979, "repeat": 6, "number": 1}]}, "transform_coords.TransformCoords.time_tof_to_energy": {"result": [0.26044707700003755], "stats": [{"ci_99": [0.2598594635336716, 0.2613550830000122], "q_25": 0.2603454097500162, "q_75": 0.26090630525000336, "min": 0.2599724670000114, "max": 0.2613550830000122, "mean": 0.2605987676666833, "std": 0.0004642659361869315, "repeat": 6, "number": 1}]}, "transform_coords.TransformCoords.time_tof_to_wavelength": {"result": [0.001392417499999965], "stats": [{"ci_99": [0.0013653049999978368, 0.001418242465687286], "q_25": 0.0013876757083295388, "q_75": 0.001406621916665074, "min": 0.0013653049999978368, "max": 0.0014123505000043224, "mean": 0.0013933237222213772, "std": 1.581580393403341e-05, "repeat": 6, "number": 6}]}, "transform_coords.TransformCoords.time_wavelength_to_tof": {"result": [0.03484743850003724], "stats": [{"ci_99": [0.03465383800005384, 0.03506752064612646], "q_25": 0.03482013625000491, "q_75": 0.03496826350001925, "min": 0.03465383800005384, "max": 0.03503424200005156, "mean": 0.03486708850003121, "std": 0.00012662326413281468, "repeat": 6, "number": 1}]}}, "params": {"cpu": "2 Core CPU", "machine": "cloud-container", "os": "Ubuntu latest", "ram": "7GB", "python": "3.9", "appdirs": "", "cmake": "", "conan": "", "ess-dmsc::ess-streaming-data-types": "", "h5py": "", "ipykernel": "6.3.1", "ipympl": "", "ipywidgets": "", "mantid-framework": "", "matplotlib-base": "", "ninja": "", "numpy": "", "pip": "", "pooch": "", "python-configuration": "", "python-confluent-kafka": "", "pythreejs": "", "pyyaml": "", "scipp::scipp": "", "scipy": "", "tbb": ""}, "requirements": {"appdirs": "", "cmake": "", "conan": "", "ess-dmsc::ess-streaming-data-types": "", "h5py": "", "ipykernel": "6.3.1", "ipympl": "", "ipywidgets": "", "mantid-framework": "", "matplotlib-base": "", "ninja": "", "numpy": "", "pip": "", "pooch": "", "python-configuration": "", "python-confluent-kafka": "", "pythreejs": "", "pyyaml": "", "scipp::scipp": "", "scipy": "", "tbb": ""}, "commit_hash": "1ae74e77e447b6de05f33b84f44e9f7a1713525c", "date": 1634888285000, "env_name": "conda-py3.9-appdirs-cmake-conan-ess-dmsc__ess-streaming-data-types-h5py-ipykernel6.3.1-ipympl-ipywidgets-mantid-framework-matplotlib-base-ninja-numpy-pip-pooch-python-configuration-python-confluent-kafka-pythreejs-pyyaml-scipp__scipp-scipy-tbb", "python": "3.9", "profiles": {}, "started_at": {"load_nexus.LoadNexus.time_load_event_nexus": 1634923144372, "transform_coords.TransformCoords.time_energy_to_tof": 1634923159373, "transform_coords.TransformCoords.time_tof_to_dspacing": 1634923178128, "transform_coords.TransformCoords.time_tof_to_energy": 1634923196886, "transform_coords.TransformCoords.time_tof_to_wavelength": 1634923216496, "transform_coords.TransformCoords.time_wavelength_to_tof": 1634923235251}, "ended_at": {"load_nexus.LoadNexus.time_load_event_nexus": 1634923159372, "transform_coords.TransformCoords.time_energy_to_tof": 1634923178128, "transform_coords.TransformCoords.time_tof_to_dspacing": 1634923196885, "transform_coords.TransformCoords.time_tof_to_energy": 1634923216495, "transform_coords.TransformCoords.time_tof_to_wavelength": 1634923235250, "transform_coords.TransformCoords.time_wavelength_to_tof": 1634923254057}, "benchmark_version": {"load_nexus.LoadNexus.time_load_event_nexus": "9bb61e37c240f4221eff71f827efb0f1cfb5371f7c6b0e72f79b9ca92578e5e9", "transform_coords.TransformCoords.time_energy_to_tof": "f1ea8beffb41e75997f96056160ef6dd12d9afb53546d00f7e0cb2b307a616bb", "transform_coords.TransformCoords.time_tof_to_dspacing": "76d3e8bdf45621127e026f90298e8f292d01ddb57cb7caf05a5ce555a659d8ac", "transform_coords.TransformCoords.time_tof_to_energy": "32774381c7e0285d159959187b4537339285cc2573292bc6b39f5edd04d4bc0b", "transform_coords.TransformCoords.time_tof_to_wavelength": "46879c3a68b31604accd5a00f4187eb567d166242d70d944aa010a5d6f8de380", "transform_coords.TransformCoords.time_wavelength_to_tof": "d4710ab73daad9eb187b2c50c320802720ae09b880a656f3ac5284d75fea178b"}, "version": 1}