{"results": {"load_nexus.LoadNexus.time_load_event_nexus": {"result": [4.867343250999966], "stats": [{"ci_99": [4.5187903805961565, 5.311229672070475], "q_25": 4.862791526999956, "q_75": 4.943395138, "min": 4.858239802999947, "max": 5.019447025000034, "mean": 4.915010026333316, "std": 0.07394156796307179, "repeat": 3, "number": 1}]}, "transform_coords.TransformCoords.time_energy_to_tof": {"result": [0.0013869315833356193], "stats": [{"ci_99": [0.0013158183335456807, 0.0015476854999955474], "q_25": 0.001379014583323605, "q_75": 0.0014691243333354957, "min": 0.0013574969999960256, "max": 0.0015476854999955474, "mean": 0.0014253238611085333, "std": 7.064611732535927e-05, "repeat": 6, "number": 6}]}, "transform_coords.TransformCoords.time_tof_to_dspacing": {"result": [0.03773028549997548], "stats": [{"ci_99": [0.03722145694190283, 0.038638466724695834], "q_25": 0.037677001499957896, "q_75": 0.038304392749992644, "min": 0.0373884039998984, "max": 0.03857579399999622, "mean": 0.03792996183329933, "std": 0.0004415671558495302, "repeat": 6, "number": 1}]}, "transform_coords.TransformCoords.time_tof_to_energy": {"result": [0.261162875000025], "stats": [{"ci_99": [0.2590264729869178, 0.26345758934640157], "q_25": 0.26040333625002177, "q_75": 0.26251925849999225, "min": 0.25921548599990274, "max": 0.2627894080000033, "mean": 0.26124203116665967, "std": 0.0013142420357457928, "repeat": 6, "number": 1}]}, "transform_coords.TransformCoords.time_tof_to_wavelength": {"result": [0.0013665360000061355], "stats": [{"ci_99": [0.001309374782781106, 0.0015561256666766592], "q_25": 0.0013621287916691927, "q_75": 0.0013714355833371883, "min": 0.001341051166662055, "max": 0.0015561256666766592, "mean": 0.0013939962222259004, "std": 7.319269206851572e-05, "repeat": 6, "number": 6}]}, "transform_coords.TransformCoords.time_wavelength_to_tof": {"result": [0.03514458949999266], "stats": [{"ci_99": [0.03475979337024224, 0.0361280999999849], "q_25": 0.035108728000025735, "q_75": 0.03532930724999517, "min": 0.03489845400008562, "max": 0.0361280999999849, "mean": 0.035300564500014765, "std": 0.00039607814157259415, "repeat": 6, "number": 1}]}}, "params": {"cpu": "2 Core CPU", "machine": "cloud-container", "os": "Ubuntu latest", "ram": "7GB", "python": "3.9", "appdirs": "", "cmake": "", "conan": "", "ess-dmsc::ess-streaming-data-types": "", "h5py": "", "ipykernel": "6.3.1", "ipympl": "", "ipywidgets": "", "mantid-framework": "", "matplotlib-base": "", "ninja": "", "numpy": "", "pip": "", "pooch": "", "python-configuration": "", "python-confluent-kafka": "", "pythreejs": "", "pyyaml": "", "scipp::scipp": "", "scipy": "", "tbb": ""}, "requirements": {"appdirs": "", "cmake": "", "conan": "", "ess-dmsc::ess-streaming-data-types": "", "h5py": "", "ipykernel": "6.3.1", "ipympl": "", "ipywidgets": "", "mantid-framework": "", "matplotlib-base": "", "ninja": "", "numpy": "", "pip": "", "pooch": "", "python-configuration": "", "python-confluent-kafka": "", "pythreejs": "", "pyyaml": "", "scipp::scipp": "", "scipy": "", "tbb": ""}, "commit_hash": "1ae74e77e447b6de05f33b84f44e9f7a1713525c", "date": 1634888285000, "env_name": "conda-py3.9-appdirs-cmake-conan-ess-dmsc__ess-streaming-data-types-h5py-ipykernel6.3.1-ipympl-ipywidgets-mantid-framework-matplotlib-base-ninja-numpy-pip-pooch-python-configuration-python-confluent-kafka-pythreejs-pyyaml-scipp__scipp-scipy-tbb", "python": "3.9", "profiles": {}, "started_at": {"load_nexus.LoadNexus.time_load_event_nexus": 1634904881535, "transform_coords.TransformCoords.time_energy_to_tof": 1634904896939, "transform_coords.TransformCoords.time_tof_to_dspacing": 1634904915998, "transform_coords.TransformCoords.time_tof_to_energy": 1634904935215, "transform_coords.TransformCoords.time_tof_to_wavelength": 1634904955025, "transform_coords.TransformCoords.time_wavelength_to_tof": 1634904973935}, "ended_at": {"load_nexus.LoadNexus.time_load_event_nexus": 1634904896939, "transform_coords.TransformCoords.time_energy_to_tof": 1634904915998, "transform_coords.TransformCoords.time_tof_to_dspacing": 1634904935214, "transform_coords.TransformCoords.time_tof_to_energy": 1634904955025, "transform_coords.TransformCoords.time_tof_to_wavelength": 1634904973935, "transform_coords.TransformCoords.time_wavelength_to_tof": 1634904992994}, "benchmark_version": {"load_nexus.LoadNexus.time_load_event_nexus": "9bb61e37c240f4221eff71f827efb0f1cfb5371f7c6b0e72f79b9ca92578e5e9", "transform_coords.TransformCoords.time_energy_to_tof": "f1ea8beffb41e75997f96056160ef6dd12d9afb53546d00f7e0cb2b307a616bb", "transform_coords.TransformCoords.time_tof_to_dspacing": "76d3e8bdf45621127e026f90298e8f292d01ddb57cb7caf05a5ce555a659d8ac", "transform_coords.TransformCoords.time_tof_to_energy": "32774381c7e0285d159959187b4537339285cc2573292bc6b39f5edd04d4bc0b", "transform_coords.TransformCoords.time_tof_to_wavelength": "46879c3a68b31604accd5a00f4187eb567d166242d70d944aa010a5d6f8de380", "transform_coords.TransformCoords.time_wavelength_to_tof": "d4710ab73daad9eb187b2c50c320802720ae09b880a656f3ac5284d75fea178b"}, "version": 1}