{"results": {"load_nexus.LoadNexus.time_load_event_nexus": {"result": [4.371447801999977], "stats": [{"ci_99": [3.907097864125979, 4.853079134373974], "q_25": 4.218734579249997, "q_75": 4.5328017219999595, "min": 4.218698444999973, "max": 4.558759947999988, "mean": 4.380088499249979, "std": 0.16182927657900628, "repeat": 4, "number": 1}]}, "transform_coords.TransformCoords.time_energy_to_tof": {"result": [0.0013081495833375811], "stats": [{"ci_99": [0.0011922570000137966, 0.001403844792069097], "q_25": 0.0012859243750019307, "q_75": 0.0013482746666634664, "min": 0.0011922570000137966, "max": 0.0013911581666737523, "mean": 0.001306646666670809, "std": 6.29083568097016e-05, "repeat": 6, "number": 6}]}, "transform_coords.TransformCoords.time_tof_to_dspacing": {"result": [0.03354065149994767], "stats": [{"ci_99": [0.032810033822929796, 0.03507481100007226], "q_25": 0.033472451749986476, "q_75": 0.03385365425000941, "min": 0.0329319969999915, "max": 0.03507481100007226, "mean": 0.033749302999998086, "std": 0.0006628806958734556, "repeat": 6, "number": 1}]}, "transform_coords.TransformCoords.time_tof_to_energy": {"result": [0.2411522710000895], "stats": [{"ci_99": [0.231540731370095, 0.2663129240000899], "q_25": 0.24012914800005092, "q_75": 0.24700666524998383, "min": 0.23586191799995504, "max": 0.2663129240000899, "mean": 0.2455376035000351, "std": 0.010043719064996803, "repeat": 6, "number": 1}]}, "transform_coords.TransformCoords.time_tof_to_wavelength": {"result": [0.0013154164166640687], "stats": [{"ci_99": [0.0012041572576334226, 0.001387896964595582], "q_25": 0.00124753262500595, "q_75": 0.0013283367083308424, "min": 0.0012149573333507153, "max": 0.0013728243333351504, "mean": 0.0012960271111145023, "std": 5.654626103536505e-05, "repeat": 6, "number": 6}]}, "transform_coords.TransformCoords.time_wavelength_to_tof": {"result": [0.03149648999999499], "stats": [{"ci_99": [0.029133158796724047, 0.04114214000003358], "q_25": 0.03134706400007303, "q_75": 0.03179981300002055, "min": 0.031242288999919765, "max": 0.04114214000003358, "mean": 0.03309593083334524, "std": 0.003604142022334774, "repeat": 6, "number": 1}]}}, "params": {"cpu": "2 Core CPU", "machine": "cloud-container", "os": "Ubuntu latest", "ram": "7GB", "python": "3.9", "appdirs": "", "cmake": "", "conan": "", "ess-dmsc::ess-streaming-data-types": "", "h5py": "", "ipykernel": "6.3.1", "ipympl": "", "ipywidgets": "", "mantid-framework": "", "matplotlib-base": "", "ninja": "", "numpy": "", "pip": "", "pooch": "", "python-configuration": "", "python-confluent-kafka": "", "pythreejs": "", "pyyaml": "", "scipp::scipp": "", "scipy": "", "tbb": ""}, "requirements": {"appdirs": "", "cmake": "", "conan": "", "ess-dmsc::ess-streaming-data-types": "", "h5py": "", "ipykernel": "6.3.1", "ipympl": "", "ipywidgets": "", "mantid-framework": "", "matplotlib-base": "", "ninja": "", "numpy": "", "pip": "", "pooch": "", "python-configuration": "", "python-confluent-kafka": "", "pythreejs": "", "pyyaml": "", "scipp::scipp": "", "scipy": "", "tbb": ""}, "commit_hash": "1ae74e77e447b6de05f33b84f44e9f7a1713525c", "date": 1634888285000, "env_name": "conda-py3.9-appdirs-cmake-conan-ess-dmsc__ess-streaming-data-types-h5py-ipykernel6.3.1-ipympl-ipywidgets-mantid-framework-matplotlib-base-ninja-numpy-pip-pooch-python-configuration-python-confluent-kafka-pythreejs-pyyaml-scipp__scipp-scipy-tbb", "python": "3.9", "profiles": {}, "started_at": {"load_nexus.LoadNexus.time_load_event_nexus": 1634987384035, "transform_coords.TransformCoords.time_energy_to_tof": 1634987397730, "transform_coords.TransformCoords.time_tof_to_dspacing": 1634987415528, "transform_coords.TransformCoords.time_tof_to_energy": 1634987433375, "transform_coords.TransformCoords.time_tof_to_wavelength": 1634987452025, "transform_coords.TransformCoords.time_wavelength_to_tof": 1634987470423}, "ended_at": {"load_nexus.LoadNexus.time_load_event_nexus": 1634987397729, "transform_coords.TransformCoords.time_energy_to_tof": 1634987415528, "transform_coords.TransformCoords.time_tof_to_dspacing": 1634987433375, "transform_coords.TransformCoords.time_tof_to_energy": 1634987452024, "transform_coords.TransformCoords.time_tof_to_wavelength": 1634987470423, "transform_coords.TransformCoords.time_wavelength_to_tof": 1634987488975}, "benchmark_version": {"load_nexus.LoadNexus.time_load_event_nexus": "9bb61e37c240f4221eff71f827efb0f1cfb5371f7c6b0e72f79b9ca92578e5e9", "transform_coords.TransformCoords.time_energy_to_tof": "f1ea8beffb41e75997f96056160ef6dd12d9afb53546d00f7e0cb2b307a616bb", "transform_coords.TransformCoords.time_tof_to_dspacing": "76d3e8bdf45621127e026f90298e8f292d01ddb57cb7caf05a5ce555a659d8ac", "transform_coords.TransformCoords.time_tof_to_energy": "32774381c7e0285d159959187b4537339285cc2573292bc6b39f5edd04d4bc0b", "transform_coords.TransformCoords.time_tof_to_wavelength": "46879c3a68b31604accd5a00f4187eb567d166242d70d944aa010a5d6f8de380", "transform_coords.TransformCoords.time_wavelength_to_tof": "d4710ab73daad9eb187b2c50c320802720ae09b880a656f3ac5284d75fea178b"}, "version": 1}