{"results": {"load_nexus.LoadNexus.time_load_event_nexus": {"result": [4.841435648000015], "stats": [{"ci_99": [4.516850373851585, 5.196158400148403], "q_25": 4.815974950499992, "q_75": 4.889499454000003, "min": 4.790514252999969, "max": 4.93756325999999, "mean": 4.856504386999991, "std": 0.06097077325085146, "repeat": 3, "number": 1}]}, "transform_coords.TransformCoords.time_energy_to_tof": {"result": [0.0013865087500022355], "stats": [{"ci_99": [0.0013190273869414437, 0.0015016260000019581], "q_25": 0.0013771899583403524, "q_75": 0.0014511007916695462, "min": 0.0013388115000149507, "max": 0.0015016260000019581, "mean": 0.0014100283611166258, "std": 5.695420456925912e-05, "repeat": 6, "number": 6}]}, "transform_coords.TransformCoords.time_tof_to_dspacing": {"result": [0.03742191149996188], "stats": [{"ci_99": [0.036445295204803135, 0.03997490300002937], "q_25": 0.03722988324992116, "q_75": 0.0383589230000041, "min": 0.03714063099999976, "max": 0.03997490300002937, "mean": 0.037966081833313105, "std": 0.001032110496239612, "repeat": 6, "number": 1}]}, "transform_coords.TransformCoords.time_tof_to_energy": {"result": [0.2611740925000561], "stats": [{"ci_99": [0.25873288900004354, 0.26471394099996814], "q_25": 0.260660673500027, "q_75": 0.26175476475005155, "min": 0.25873288900004354, "max": 0.26471394099996814, "mean": 0.26137214516669854, "std": 0.0017916980564481046, "repeat": 6, "number": 1}]}, "transform_coords.TransformCoords.time_tof_to_wavelength": {"result": [0.0013733674999987973], "stats": [{"ci_99": [0.0013287419209157434, 0.0014171484679721081], "q_25": 0.0013494216666648147, "q_75": 0.0013960630833314742, "min": 0.0013407749999979994, "max": 0.0014050931666721074, "mean": 0.0013729451944439258, "std": 2.5472092509948503e-05, "repeat": 6, "number": 6}]}, "transform_coords.TransformCoords.time_wavelength_to_tof": {"result": [0.03550195350004515], "stats": [{"ci_99": [0.0350070843774703, 0.03631225828926519], "q_25": 0.03546877200005838, "q_75": 0.03601269225001147, "min": 0.035092219000034675, "max": 0.03622125200001847, "mean": 0.03565967133336775, "std": 0.00040665046618868677, "repeat": 6, "number": 1}]}}, "params": {"cpu": "2 Core CPU", "machine": "cloud-container", "os": "Ubuntu latest", "ram": "7GB", "python": "3.9", "appdirs": "", "cmake": "", "conan": "", "ess-dmsc::ess-streaming-data-types": "", "h5py": "", "ipykernel": "6.3.1", "ipympl": "", "ipywidgets": "", "mantid-framework": "", "matplotlib-base": "", "ninja": "", "numpy": "", "pip": "", "pooch": "", "python-configuration": "", "python-confluent-kafka": "", "pythreejs": "", "pyyaml": "", "scipp::scipp": "", "scipy": "", "tbb": ""}, "requirements": {"appdirs": "", "cmake": "", "conan": "", "ess-dmsc::ess-streaming-data-types": "", "h5py": "", "ipykernel": "6.3.1", "ipympl": "", "ipywidgets": "", "mantid-framework": "", "matplotlib-base": "", "ninja": "", "numpy": "", "pip": "", "pooch": "", "python-configuration": "", "python-confluent-kafka": "", "pythreejs": "", "pyyaml": "", "scipp::scipp": "", "scipy": "", "tbb": ""}, "commit_hash": "1ae74e77e447b6de05f33b84f44e9f7a1713525c", "date": 1634888285000, "env_name": "conda-py3.9-appdirs-cmake-conan-ess-dmsc__ess-streaming-data-types-h5py-ipykernel6.3.1-ipympl-ipywidgets-mantid-framework-matplotlib-base-ninja-numpy-pip-pooch-python-configuration-python-confluent-kafka-pythreejs-pyyaml-scipp__scipp-scipy-tbb", "python": "3.9", "profiles": {}, "started_at": {"load_nexus.LoadNexus.time_load_event_nexus": 1634888790110, "transform_coords.TransformCoords.time_energy_to_tof": 1634888805410, "transform_coords.TransformCoords.time_tof_to_dspacing": 1634888824668, "transform_coords.TransformCoords.time_tof_to_energy": 1634888844027, "transform_coords.TransformCoords.time_tof_to_wavelength": 1634888864236, "transform_coords.TransformCoords.time_wavelength_to_tof": 1634888883444}, "ended_at": {"load_nexus.LoadNexus.time_load_event_nexus": 1634888805409, "transform_coords.TransformCoords.time_energy_to_tof": 1634888824668, "transform_coords.TransformCoords.time_tof_to_dspacing": 1634888844026, "transform_coords.TransformCoords.time_tof_to_energy": 1634888864236, "transform_coords.TransformCoords.time_tof_to_wavelength": 1634888883443, "transform_coords.TransformCoords.time_wavelength_to_tof": 1634888902902}, "benchmark_version": {"load_nexus.LoadNexus.time_load_event_nexus": "9bb61e37c240f4221eff71f827efb0f1cfb5371f7c6b0e72f79b9ca92578e5e9", "transform_coords.TransformCoords.time_energy_to_tof": "f1ea8beffb41e75997f96056160ef6dd12d9afb53546d00f7e0cb2b307a616bb", "transform_coords.TransformCoords.time_tof_to_dspacing": "76d3e8bdf45621127e026f90298e8f292d01ddb57cb7caf05a5ce555a659d8ac", "transform_coords.TransformCoords.time_tof_to_energy": "32774381c7e0285d159959187b4537339285cc2573292bc6b39f5edd04d4bc0b", "transform_coords.TransformCoords.time_tof_to_wavelength": "46879c3a68b31604accd5a00f4187eb567d166242d70d944aa010a5d6f8de380", "transform_coords.TransformCoords.time_wavelength_to_tof": "d4710ab73daad9eb187b2c50c320802720ae09b880a656f3ac5284d75fea178b"}, "version": 1}