{"results": {"load_nexus.LoadNexus.time_load_event_nexus": {"result": [5.384646167999989], "stats": [{"ci_99": [-1.3876058819998605, 12.156898217999832], "q_25": 5.316923647499991, "q_75": 5.452368688499988, "min": 5.249201126999992, "max": 5.520091208999986, "mean": 5.384646167999989, "std": 0.135445040999997, "repeat": 2, "number": 1}]}, "transform_coords.TransformCoords.time_energy_to_tof": {"result": [0.0015760293999960596], "stats": [{"ci_99": [0.0013983432597741894, 0.0017173762602315792], "q_25": 0.0015346854000199528, "q_75": 0.0016010299999834388, "min": 0.0014105780000136293, "max": 0.001666976000001341, "mean": 0.0015578597600028844, "std": 8.523981118586796e-05, "repeat": 5, "number": 5}]}, "transform_coords.TransformCoords.time_tof_to_dspacing": {"result": [0.03776922299994112], "stats": [{"ci_99": [0.0345068472265541, 0.04311329200004366], "q_25": 0.03720342300005086, "q_75": 0.03792493499997818, "min": 0.03628231699997286, "max": 0.04311329200004366, "mean": 0.03845863799999734, "std": 0.002397410001894433, "repeat": 5, "number": 1}]}, "transform_coords.TransformCoords.time_tof_to_energy": {"result": [0.301848907999954], "stats": [{"ci_99": [0.2924768721436949, 0.3131779838563062], "q_25": 0.30075563624998836, "q_75": 0.30392069974996616, "min": 0.2983616310000343, "max": 0.3092502650000597, "mean": 0.3028274280000005, "std": 0.003977610762159738, "repeat": 4, "number": 1}]}, "transform_coords.TransformCoords.time_tof_to_wavelength": {"result": [0.0015906564166717392], "stats": [{"ci_99": [0.001433160124625674, 0.001816767958718706], "q_25": 0.0015772900000049124, "q_75": 0.0016383304583390175, "min": 0.001560854500003946, "max": 0.0017576888333413383, "mean": 0.0016249640416721907, "std": 7.778876586877711e-05, "repeat": 4, "number": 6}]}, "transform_coords.TransformCoords.time_wavelength_to_tof": {"result": [0.03576048900004025], "stats": [{"ci_99": [0.03423806772842216, 0.03711794667157629], "q_25": 0.03492812699994374, "q_75": 0.03626461700002892, "min": 0.03485423899996931, "max": 0.03658256400001392, "mean": 0.03567800719999923, "std": 0.0006942696408597284, "repeat": 5, "number": 1}]}}, "params": {"cpu": "2 Core CPU", "machine": "cloud-container", "os": "Ubuntu latest", "ram": "7GB", "python": "3.9", "appdirs": "", "cmake": "", "conan": "", "ess-dmsc::ess-streaming-data-types": "", "h5py": "", "ipykernel": "6.3.1", "ipympl": "", "ipywidgets": "", "mantid-framework": "", "matplotlib-base": "", "ninja": "", "numpy": "", "pip": "", "pooch": "", "python-configuration": "", "python-confluent-kafka": "", "pythreejs": "", "pyyaml": "", "scipp::scipp": "", "scipy": "", "tbb": ""}, "requirements": {"appdirs": "", "cmake": "", "conan": "", "ess-dmsc::ess-streaming-data-types": "", "h5py": "", "ipykernel": "6.3.1", "ipympl": "", "ipywidgets": "", "mantid-framework": "", "matplotlib-base": "", "ninja": "", "numpy": "", "pip": "", "pooch": "", "python-configuration": "", "python-confluent-kafka": "", "pythreejs": "", "pyyaml": "", "scipp::scipp": "", "scipy": "", "tbb": ""}, "commit_hash": "1ae74e77e447b6de05f33b84f44e9f7a1713525c", "date": 1634888285000, "env_name": "conda-py3.9-appdirs-cmake-conan-ess-dmsc__ess-streaming-data-types-h5py-ipykernel6.3.1-ipympl-ipywidgets-mantid-framework-matplotlib-base-ninja-numpy-pip-pooch-python-configuration-python-confluent-kafka-pythreejs-pyyaml-scipp__scipp-scipy-tbb", "python": "3.9", "profiles": {}, "started_at": {"load_nexus.LoadNexus.time_load_event_nexus": 1634915444385, "transform_coords.TransformCoords.time_energy_to_tof": 1634915455677, "transform_coords.TransformCoords.time_tof_to_dspacing": 1634915475991, "transform_coords.TransformCoords.time_tof_to_energy": 1634915496315, "transform_coords.TransformCoords.time_tof_to_wavelength": 1634915512874, "transform_coords.TransformCoords.time_wavelength_to_tof": 1634915528977}, "ended_at": {"load_nexus.LoadNexus.time_load_event_nexus": 1634915455676, "transform_coords.TransformCoords.time_energy_to_tof": 1634915475991, "transform_coords.TransformCoords.time_tof_to_dspacing": 1634915496315, "transform_coords.TransformCoords.time_tof_to_energy": 1634915512873, "transform_coords.TransformCoords.time_tof_to_wavelength": 1634915528976, "transform_coords.TransformCoords.time_wavelength_to_tof": 1634915549344}, "benchmark_version": {"load_nexus.LoadNexus.time_load_event_nexus": "9bb61e37c240f4221eff71f827efb0f1cfb5371f7c6b0e72f79b9ca92578e5e9", "transform_coords.TransformCoords.time_energy_to_tof": "f1ea8beffb41e75997f96056160ef6dd12d9afb53546d00f7e0cb2b307a616bb", "transform_coords.TransformCoords.time_tof_to_dspacing": "76d3e8bdf45621127e026f90298e8f292d01ddb57cb7caf05a5ce555a659d8ac", "transform_coords.TransformCoords.time_tof_to_energy": "32774381c7e0285d159959187b4537339285cc2573292bc6b39f5edd04d4bc0b", "transform_coords.TransformCoords.time_tof_to_wavelength": "46879c3a68b31604accd5a00f4187eb567d166242d70d944aa010a5d6f8de380", "transform_coords.TransformCoords.time_wavelength_to_tof": "d4710ab73daad9eb187b2c50c320802720ae09b880a656f3ac5284d75fea178b"}, "version": 1}