{"results": {"load_nexus.LoadNexus.time_load_event_nexus": {"result": [4.776276016499992], "stats": [{"ci_99": [4.732444860422488, 4.817906608577532], "q_25": 4.768130657750021, "q_75": 4.783321093249981, "min": 4.751891375000014, "max": 4.796259530000043, "mean": 4.77517573450001, "std": 0.015843292031383665, "repeat": 4, "number": 1}]}, "transform_coords.TransformCoords.time_energy_to_tof": {"result": [0.0013594270000017634], "stats": [{"ci_99": [0.0013427595157223884, 0.0013729333731697978], "q_25": 0.001350285500000344, "q_75": 0.001365381000004125, "min": 0.0013450605000002724, "max": 0.0013685601666679759, "mean": 0.001357846444446093, "std": 8.844384424679039e-06, "repeat": 6, "number": 6}]}, "transform_coords.TransformCoords.time_tof_to_dspacing": {"result": [0.03670043150003721], "stats": [{"ci_99": [0.035955350813824734, 0.037770489999957135], "q_25": 0.0363511777499923, "q_75": 0.03708793449999348, "min": 0.03624417399998947, "max": 0.037770489999957135, "mean": 0.03681123149999621, "std": 0.0005353480309691681, "repeat": 6, "number": 1}]}, "transform_coords.TransformCoords.time_tof_to_energy": {"result": [0.26015295549996154], "stats": [{"ci_99": [0.2555671370452115, 0.2750035100000332], "q_25": 0.25918881725004894, "q_75": 0.2603703397500112, "min": 0.2585837139999967, "max": 0.2750035100000332, "mean": 0.26220056233334316, "std": 0.005766473905286872, "repeat": 6, "number": 1}]}, "transform_coords.TransformCoords.time_tof_to_wavelength": {"result": [0.0013652020000070784], "stats": [{"ci_99": [-0.0005200610223130213, 0.004465782688990126], "q_25": 0.0013616395416751932, "q_75": 0.0019764232916704336, "min": 0.0013515766666690372, "max": 0.0038094626666710005, "mean": 0.0019728608333385487, "std": 0.0010603771630972396, "repeat": 4, "number": 6}]}, "transform_coords.TransformCoords.time_wavelength_to_tof": {"result": [0.03494345799998655], "stats": [{"ci_99": [0.03276106042773636, 0.04080890399995951], "q_25": 0.03426435649996051, "q_75": 0.035006577000018524, "min": 0.03396395799995844, "max": 0.04080890399995951, "mean": 0.03562089733331201, "std": 0.0023606550326710865, "repeat": 6, "number": 1}]}}, "params": {"cpu": "2 Core CPU", "machine": "cloud-container", "os": "Ubuntu latest", "ram": "7GB", "python": "3.9", "appdirs": "", "cmake": "", "conan": "", "ess-dmsc::ess-streaming-data-types": "", "h5py": "", "ipykernel": "6.3.1", "ipympl": "", "ipywidgets": "", "mantid-framework": "", "matplotlib-base": "", "ninja": "", "numpy": "", "pip": "", "pooch": "", "python-configuration": "", "python-confluent-kafka": "", "pythreejs": "", "pyyaml": "", "scipp::scipp": "", "scipy": "", "tbb": ""}, "requirements": {"appdirs": "", "cmake": "", "conan": "", "ess-dmsc::ess-streaming-data-types": "", "h5py": "", "ipykernel": "6.3.1", "ipympl": "", "ipywidgets": "", "mantid-framework": "", "matplotlib-base": "", "ninja": "", "numpy": "", "pip": "", "pooch": "", "python-configuration": "", "python-confluent-kafka": "", "pythreejs": "", "pyyaml": "", "scipp::scipp": "", "scipy": "", "tbb": ""}, "commit_hash": "1ae74e77e447b6de05f33b84f44e9f7a1713525c", "date": 1634888285000, "env_name": "conda-py3.9-appdirs-cmake-conan-ess-dmsc__ess-streaming-data-types-h5py-ipykernel6.3.1-ipympl-ipywidgets-mantid-framework-matplotlib-base-ninja-numpy-pip-pooch-python-configuration-python-confluent-kafka-pythreejs-pyyaml-scipp__scipp-scipy-tbb", "python": "3.9", "profiles": {}, "started_at": {"load_nexus.LoadNexus.time_load_event_nexus": 1634956382560, "transform_coords.TransformCoords.time_energy_to_tof": 1634956397657, "transform_coords.TransformCoords.time_tof_to_dspacing": 1634956416611, "transform_coords.TransformCoords.time_tof_to_energy": 1634956435663, "transform_coords.TransformCoords.time_tof_to_wavelength": 1634956455518, "transform_coords.TransformCoords.time_wavelength_to_tof": 1634956475675}, "ended_at": {"load_nexus.LoadNexus.time_load_event_nexus": 1634956397656, "transform_coords.TransformCoords.time_energy_to_tof": 1634956416610, "transform_coords.TransformCoords.time_tof_to_dspacing": 1634956435662, "transform_coords.TransformCoords.time_tof_to_energy": 1634956455518, "transform_coords.TransformCoords.time_tof_to_wavelength": 1634956475675, "transform_coords.TransformCoords.time_wavelength_to_tof": 1634956494626}, "benchmark_version": {"load_nexus.LoadNexus.time_load_event_nexus": "9bb61e37c240f4221eff71f827efb0f1cfb5371f7c6b0e72f79b9ca92578e5e9", "transform_coords.TransformCoords.time_energy_to_tof": "f1ea8beffb41e75997f96056160ef6dd12d9afb53546d00f7e0cb2b307a616bb", "transform_coords.TransformCoords.time_tof_to_dspacing": "76d3e8bdf45621127e026f90298e8f292d01ddb57cb7caf05a5ce555a659d8ac", "transform_coords.TransformCoords.time_tof_to_energy": "32774381c7e0285d159959187b4537339285cc2573292bc6b39f5edd04d4bc0b", "transform_coords.TransformCoords.time_tof_to_wavelength": "46879c3a68b31604accd5a00f4187eb567d166242d70d944aa010a5d6f8de380", "transform_coords.TransformCoords.time_wavelength_to_tof": "d4710ab73daad9eb187b2c50c320802720ae09b880a656f3ac5284d75fea178b"}, "version": 1}