{"results": {"load_nexus.LoadNexus.time_load_event_nexus": {"result": [4.372045061000023], "stats": [{"ci_99": [4.230262823601657, 4.6036456638983685], "q_25": 4.369618417750019, "q_75": 4.419380887000017, "min": 4.369528362999972, "max": 4.554198490000033, "mean": 4.416954243750013, "std": 0.07926278178782649, "repeat": 4, "number": 1}]}, "transform_coords.TransformCoords.time_energy_to_tof": {"result": [0.0012315995833394786], "stats": [{"ci_99": [0.0011590659397126889, 0.0013421843333295176], "q_25": 0.001197024208330788, "q_75": 0.0012569624583373222, "min": 0.001189149000007698, "max": 0.0013421843333295176, "mean": 0.001240908055557889, "std": 5.274536277953138e-05, "repeat": 6, "number": 6}]}, "transform_coords.TransformCoords.time_tof_to_dspacing": {"result": [0.03489495899998474], "stats": [{"ci_99": [0.03443505134938464, 0.03592737731732278], "q_25": 0.03484086049999746, "q_75": 0.0355820672500613, "min": 0.03477126200004932, "max": 0.03589217500001496, "mean": 0.035181214333353715, "std": 0.0004759297771902616, "repeat": 6, "number": 1}]}, "transform_coords.TransformCoords.time_tof_to_energy": {"result": [0.23416345250001314], "stats": [{"ci_99": [0.2334481960000403, 0.23480498699996133], "q_25": 0.2340625550000226, "q_75": 0.23428913450000266, "min": 0.2334481960000403, "max": 0.23480498699996133, "mean": 0.23415667316667546, "std": 0.00040179089155350264, "repeat": 6, "number": 1}]}, "transform_coords.TransformCoords.time_tof_to_wavelength": {"result": [0.0011923371428557467], "stats": [{"ci_99": [0.0011809536745799262, 0.001210906325408884], "q_25": 0.001188354999996477, "q_75": 0.0012036907142751424, "min": 0.0011865584285715158, "max": 0.0012098444285584264, "mean": 0.001195929999994405, "std": 9.15079751438988e-06, "repeat": 6, "number": 7}]}, "transform_coords.TransformCoords.time_wavelength_to_tof": {"result": [0.03293568399999458], "stats": [{"ci_99": [0.031384486296596306, 0.03882841099994039], "q_25": 0.032862908500050025, "q_75": 0.033041985250008565, "min": 0.0325329290000127, "max": 0.03882841099994039, "mean": 0.033858129500004, "std": 0.0022289356725381138, "repeat": 6, "number": 1}]}}, "params": {"cpu": "2 Core CPU", "machine": "cloud-container", "os": "Ubuntu latest", "ram": "7GB", "python": "3.9", "appdirs": "", "cmake": "", "conan": "", "ess-dmsc::ess-streaming-data-types": "", "h5py": "", "ipykernel": "6.3.1", "ipympl": "", "ipywidgets": "", "mantid-framework": "", "matplotlib-base": "", "ninja": "", "numpy": "", "pip": "", "pooch": "", "python-configuration": "", "python-confluent-kafka": "", "pythreejs": "", "pyyaml": "", "scipp::scipp": "", "scipy": "", "tbb": ""}, "requirements": {"appdirs": "", "cmake": "", "conan": "", "ess-dmsc::ess-streaming-data-types": "", "h5py": "", "ipykernel": "6.3.1", "ipympl": "", "ipywidgets": "", "mantid-framework": "", "matplotlib-base": "", "ninja": "", "numpy": "", "pip": "", "pooch": "", "python-configuration": "", "python-confluent-kafka": "", "pythreejs": "", "pyyaml": "", "scipp::scipp": "", "scipy": "", "tbb": ""}, "commit_hash": "1ae74e77e447b6de05f33b84f44e9f7a1713525c", "date": 1634888285000, "env_name": "conda-py3.9-appdirs-cmake-conan-ess-dmsc__ess-streaming-data-types-h5py-ipykernel6.3.1-ipympl-ipywidgets-mantid-framework-matplotlib-base-ninja-numpy-pip-pooch-python-configuration-python-confluent-kafka-pythreejs-pyyaml-scipp__scipp-scipy-tbb", "python": "3.9", "profiles": {}, "started_at": {"load_nexus.LoadNexus.time_load_event_nexus": 1635127085258, "transform_coords.TransformCoords.time_energy_to_tof": 1635127099052, "transform_coords.TransformCoords.time_tof_to_dspacing": 1635127116000, "transform_coords.TransformCoords.time_tof_to_energy": 1635127133355, "transform_coords.TransformCoords.time_tof_to_wavelength": 1635127151004, "transform_coords.TransformCoords.time_wavelength_to_tof": 1635127167908}, "ended_at": {"load_nexus.LoadNexus.time_load_event_nexus": 1635127099052, "transform_coords.TransformCoords.time_energy_to_tof": 1635127115999, "transform_coords.TransformCoords.time_tof_to_dspacing": 1635127133355, "transform_coords.TransformCoords.time_tof_to_energy": 1635127151003, "transform_coords.TransformCoords.time_tof_to_wavelength": 1635127167907, "transform_coords.TransformCoords.time_wavelength_to_tof": 1635127184904}, "benchmark_version": {"load_nexus.LoadNexus.time_load_event_nexus": "9bb61e37c240f4221eff71f827efb0f1cfb5371f7c6b0e72f79b9ca92578e5e9", "transform_coords.TransformCoords.time_energy_to_tof": "f1ea8beffb41e75997f96056160ef6dd12d9afb53546d00f7e0cb2b307a616bb", "transform_coords.TransformCoords.time_tof_to_dspacing": "76d3e8bdf45621127e026f90298e8f292d01ddb57cb7caf05a5ce555a659d8ac", "transform_coords.TransformCoords.time_tof_to_energy": "32774381c7e0285d159959187b4537339285cc2573292bc6b39f5edd04d4bc0b", "transform_coords.TransformCoords.time_tof_to_wavelength": "46879c3a68b31604accd5a00f4187eb567d166242d70d944aa010a5d6f8de380", "transform_coords.TransformCoords.time_wavelength_to_tof": "d4710ab73daad9eb187b2c50c320802720ae09b880a656f3ac5284d75fea178b"}, "version": 1}