{"results": {"load_nexus.LoadNexus.time_load_event_nexus": {"result": [5.241242576499985], "stats": [{"ci_99": [-4.55824794850048, 15.040733101500441], "q_25": 5.143247671249981, "q_75": 5.33923748174999, "min": 5.045252765999976, "max": 5.437232386999995, "mean": 5.241242576499985, "std": 0.1959898105000093, "repeat": 2, "number": 1}]}, "transform_coords.TransformCoords.time_energy_to_tof": {"result": [0.0016190347999952338], "stats": [{"ci_99": [0.0015722318978326165, 0.0016674277021629315], "q_25": 0.001610634599992977, "q_75": 0.0016282300000000304, "min": 0.0015960833999997704, "max": 0.0016451662000008583, "mean": 0.001619829799997774, "std": 1.7552000513714587e-05, "repeat": 4, "number": 5}]}, "transform_coords.TransformCoords.time_tof_to_dspacing": {"result": [0.04096286250000958], "stats": [{"ci_99": [0.03785740302333229, 0.04492981347667646], "q_25": 0.04068086225001366, "q_75": 0.041675608500000294, "min": 0.03996299300001738, "max": 0.043685714999980974, "mean": 0.04139360825000438, "std": 0.0013852026496762866, "repeat": 4, "number": 1}]}, "transform_coords.TransformCoords.time_tof_to_energy": {"result": [0.32966640849997475], "stats": [{"ci_99": [0.319489913200473, 0.3392658722995042], "q_25": 0.3272199704999821, "q_75": 0.3318243307499813, "min": 0.3243358529999796, "max": 0.33384290100002545, "mean": 0.32937789274998863, "std": 0.003533262842900323, "repeat": 4, "number": 1}]}, "transform_coords.TransformCoords.time_tof_to_wavelength": {"result": [0.0015766027000040594], "stats": [{"ci_99": [0.001422348962302998, 0.0017292063377046599], "q_25": 0.0015257999999960248, "q_75": 0.0016265803500118638, "min": 0.001518719399996371, "max": 0.0016311858000108259, "mean": 0.001575777650003829, "std": 5.248909412962955e-05, "repeat": 4, "number": 5}]}, "transform_coords.TransformCoords.time_wavelength_to_tof": {"result": [0.0369625724999878], "stats": [{"ci_99": [0.03406686329933674, 0.04031825270063681], "q_25": 0.036336224249964744, "q_75": 0.03781890625000983, "min": 0.03594085199995334, "max": 0.03890423500001816, "mean": 0.037192557999986775, "std": 0.001128225040165558, "repeat": 4, "number": 1}]}}, "params": {"cpu": "2 Core CPU", "machine": "cloud-container", "os": "Ubuntu latest", "ram": "7GB", "python": "3.9", "appdirs": "", "cmake": "", "conan": "", "ess-dmsc::ess-streaming-data-types": "", "h5py": "", "ipykernel": "6.3.1", "ipympl": "", "ipywidgets": "", "mantid-framework": "", "matplotlib-base": "", "ninja": "", "numpy": "", "pip": "", "pooch": "", "python-configuration": "", "python-confluent-kafka": "", "pythreejs": "", "pyyaml": "", "scipp::scipp": "", "scipy": "", "tbb": ""}, "requirements": {"appdirs": "", "cmake": "", "conan": "", "ess-dmsc::ess-streaming-data-types": "", "h5py": "", "ipykernel": "6.3.1", "ipympl": "", "ipywidgets": "", "mantid-framework": "", "matplotlib-base": "", "ninja": "", "numpy": "", "pip": "", "pooch": "", "python-configuration": "", "python-confluent-kafka": "", "pythreejs": "", "pyyaml": "", "scipp::scipp": "", "scipy": "", "tbb": ""}, "commit_hash": "1ae74e77e447b6de05f33b84f44e9f7a1713525c", "date": 1634888285000, "env_name": "conda-py3.9-appdirs-cmake-conan-ess-dmsc__ess-streaming-data-types-h5py-ipykernel6.3.1-ipympl-ipywidgets-mantid-framework-matplotlib-base-ninja-numpy-pip-pooch-python-configuration-python-confluent-kafka-pythreejs-pyyaml-scipp__scipp-scipy-tbb", "python": "3.9", "profiles": {}, "started_at": {"load_nexus.LoadNexus.time_load_event_nexus": 1635113459169, "transform_coords.TransformCoords.time_energy_to_tof": 1635113469810, "transform_coords.TransformCoords.time_tof_to_dspacing": 1635113487165, "transform_coords.TransformCoords.time_tof_to_energy": 1635113505172, "transform_coords.TransformCoords.time_tof_to_wavelength": 1635113523490, "transform_coords.TransformCoords.time_wavelength_to_tof": 1635113540794}, "ended_at": {"load_nexus.LoadNexus.time_load_event_nexus": 1635113469809, "transform_coords.TransformCoords.time_energy_to_tof": 1635113487165, "transform_coords.TransformCoords.time_tof_to_dspacing": 1635113505172, "transform_coords.TransformCoords.time_tof_to_energy": 1635113523490, "transform_coords.TransformCoords.time_tof_to_wavelength": 1635113540794, "transform_coords.TransformCoords.time_wavelength_to_tof": 1635113558355}, "benchmark_version": {"load_nexus.LoadNexus.time_load_event_nexus": "9bb61e37c240f4221eff71f827efb0f1cfb5371f7c6b0e72f79b9ca92578e5e9", "transform_coords.TransformCoords.time_energy_to_tof": "f1ea8beffb41e75997f96056160ef6dd12d9afb53546d00f7e0cb2b307a616bb", "transform_coords.TransformCoords.time_tof_to_dspacing": "76d3e8bdf45621127e026f90298e8f292d01ddb57cb7caf05a5ce555a659d8ac", "transform_coords.TransformCoords.time_tof_to_energy": "32774381c7e0285d159959187b4537339285cc2573292bc6b39f5edd04d4bc0b", "transform_coords.TransformCoords.time_tof_to_wavelength": "46879c3a68b31604accd5a00f4187eb567d166242d70d944aa010a5d6f8de380", "transform_coords.TransformCoords.time_wavelength_to_tof": "d4710ab73daad9eb187b2c50c320802720ae09b880a656f3ac5284d75fea178b"}, "version": 1}