{"results": {"load_nexus.LoadNexus.time_load_event_nexus": {"result": [5.563766949000012], "stats": [{"ci_99": [2.1198585489987067, 9.007675349001314], "q_25": 5.529327864999999, "q_75": 5.598206033000025, "min": 5.494888780999986, "max": 5.632645117000038, "mean": 5.563766949000012, "std": 0.06887816800002611, "repeat": 2, "number": 1}]}, "transform_coords.TransformCoords.time_energy_to_tof": {"result": [0.0024818759999959638], "stats": [{"ci_99": [-0.00014465266175272282, 0.005167029261745805], "q_25": 0.0016178127999921799, "q_75": 0.003375251500000331, "min": 0.0015787648000014087, "max": 0.003502236399992853, "mean": 0.0025111882999965473, "std": 0.0009085525597057048, "repeat": 4, "number": 5}]}, "transform_coords.TransformCoords.time_tof_to_dspacing": {"result": [0.04073546649999571], "stats": [{"ci_99": [0.033771374153676335, 0.04905176634639155], "q_25": 0.03902705650006055, "q_75": 0.0431199802499691, "min": 0.038732659000061176, "max": 0.04544268900008319, "mean": 0.04141157025003395, "std": 0.002716923981152995, "repeat": 4, "number": 1}]}, "transform_coords.TransformCoords.time_tof_to_energy": {"result": [0.30306493099999443], "stats": [{"ci_99": [0.28299653637825306, 0.33490083762174133], "q_25": 0.30236878675000867, "q_75": 0.3096448312499831, "min": 0.30179283100005705, "max": 0.32787205499994343, "mean": 0.30894868699999734, "std": 0.010943555791914384, "repeat": 4, "number": 1}]}, "transform_coords.TransformCoords.time_tof_to_wavelength": {"result": [0.0016444001000081698], "stats": [{"ci_99": [0.001524440568382328, 0.001768219931623368], "q_25": 0.0016119727000045714, "q_75": 0.001678757650006446, "min": 0.0015946455999937825, "max": 0.0017018752000012682, "mean": 0.0016463302500028475, "std": 4.23810739029544e-05, "repeat": 4, "number": 5}]}, "transform_coords.TransformCoords.time_wavelength_to_tof": {"result": [0.03560941350002622], "stats": [{"ci_99": [0.03440622097801411, 0.03677005152198303], "q_25": 0.03525266024996654, "q_75": 0.03594488950005825, "min": 0.035073770999929366, "max": 0.03605994700001247, "mean": 0.03558813624999857, "std": 0.0004076294842150219, "repeat": 4, "number": 1}]}}, "params": {"cpu": "2 Core CPU", "machine": "cloud-container", "os": "Ubuntu latest", "ram": "7GB", "python": "3.9", "appdirs": "", "cmake": "", "conan": "", "ess-dmsc::ess-streaming-data-types": "", "h5py": "", "ipykernel": "6.3.1", "ipympl": "", "ipywidgets": "", "mantid-framework": "", "matplotlib-base": "", "ninja": "", "numpy": "", "pip": "", "pooch": "", "python-configuration": "", "python-confluent-kafka": "", "pythreejs": "", "pyyaml": "", "scipp::scipp": "", "scipy": "", "tbb": ""}, "requirements": {"appdirs": "", "cmake": "", "conan": "", "ess-dmsc::ess-streaming-data-types": "", "h5py": "", "ipykernel": "6.3.1", "ipympl": "", "ipywidgets": "", "mantid-framework": "", "matplotlib-base": "", "ninja": "", "numpy": "", "pip": "", "pooch": "", "python-configuration": "", "python-confluent-kafka": "", "pythreejs": "", "pyyaml": "", "scipp::scipp": "", "scipy": "", "tbb": ""}, "commit_hash": "1ae74e77e447b6de05f33b84f44e9f7a1713525c", "date": 1634888285000, "env_name": "conda-py3.9-appdirs-cmake-conan-ess-dmsc__ess-streaming-data-types-h5py-ipykernel6.3.1-ipympl-ipywidgets-mantid-framework-matplotlib-base-ninja-numpy-pip-pooch-python-configuration-python-confluent-kafka-pythreejs-pyyaml-scipp__scipp-scipy-tbb", "python": "3.9", "profiles": {}, "started_at": {"load_nexus.LoadNexus.time_load_event_nexus": 1634940700193, "transform_coords.TransformCoords.time_energy_to_tof": 1634940711791, "transform_coords.TransformCoords.time_tof_to_dspacing": 1634940729650, "transform_coords.TransformCoords.time_tof_to_energy": 1634940747463, "transform_coords.TransformCoords.time_tof_to_wavelength": 1634940766129, "transform_coords.TransformCoords.time_wavelength_to_tof": 1634940783688}, "ended_at": {"load_nexus.LoadNexus.time_load_event_nexus": 1634940711790, "transform_coords.TransformCoords.time_energy_to_tof": 1634940729650, "transform_coords.TransformCoords.time_tof_to_dspacing": 1634940747463, "transform_coords.TransformCoords.time_tof_to_energy": 1634940766129, "transform_coords.TransformCoords.time_tof_to_wavelength": 1634940783687, "transform_coords.TransformCoords.time_wavelength_to_tof": 1634940801305}, "benchmark_version": {"load_nexus.LoadNexus.time_load_event_nexus": "9bb61e37c240f4221eff71f827efb0f1cfb5371f7c6b0e72f79b9ca92578e5e9", "transform_coords.TransformCoords.time_energy_to_tof": "f1ea8beffb41e75997f96056160ef6dd12d9afb53546d00f7e0cb2b307a616bb", "transform_coords.TransformCoords.time_tof_to_dspacing": "76d3e8bdf45621127e026f90298e8f292d01ddb57cb7caf05a5ce555a659d8ac", "transform_coords.TransformCoords.time_tof_to_energy": "32774381c7e0285d159959187b4537339285cc2573292bc6b39f5edd04d4bc0b", "transform_coords.TransformCoords.time_tof_to_wavelength": "46879c3a68b31604accd5a00f4187eb567d166242d70d944aa010a5d6f8de380", "transform_coords.TransformCoords.time_wavelength_to_tof": "d4710ab73daad9eb187b2c50c320802720ae09b880a656f3ac5284d75fea178b"}, "version": 1}