{"results": {"load_nexus.LoadNexus.time_load_event_nexus": {"result": [6.5658788029999755], "stats": [{"ci_99": [-13.053585446998966, 26.1853430529989], "q_25": 6.369684160499986, "q_75": 6.762073445499965, "min": 6.173489517999997, "max": 6.958268087999954, "mean": 6.5658788029999755, "std": 0.3923892849999788, "repeat": 2, "number": 1}]}, "transform_coords.TransformCoords.time_energy_to_tof": {"result": [0.0018513367999958064], "stats": [{"ci_99": [0.0017619156559466503, 0.001931446944036979], "q_25": 0.001830649849995325, "q_75": 0.001867368249992296, "min": 0.0018002209999849583, "max": 0.001883830599990688, "mean": 0.0018466812999918148, "std": 3.083962223983248e-05, "repeat": 4, "number": 5}]}, "transform_coords.TransformCoords.time_tof_to_dspacing": {"result": [0.046082312000010006], "stats": [{"ci_99": [0.036027718265848115, 0.06095013873416495], "q_25": 0.04539578174998837, "q_75": 0.049175458750028156, "min": 0.04451192099998025, "max": 0.05727916900002583, "mean": 0.04848892850000652, "std": 0.005122882722544641, "repeat": 4, "number": 1}]}, "transform_coords.TransformCoords.time_tof_to_energy": {"result": [0.34631807800002434], "stats": [{"ci_99": [0.32362606958326473, 0.3716783259167238], "q_25": 0.34013228000003437, "q_75": 0.3538379957499842, "min": 0.33881472799998846, "max": 0.35915790699993977, "mean": 0.34765219774999423, "std": 0.00836793153757962, "repeat": 4, "number": 1}]}, "transform_coords.TransformCoords.time_tof_to_wavelength": {"result": [0.00184513420000485], "stats": [{"ci_99": [0.0016683140688549848, 0.002038988331150134], "q_25": 0.001792151150010568, "q_75": 0.0019066342499968413, "min": 0.0017894270000169854, "max": 0.001934909399983553, "mean": 0.0018536512000025596, "std": 6.382854525037094e-05, "repeat": 4, "number": 5}]}, "transform_coords.TransformCoords.time_wavelength_to_tof": {"result": [0.04454119700000092], "stats": [{"ci_99": [0.006943856620470812, 0.10291310587950481], "q_25": 0.04228846099999828, "q_75": 0.05718121724999037, "min": 0.0412296529999594, "max": 0.08940187799998967, "mean": 0.054928481249987726, "std": 0.019994266723030802, "repeat": 4, "number": 1}]}}, "params": {"cpu": "2 Core CPU", "machine": "cloud-container", "os": "Ubuntu latest", "ram": "7GB", "python": "3.9", "appdirs": "", "cmake": "", "conan": "", "ess-dmsc::ess-streaming-data-types": "", "h5py": "", "ipykernel": "6.3.1", "ipympl": "", "ipywidgets": "", "mantid-framework": "", "matplotlib-base": "", "ninja": "", "numpy": "", "pip": "", "pooch": "", "python-configuration": "", "python-confluent-kafka": "", "pythreejs": "", "pyyaml": "", "scipp::scipp": "", "scipy": "", "tbb": ""}, "requirements": {"appdirs": "", "cmake": "", "conan": "", "ess-dmsc::ess-streaming-data-types": "", "h5py": "", "ipykernel": "6.3.1", "ipympl": "", "ipywidgets": "", "mantid-framework": "", "matplotlib-base": "", "ninja": "", "numpy": "", "pip": "", "pooch": "", "python-configuration": "", "python-confluent-kafka": "", "pythreejs": "", "pyyaml": "", "scipp::scipp": "", "scipy": "", "tbb": ""}, "commit_hash": "1ae74e77e447b6de05f33b84f44e9f7a1713525c", "date": 1634888285000, "env_name": "conda-py3.9-appdirs-cmake-conan-ess-dmsc__ess-streaming-data-types-h5py-ipykernel6.3.1-ipympl-ipywidgets-mantid-framework-matplotlib-base-ninja-numpy-pip-pooch-python-configuration-python-confluent-kafka-pythreejs-pyyaml-scipp__scipp-scipy-tbb", "python": "3.9", "profiles": {}, "started_at": {"load_nexus.LoadNexus.time_load_event_nexus": 1635016406843, "transform_coords.TransformCoords.time_energy_to_tof": 1635016420108, "transform_coords.TransformCoords.time_tof_to_dspacing": 1635016443012, "transform_coords.TransformCoords.time_tof_to_energy": 1635016467189, "transform_coords.TransformCoords.time_tof_to_wavelength": 1635016489843, "transform_coords.TransformCoords.time_wavelength_to_tof": 1635016510944}, "ended_at": {"load_nexus.LoadNexus.time_load_event_nexus": 1635016420108, "transform_coords.TransformCoords.time_energy_to_tof": 1635016443012, "transform_coords.TransformCoords.time_tof_to_dspacing": 1635016467189, "transform_coords.TransformCoords.time_tof_to_energy": 1635016489843, "transform_coords.TransformCoords.time_tof_to_wavelength": 1635016510944, "transform_coords.TransformCoords.time_wavelength_to_tof": 1635016532439}, "benchmark_version": {"load_nexus.LoadNexus.time_load_event_nexus": "9bb61e37c240f4221eff71f827efb0f1cfb5371f7c6b0e72f79b9ca92578e5e9", "transform_coords.TransformCoords.time_energy_to_tof": "f1ea8beffb41e75997f96056160ef6dd12d9afb53546d00f7e0cb2b307a616bb", "transform_coords.TransformCoords.time_tof_to_dspacing": "76d3e8bdf45621127e026f90298e8f292d01ddb57cb7caf05a5ce555a659d8ac", "transform_coords.TransformCoords.time_tof_to_energy": "32774381c7e0285d159959187b4537339285cc2573292bc6b39f5edd04d4bc0b", "transform_coords.TransformCoords.time_tof_to_wavelength": "46879c3a68b31604accd5a00f4187eb567d166242d70d944aa010a5d6f8de380", "transform_coords.TransformCoords.time_wavelength_to_tof": "d4710ab73daad9eb187b2c50c320802720ae09b880a656f3ac5284d75fea178b"}, "version": 1}