{"results": {"load_nexus.LoadNexus.time_load_event_nexus": {"result": [5.473577167999991], "stats": [{"ci_99": [1.3880657680004163, 9.559088567999563], "q_25": 5.432722053999996, "q_75": 5.514432281999987, "min": 5.39186694, "max": 5.555287395999983, "mean": 5.473577167999991, "std": 0.0817102279999915, "repeat": 2, "number": 1}]}, "transform_coords.TransformCoords.time_energy_to_tof": {"result": [0.0016486872500015202], "stats": [{"ci_99": [0.0011656790601427337, 0.0022977666898577258], "q_25": 0.0015615153333309688, "q_75": 0.0018188947916707812, "min": 0.0015486503333287753, "max": 0.0020808666666691047, "mean": 0.0017317228750002302, "std": 0.00021386102355631015, "repeat": 4, "number": 6}]}, "transform_coords.TransformCoords.time_tof_to_dspacing": {"result": [0.04258254550006768], "stats": [{"ci_99": [0.038539586005263, 0.047482458494792025], "q_25": 0.041556547500036345, "q_75": 0.044037020250058845, "min": 0.04153868999998167, "max": 0.045340307999993, "mean": 0.04301102225002751, "std": 0.0015844166634935094, "repeat": 4, "number": 1}]}, "transform_coords.TransformCoords.time_tof_to_energy": {"result": [0.3116838090000442], "stats": [{"ci_99": [0.2804180137346103, 0.35847935326547326], "q_25": 0.30873186225008453, "q_75": 0.32240063025000154, "min": 0.30777694200003225, "max": 0.3466501740000467, "mean": 0.31944868350004185, "std": 0.01589504094336438, "repeat": 4, "number": 1}]}, "transform_coords.TransformCoords.time_tof_to_wavelength": {"result": [0.0015629350833326803], "stats": [{"ci_99": [0.0013657384456568346, 0.0017311138876622625], "q_25": 0.00151403412499936, "q_75": 0.0015973271249928682, "min": 0.0014458834999876065, "max": 0.001621950999985226, "mean": 0.0015484261666595482, "std": 6.654534050070593e-05, "repeat": 4, "number": 6}]}, "transform_coords.TransformCoords.time_wavelength_to_tof": {"result": [0.04059453899998289], "stats": [{"ci_99": [0.03740101381130878, 0.043663853688695055], "q_25": 0.03981076950003626, "q_75": 0.04131620324994856, "min": 0.03898544700007278, "max": 0.041955209999969156, "mean": 0.04053243375000193, "std": 0.0011116033967294415, "repeat": 4, "number": 1}]}}, "params": {"cpu": "2 Core CPU", "machine": "cloud-container", "os": "Ubuntu latest", "ram": "7GB", "python": "3.9", "appdirs": "", "cmake": "", "conan": "", "ess-dmsc::ess-streaming-data-types": "", "h5py": "", "ipykernel": "6.3.1", "ipympl": "", "ipywidgets": "", "mantid-framework": "", "matplotlib-base": "", "ninja": "", "numpy": "", "pip": "", "pooch": "", "python-configuration": "", "python-confluent-kafka": "", "pythreejs": "", "pyyaml": "", "scipp::scipp": "", "scipy": "", "tbb": ""}, "requirements": {"appdirs": "", "cmake": "", "conan": "", "ess-dmsc::ess-streaming-data-types": "", "h5py": "", "ipykernel": "6.3.1", "ipympl": "", "ipywidgets": "", "mantid-framework": "", "matplotlib-base": "", "ninja": "", "numpy": "", "pip": "", "pooch": "", "python-configuration": "", "python-confluent-kafka": "", "pythreejs": "", "pyyaml": "", "scipp::scipp": "", "scipy": "", "tbb": ""}, "commit_hash": "1ae74e77e447b6de05f33b84f44e9f7a1713525c", "date": 1634888285000, "env_name": "conda-py3.9-appdirs-cmake-conan-ess-dmsc__ess-streaming-data-types-h5py-ipykernel6.3.1-ipympl-ipywidgets-mantid-framework-matplotlib-base-ninja-numpy-pip-pooch-python-configuration-python-confluent-kafka-pythreejs-pyyaml-scipp__scipp-scipy-tbb", "python": "3.9", "profiles": {}, "started_at": {"load_nexus.LoadNexus.time_load_event_nexus": 1634893871839, "transform_coords.TransformCoords.time_energy_to_tof": 1634893883077, "transform_coords.TransformCoords.time_tof_to_dspacing": 1634893900895, "transform_coords.TransformCoords.time_tof_to_energy": 1634893918357, "transform_coords.TransformCoords.time_tof_to_wavelength": 1634893936677, "transform_coords.TransformCoords.time_wavelength_to_tof": 1634893954392}, "ended_at": {"load_nexus.LoadNexus.time_load_event_nexus": 1634893883077, "transform_coords.TransformCoords.time_energy_to_tof": 1634893900895, "transform_coords.TransformCoords.time_tof_to_dspacing": 1634893918356, "transform_coords.TransformCoords.time_tof_to_energy": 1634893936677, "transform_coords.TransformCoords.time_tof_to_wavelength": 1634893954392, "transform_coords.TransformCoords.time_wavelength_to_tof": 1634893971953}, "benchmark_version": {"load_nexus.LoadNexus.time_load_event_nexus": "9bb61e37c240f4221eff71f827efb0f1cfb5371f7c6b0e72f79b9ca92578e5e9", "transform_coords.TransformCoords.time_energy_to_tof": "f1ea8beffb41e75997f96056160ef6dd12d9afb53546d00f7e0cb2b307a616bb", "transform_coords.TransformCoords.time_tof_to_dspacing": "76d3e8bdf45621127e026f90298e8f292d01ddb57cb7caf05a5ce555a659d8ac", "transform_coords.TransformCoords.time_tof_to_energy": "32774381c7e0285d159959187b4537339285cc2573292bc6b39f5edd04d4bc0b", "transform_coords.TransformCoords.time_tof_to_wavelength": "46879c3a68b31604accd5a00f4187eb567d166242d70d944aa010a5d6f8de380", "transform_coords.TransformCoords.time_wavelength_to_tof": "d4710ab73daad9eb187b2c50c320802720ae09b880a656f3ac5284d75fea178b"}, "version": 1}