{"results": {"load_nexus.LoadNexus.time_load_event_nexus": {"result": [4.761176300500011], "stats": [{"ci_99": [4.698383977877373, 4.8123022131226465], "q_25": 4.742825888000027, "q_75": 4.773693507999994, "min": 4.724919376999992, "max": 4.7741004040000234, "mean": 4.7553430955000096, "std": 0.020323008232051538, "repeat": 4, "number": 1}]}, "transform_coords.TransformCoords.time_energy_to_tof": {"result": [0.0013489592499998555], "stats": [{"ci_99": [0.0013164327745896994, 0.0014245354999976219], "q_25": 0.0013461883333339604, "q_75": 0.0013799431666659718, "min": 0.0013318174999975934, "max": 0.0014245354999976219, "mean": 0.0013649678888880445, "std": 3.195323145207617e-05, "repeat": 6, "number": 6}]}, "transform_coords.TransformCoords.time_tof_to_dspacing": {"result": [0.03683243349993859], "stats": [{"ci_99": [0.03627694208093607, 0.037236291585676075], "q_25": 0.03655920749994834, "q_75": 0.03694621099995743, "min": 0.03627697699999999, "max": 0.03714558800004397, "mean": 0.036756616833306076, "std": 0.00029312898362438656, "repeat": 6, "number": 1}]}, "transform_coords.TransformCoords.time_tof_to_energy": {"result": [0.25923001649999833], "stats": [{"ci_99": [0.25853534499859876, 0.2602850219999482], "q_25": 0.25903549649996194, "q_75": 0.25961016825000627, "min": 0.258682401000101, "max": 0.2602850219999482, "mean": 0.25935583300000076, "std": 0.0005188690439354966, "repeat": 6, "number": 1}]}, "transform_coords.TransformCoords.time_tof_to_wavelength": {"result": [0.001341951000000563], "stats": [{"ci_99": [0.0013242151610138894, 0.0013580312278707873], "q_25": 0.001331800874998142, "q_75": 0.0013477009999955196, "min": 0.0013285341666649704, "max": 0.0013562678333300937, "mean": 0.0013411231944423384, "std": 1.002596661122851e-05, "repeat": 6, "number": 6}]}, "transform_coords.TransformCoords.time_wavelength_to_tof": {"result": [0.03459739849995458], "stats": [{"ci_99": [0.03415221086809991, 0.03516100846522895], "q_25": 0.03443215074997852, "q_75": 0.034867939500060174, "min": 0.03425987899993288, "max": 0.035149794000062684, "mean": 0.03465660966666443, "std": 0.0003054906385935408, "repeat": 6, "number": 1}]}}, "params": {"cpu": "2 Core CPU", "machine": "cloud-container", "os": "Ubuntu latest", "ram": "7GB", "python": "3.9", "appdirs": "", "cmake": "", "conan": "", "ess-dmsc::ess-streaming-data-types": "", "h5py": "", "ipykernel": "6.3.1", "ipympl": "", "ipywidgets": "", "mantid-framework": "", "matplotlib-base": "", "ninja": "", "numpy": "", "pip": "", "pooch": "", "python-configuration": "", "python-confluent-kafka": "", "pythreejs": "", "pyyaml": "", "scipp::scipp": "", "scipy": "", "tbb": ""}, "requirements": {"appdirs": "", "cmake": "", "conan": "", "ess-dmsc::ess-streaming-data-types": "", "h5py": "", "ipykernel": "6.3.1", "ipympl": "", "ipywidgets": "", "mantid-framework": "", "matplotlib-base": "", "ninja": "", "numpy": "", "pip": "", "pooch": "", "python-configuration": "", "python-confluent-kafka": "", "pythreejs": "", "pyyaml": "", "scipp::scipp": "", "scipy": "", "tbb": ""}, "commit_hash": "1ae74e77e447b6de05f33b84f44e9f7a1713525c", "date": 1634888285000, "env_name": "conda-py3.9-appdirs-cmake-conan-ess-dmsc__ess-streaming-data-types-h5py-ipykernel6.3.1-ipympl-ipywidgets-mantid-framework-matplotlib-base-ninja-numpy-pip-pooch-python-configuration-python-confluent-kafka-pythreejs-pyyaml-scipp__scipp-scipy-tbb", "python": "3.9", "profiles": {}, "started_at": {"load_nexus.LoadNexus.time_load_event_nexus": 1635040670959, "transform_coords.TransformCoords.time_energy_to_tof": 1635040686012, "transform_coords.TransformCoords.time_tof_to_dspacing": 1635040704716, "transform_coords.TransformCoords.time_tof_to_energy": 1635040723573, "transform_coords.TransformCoords.time_tof_to_wavelength": 1635040743284, "transform_coords.TransformCoords.time_wavelength_to_tof": 1635040761991}, "ended_at": {"load_nexus.LoadNexus.time_load_event_nexus": 1635040686012, "transform_coords.TransformCoords.time_energy_to_tof": 1635040704716, "transform_coords.TransformCoords.time_tof_to_dspacing": 1635040723572, "transform_coords.TransformCoords.time_tof_to_energy": 1635040743284, "transform_coords.TransformCoords.time_tof_to_wavelength": 1635040761991, "transform_coords.TransformCoords.time_wavelength_to_tof": 1635040780802}, "benchmark_version": {"load_nexus.LoadNexus.time_load_event_nexus": "9bb61e37c240f4221eff71f827efb0f1cfb5371f7c6b0e72f79b9ca92578e5e9", "transform_coords.TransformCoords.time_energy_to_tof": "f1ea8beffb41e75997f96056160ef6dd12d9afb53546d00f7e0cb2b307a616bb", "transform_coords.TransformCoords.time_tof_to_dspacing": "76d3e8bdf45621127e026f90298e8f292d01ddb57cb7caf05a5ce555a659d8ac", "transform_coords.TransformCoords.time_tof_to_energy": "32774381c7e0285d159959187b4537339285cc2573292bc6b39f5edd04d4bc0b", "transform_coords.TransformCoords.time_tof_to_wavelength": "46879c3a68b31604accd5a00f4187eb567d166242d70d944aa010a5d6f8de380", "transform_coords.TransformCoords.time_wavelength_to_tof": "d4710ab73daad9eb187b2c50c320802720ae09b880a656f3ac5284d75fea178b"}, "version": 1}