{"results": {"load_nexus.LoadNexus.time_load_event_nexus": {"result": [4.899529641999976], "stats": [{"ci_99": [4.7205267306356635, 5.050477065864361], "q_25": 4.863317387749987, "q_75": 4.921714152500002, "min": 4.786144406000062, "max": 4.956803903000036, "mean": 4.885501898250013, "std": 0.062388772151958344, "repeat": 4, "number": 1}]}, "transform_coords.TransformCoords.time_energy_to_tof": {"result": [0.001353927583338077], "stats": [{"ci_99": [0.0013106920291614712, 0.0014864203333312769], "q_25": 0.0013439590416624014, "q_75": 0.0013708756249997123, "min": 0.001339902833327263, "max": 0.0014864203333312769, "mean": 0.0013752232499986878, "std": 5.10866134573135e-05, "repeat": 6, "number": 6}]}, "transform_coords.TransformCoords.time_tof_to_dspacing": {"result": [0.037501724500032196], "stats": [{"ci_99": [0.03716266926405537, 0.03779424400005382], "q_25": 0.03731612599999323, "q_75": 0.03752669625006888, "min": 0.03720849000001181, "max": 0.03779424400005382, "mean": 0.037465910500031896, "std": 0.00019283516388419976, "repeat": 6, "number": 1}]}, "transform_coords.TransformCoords.time_tof_to_energy": {"result": [0.26200669549999134], "stats": [{"ci_99": [0.26083713479142656, 0.2651421150000033], "q_25": 0.2616950852500537, "q_75": 0.2623050577499839, "min": 0.2614391100000262, "max": 0.2651421150000033, "mean": 0.2624317238333447, "std": 0.0012496755905511375, "repeat": 6, "number": 1}]}, "transform_coords.TransformCoords.time_tof_to_wavelength": {"result": [0.0013618513333331825], "stats": [{"ci_99": [0.0013340820000090996, 0.0013853314941410287], "q_25": 0.0013530178750045252, "q_75": 0.0013734471666661345, "min": 0.0013340820000090996, "max": 0.0013786846666713852, "mean": 0.0013606425277809346, "std": 1.5209609762724355e-05, "repeat": 6, "number": 6}]}, "transform_coords.TransformCoords.time_wavelength_to_tof": {"result": [0.03528154599996469], "stats": [{"ci_99": [0.034825752000017474, 0.03581294800005708], "q_25": 0.035241623999965555, "q_75": 0.03550327249999441, "min": 0.034825752000017474, "max": 0.03581294800005708, "mean": 0.03533454833332902, "std": 0.00030524612506702185, "repeat": 6, "number": 1}]}}, "params": {"cpu": "2 Core CPU", "machine": "cloud-container", "os": "Ubuntu latest", "ram": "7GB", "python": "3.9", "appdirs": "", "cmake": "", "conan": "", "ess-dmsc::ess-streaming-data-types": "", "h5py": "", "ipykernel": "6.3.1", "ipympl": "", "ipywidgets": "", "mantid-framework": "", "matplotlib-base": "", "ninja": "", "numpy": "", "pip": "", "pooch": "", "python-configuration": "", "python-confluent-kafka": "", "pythreejs": "", "pyyaml": "", "scipp::scipp": "", "scipy": "", "tbb": ""}, "requirements": {"appdirs": "", "cmake": "", "conan": "", "ess-dmsc::ess-streaming-data-types": "", "h5py": "", "ipykernel": "6.3.1", "ipympl": "", "ipywidgets": "", "mantid-framework": "", "matplotlib-base": "", "ninja": "", "numpy": "", "pip": "", "pooch": "", "python-configuration": "", "python-confluent-kafka": "", "pythreejs": "", "pyyaml": "", "scipp::scipp": "", "scipy": "", "tbb": ""}, "commit_hash": "1ae74e77e447b6de05f33b84f44e9f7a1713525c", "date": 1634888285000, "env_name": "conda-py3.9-appdirs-cmake-conan-ess-dmsc__ess-streaming-data-types-h5py-ipykernel6.3.1-ipympl-ipywidgets-mantid-framework-matplotlib-base-ninja-numpy-pip-pooch-python-configuration-python-confluent-kafka-pythreejs-pyyaml-scipp__scipp-scipy-tbb", "python": "3.9", "profiles": {}, "started_at": {"load_nexus.LoadNexus.time_load_event_nexus": 1635027023051, "transform_coords.TransformCoords.time_energy_to_tof": 1635027038300, "transform_coords.TransformCoords.time_tof_to_dspacing": 1635027057256, "transform_coords.TransformCoords.time_tof_to_energy": 1635027076364, "transform_coords.TransformCoords.time_tof_to_wavelength": 1635027096428, "transform_coords.TransformCoords.time_wavelength_to_tof": 1635027115537}, "ended_at": {"load_nexus.LoadNexus.time_load_event_nexus": 1635027038299, "transform_coords.TransformCoords.time_energy_to_tof": 1635027057255, "transform_coords.TransformCoords.time_tof_to_dspacing": 1635027076364, "transform_coords.TransformCoords.time_tof_to_energy": 1635027096427, "transform_coords.TransformCoords.time_tof_to_wavelength": 1635027115536, "transform_coords.TransformCoords.time_wavelength_to_tof": 1635027134801}, "benchmark_version": {"load_nexus.LoadNexus.time_load_event_nexus": "9bb61e37c240f4221eff71f827efb0f1cfb5371f7c6b0e72f79b9ca92578e5e9", "transform_coords.TransformCoords.time_energy_to_tof": "f1ea8beffb41e75997f96056160ef6dd12d9afb53546d00f7e0cb2b307a616bb", "transform_coords.TransformCoords.time_tof_to_dspacing": "76d3e8bdf45621127e026f90298e8f292d01ddb57cb7caf05a5ce555a659d8ac", "transform_coords.TransformCoords.time_tof_to_energy": "32774381c7e0285d159959187b4537339285cc2573292bc6b39f5edd04d4bc0b", "transform_coords.TransformCoords.time_tof_to_wavelength": "46879c3a68b31604accd5a00f4187eb567d166242d70d944aa010a5d6f8de380", "transform_coords.TransformCoords.time_wavelength_to_tof": "d4710ab73daad9eb187b2c50c320802720ae09b880a656f3ac5284d75fea178b"}, "version": 1}