{"results": {"load_nexus.LoadNexus.time_load_event_nexus": {"result": [4.645400117000008], "stats": [{"ci_99": [4.276106030274711, 5.1358801897252775], "q_25": 4.57145277974999, "q_75": 4.779940447250013, "min": 4.57105336799998, "max": 4.962118837999981, "mean": 4.705993109999994, "std": 0.1597257151801415, "repeat": 4, "number": 1}]}, "transform_coords.TransformCoords.time_energy_to_tof": {"result": [0.0013320182500014728], "stats": [{"ci_99": [0.00130532041921205, 0.0013813009999997423], "q_25": 0.0013228844583300277, "q_75": 0.0013353395416733822, "min": 0.0013120174999983192, "max": 0.0013813009999997423, "mean": 0.0013356069166674284, "std": 2.20069295832953e-05, "repeat": 6, "number": 6}]}, "transform_coords.TransformCoords.time_tof_to_dspacing": {"result": [0.03425532699998257], "stats": [{"ci_99": [0.03390189712660968, 0.03463482220672803], "q_25": 0.03408537600000727, "q_75": 0.034438250750000066, "min": 0.033982425000033345, "max": 0.03458912799999325, "mean": 0.03426835966666886, "std": 0.00021788408232466724, "repeat": 6, "number": 1}]}, "transform_coords.TransformCoords.time_tof_to_energy": {"result": [0.25530670250003595], "stats": [{"ci_99": [0.25461255585999876, 0.2558496484733708], "q_25": 0.2549170144999948, "q_75": 0.25554504050002436, "min": 0.2546936900000105, "max": 0.2556679130000248, "mean": 0.2552311021666848, "std": 0.0003669572383922927, "repeat": 6, "number": 1}]}, "transform_coords.TransformCoords.time_tof_to_wavelength": {"result": [0.001337484499993972], "stats": [{"ci_99": [0.00131831766666816, 0.0013562176666634211], "q_25": 0.0013347761666722135, "q_75": 0.0013386928333408339, "min": 0.00131831766666816, "max": 0.0013562176666634211, "mean": 0.0013370788888901568, "std": 1.1044905980536106e-05, "repeat": 6, "number": 6}]}, "transform_coords.TransformCoords.time_wavelength_to_tof": {"result": [0.031996028500003604], "stats": [{"ci_99": [0.031810525000082635, 0.03210451563215194], "q_25": 0.03193798174997653, "q_75": 0.0320306047499912, "min": 0.031810525000082635, "max": 0.03207102600003964, "mean": 0.03197239516668068, "std": 8.597864460204417e-05, "repeat": 6, "number": 1}]}}, "params": {"cpu": "2 Core CPU", "machine": "cloud-container", "os": "Ubuntu latest", "ram": "7GB", "python": "3.9", "appdirs": "", "cmake": "", "conan": "", "ess-dmsc::ess-streaming-data-types": "", "h5py": "", "ipykernel": "6.3.1", "ipympl": "", "ipywidgets": "", "mantid-framework": "", "matplotlib-base": "", "ninja": "", "numpy": "", "pip": "", "pooch": "", "python-configuration": "", "python-confluent-kafka": "", "pythreejs": "", "pyyaml": "", "scipp::scipp": "", "scipy": "", "tbb": ""}, "requirements": {"appdirs": "", "cmake": "", "conan": "", "ess-dmsc::ess-streaming-data-types": "", "h5py": "", "ipykernel": "6.3.1", "ipympl": "", "ipywidgets": "", "mantid-framework": "", "matplotlib-base": "", "ninja": "", "numpy": "", "pip": "", "pooch": "", "python-configuration": "", "python-confluent-kafka": "", "pythreejs": "", "pyyaml": "", "scipp::scipp": "", "scipy": "", "tbb": ""}, "commit_hash": "1ae74e77e447b6de05f33b84f44e9f7a1713525c", "date": 1634888285000, "env_name": "conda-py3.9-appdirs-cmake-conan-ess-dmsc__ess-streaming-data-types-h5py-ipykernel6.3.1-ipympl-ipywidgets-mantid-framework-matplotlib-base-ninja-numpy-pip-pooch-python-configuration-python-confluent-kafka-pythreejs-pyyaml-scipp__scipp-scipy-tbb", "python": "3.9", "profiles": {}, "started_at": {"load_nexus.LoadNexus.time_load_event_nexus": 1634908867473, "transform_coords.TransformCoords.time_energy_to_tof": 1634908882019, "transform_coords.TransformCoords.time_tof_to_dspacing": 1634908900620, "transform_coords.TransformCoords.time_tof_to_energy": 1634908919371, "transform_coords.TransformCoords.time_tof_to_wavelength": 1634908938975, "transform_coords.TransformCoords.time_wavelength_to_tof": 1634908957685}, "ended_at": {"load_nexus.LoadNexus.time_load_event_nexus": 1634908882018, "transform_coords.TransformCoords.time_energy_to_tof": 1634908900620, "transform_coords.TransformCoords.time_tof_to_dspacing": 1634908919371, "transform_coords.TransformCoords.time_tof_to_energy": 1634908938975, "transform_coords.TransformCoords.time_tof_to_wavelength": 1634908957685, "transform_coords.TransformCoords.time_wavelength_to_tof": 1634908976387}, "benchmark_version": {"load_nexus.LoadNexus.time_load_event_nexus": "9bb61e37c240f4221eff71f827efb0f1cfb5371f7c6b0e72f79b9ca92578e5e9", "transform_coords.TransformCoords.time_energy_to_tof": "f1ea8beffb41e75997f96056160ef6dd12d9afb53546d00f7e0cb2b307a616bb", "transform_coords.TransformCoords.time_tof_to_dspacing": "76d3e8bdf45621127e026f90298e8f292d01ddb57cb7caf05a5ce555a659d8ac", "transform_coords.TransformCoords.time_tof_to_energy": "32774381c7e0285d159959187b4537339285cc2573292bc6b39f5edd04d4bc0b", "transform_coords.TransformCoords.time_tof_to_wavelength": "46879c3a68b31604accd5a00f4187eb567d166242d70d944aa010a5d6f8de380", "transform_coords.TransformCoords.time_wavelength_to_tof": "d4710ab73daad9eb187b2c50c320802720ae09b880a656f3ac5284d75fea178b"}, "version": 1}