{"results": {"load_nexus.LoadNexus.time_load_event_nexus": {"result": [5.120390977], "stats": [{"ci_99": [2.553734276999819, 7.687047677000178], "q_25": 5.094724409999998, "q_75": 5.146057544000001, "min": 5.069057842999996, "max": 5.171724111000003, "mean": 5.120390977, "std": 0.05133313400000361, "repeat": 2, "number": 1}]}, "transform_coords.TransformCoords.time_energy_to_tof": {"result": [0.0016894262500007546], "stats": [{"ci_99": [0.0014247942840190074, 0.0019489322993147837], "q_25": 0.0016427483333340358, "q_75": 0.0017335412083336148, "min": 0.0015476393333339427, "max": 0.001820961333332131, "mean": 0.0016868632916668957, "std": 9.72461170452807e-05, "repeat": 4, "number": 6}]}, "transform_coords.TransformCoords.time_tof_to_dspacing": {"result": [0.04669033800001898], "stats": [{"ci_99": [0.036333830261457374, 0.05769724173857802], "q_25": 0.04360771400000374, "q_75": 0.050098160000032976, "min": 0.04304852299998174, "max": 0.05163294500005122, "mean": 0.04701553600001773, "std": 0.0036757797528415943, "repeat": 4, "number": 1}]}, "transform_coords.TransformCoords.time_tof_to_energy": {"result": [0.31690319500000896], "stats": [{"ci_99": [0.2847295688106506, 0.3412917511893559], "q_25": 0.3081727082499981, "q_75": 0.3217411467500142, "min": 0.2961332229999698, "max": 0.3221030270000256, "mean": 0.3130106600000033, "std": 0.01051580934970068, "repeat": 4, "number": 1}]}, "transform_coords.TransformCoords.time_tof_to_wavelength": {"result": [0.001536290583336116], "stats": [{"ci_99": [0.001388308892516464, 0.0016854926908194934], "q_25": 0.0015064767916660078, "q_75": 0.0015667145833380876, "min": 0.0014625181666663896, "max": 0.001612503833333297, "mean": 0.0015369007916679796, "std": 5.410417337912825e-05, "repeat": 4, "number": 6}]}, "transform_coords.TransformCoords.time_wavelength_to_tof": {"result": [0.04089845599997943], "stats": [{"ci_99": [0.0355615381740304, 0.045288494325908236], "q_25": 0.03932105024992438, "q_75": 0.04200242200002435, "min": 0.03787508099992465, "max": 0.0420280719999937, "mean": 0.0404250162499693, "std": 0.0017262763638276086, "repeat": 4, "number": 1}]}}, "params": {"cpu": "2 Core CPU", "machine": "cloud-container", "os": "Ubuntu latest", "ram": "7GB", "python": "3.9", "appdirs": "", "cmake": "", "conan": "", "ess-dmsc::ess-streaming-data-types": "", "h5py": "", "ipykernel": "6.3.1", "ipympl": "", "ipywidgets": "", "mantid-framework": "", "matplotlib-base": "", "ninja": "", "numpy": "", "pip": "", "pooch": "", "python-configuration": "", "python-confluent-kafka": "", "pythreejs": "", "pyyaml": "", "scipp::scipp": "", "scipy": "", "tbb": ""}, "requirements": {"appdirs": "", "cmake": "", "conan": "", "ess-dmsc::ess-streaming-data-types": "", "h5py": "", "ipykernel": "6.3.1", "ipympl": "", "ipywidgets": "", "mantid-framework": "", "matplotlib-base": "", "ninja": "", "numpy": "", "pip": "", "pooch": "", "python-configuration": "", "python-confluent-kafka": "", "pythreejs": "", "pyyaml": "", "scipp::scipp": "", "scipy": "", "tbb": ""}, "commit_hash": "1ae74e77e447b6de05f33b84f44e9f7a1713525c", "date": 1634888285000, "env_name": "conda-py3.9-appdirs-cmake-conan-ess-dmsc__ess-streaming-data-types-h5py-ipykernel6.3.1-ipympl-ipywidgets-mantid-framework-matplotlib-base-ninja-numpy-pip-pooch-python-configuration-python-confluent-kafka-pythreejs-pyyaml-scipp__scipp-scipy-tbb", "python": "3.9", "profiles": {}, "started_at": {"load_nexus.LoadNexus.time_load_event_nexus": 1634911863579, "transform_coords.TransformCoords.time_energy_to_tof": 1634911874517, "transform_coords.TransformCoords.time_tof_to_dspacing": 1634911891675, "transform_coords.TransformCoords.time_tof_to_energy": 1634911908830, "transform_coords.TransformCoords.time_tof_to_wavelength": 1634911927203, "transform_coords.TransformCoords.time_wavelength_to_tof": 1634911944169}, "ended_at": {"load_nexus.LoadNexus.time_load_event_nexus": 1634911874516, "transform_coords.TransformCoords.time_energy_to_tof": 1634911891674, "transform_coords.TransformCoords.time_tof_to_dspacing": 1634911908830, "transform_coords.TransformCoords.time_tof_to_energy": 1634911927203, "transform_coords.TransformCoords.time_tof_to_wavelength": 1634911944169, "transform_coords.TransformCoords.time_wavelength_to_tof": 1634911960784}, "benchmark_version": {"load_nexus.LoadNexus.time_load_event_nexus": "9bb61e37c240f4221eff71f827efb0f1cfb5371f7c6b0e72f79b9ca92578e5e9", "transform_coords.TransformCoords.time_energy_to_tof": "f1ea8beffb41e75997f96056160ef6dd12d9afb53546d00f7e0cb2b307a616bb", "transform_coords.TransformCoords.time_tof_to_dspacing": "76d3e8bdf45621127e026f90298e8f292d01ddb57cb7caf05a5ce555a659d8ac", "transform_coords.TransformCoords.time_tof_to_energy": "32774381c7e0285d159959187b4537339285cc2573292bc6b39f5edd04d4bc0b", "transform_coords.TransformCoords.time_tof_to_wavelength": "46879c3a68b31604accd5a00f4187eb567d166242d70d944aa010a5d6f8de380", "transform_coords.TransformCoords.time_wavelength_to_tof": "d4710ab73daad9eb187b2c50c320802720ae09b880a656f3ac5284d75fea178b"}, "version": 1}