{"results": {"load_nexus.LoadNexus.time_load_event_nexus": {"result": [3.8707660425000086], "stats": [{"ci_99": [3.678700059124055, 4.067998235875933], "q_25": 3.8085172229999955, "q_75": 3.9355979670000067, "min": 3.8040278849999822, "max": 3.9478366199999755, "mean": 3.8733491474999937, "std": 0.06661243808156633, "repeat": 4, "number": 1}]}, "transform_coords.TransformCoords.time_energy_to_tof": {"result": [0.0012121322777779318], "stats": [{"ci_99": [0.0011525620773801739, 0.0012862943333339495], "q_25": 0.0011814124444495316, "q_75": 0.0012254435277693826, "min": 0.0011686212222280625, "max": 0.0012862943333339495, "mean": 0.0012133722037040789, "std": 3.917330340982788e-05, "repeat": 6, "number": 9}]}, "transform_coords.TransformCoords.time_tof_to_dspacing": {"result": [0.03875874700005966], "stats": [{"ci_99": [0.03447402787097846, 0.05463110300001972], "q_25": 0.0383425655000309, "q_75": 0.03927040425001849, "min": 0.037641880000023775, "max": 0.05463110300001972, "mean": 0.04123921200003148, "std": 0.006013438310131857, "repeat": 6, "number": 1}]}, "transform_coords.TransformCoords.time_tof_to_energy": {"result": [0.2595778310000014], "stats": [{"ci_99": [0.24284065220744655, 0.30097877200000767], "q_25": 0.25937692000002244, "q_75": 0.26152802599995084, "min": 0.2577649070000234, "max": 0.30097877200000767, "mean": 0.26784529120000117, "std": 0.016609718505083318, "repeat": 5, "number": 1}]}, "transform_coords.TransformCoords.time_tof_to_wavelength": {"result": [0.0012011264999942897], "stats": [{"ci_99": [0.0011762862996509559, 0.001223340737380419], "q_25": 0.0011875429166631573, "q_75": 0.0012128850833271877, "min": 0.0011805817777788736, "max": 0.001216226666669071, "mean": 0.0011998135185156873, "std": 1.3975732628344192e-05, "repeat": 6, "number": 9}]}, "transform_coords.TransformCoords.time_wavelength_to_tof": {"result": [0.03693432299996857], "stats": [{"ci_99": [0.033106220462700425, 0.05225047099997937], "q_25": 0.03666226875000689, "q_75": 0.03734415374998434, "min": 0.03639216600004147, "max": 0.05225047099997937, "mean": 0.03942727183332787, "std": 0.005744369855255266, "repeat": 6, "number": 1}]}}, "params": {"cpu": "2 Core CPU", "machine": "cloud-container", "os": "Ubuntu latest", "ram": "7GB", "python": "3.9", "appdirs": "", "cmake": "", "conan": "", "ess-dmsc::ess-streaming-data-types": "", "h5py": "", "ipykernel": "6.3.1", "ipympl": "", "ipywidgets": "", "mantid-framework": "", "matplotlib-base": "", "ninja": "", "numpy": "", "pip": "", "pooch": "", "python-configuration": "", "python-confluent-kafka": "", "pythreejs": "", "pyyaml": "", "scipp::scipp": "", "scipy": "", "tbb": ""}, "requirements": {"appdirs": "", "cmake": "", "conan": "", "ess-dmsc::ess-streaming-data-types": "", "h5py": "", "ipykernel": "6.3.1", "ipympl": "", "ipywidgets": "", "mantid-framework": "", "matplotlib-base": "", "ninja": "", "numpy": "", "pip": "", "pooch": "", "python-configuration": "", "python-confluent-kafka": "", "pythreejs": "", "pyyaml": "", "scipp::scipp": "", "scipy": "", "tbb": ""}, "commit_hash": "1dcf3130d939870e20e3c0684c8793156549d584", "date": 1636645867000, "env_name": "conda-py3.9-appdirs-cmake-conan-ess-dmsc__ess-streaming-data-types-h5py-ipykernel6.3.1-ipympl-ipywidgets-mantid-framework-matplotlib-base-ninja-numpy-pip-pooch-python-configuration-python-confluent-kafka-pythreejs-pyyaml-scipp__scipp-scipy-tbb", "python": "3.9", "profiles": {}, "started_at": {"load_nexus.LoadNexus.time_load_event_nexus": 1636647244124, "transform_coords.TransformCoords.time_energy_to_tof": 1636647256472, "transform_coords.TransformCoords.time_tof_to_dspacing": 1636647275948, "transform_coords.TransformCoords.time_tof_to_energy": 1636647295407, "transform_coords.TransformCoords.time_tof_to_wavelength": 1636647315730, "transform_coords.TransformCoords.time_wavelength_to_tof": 1636647335144}, "ended_at": {"load_nexus.LoadNexus.time_load_event_nexus": 1636647256471, "transform_coords.TransformCoords.time_energy_to_tof": 1636647275947, "transform_coords.TransformCoords.time_tof_to_dspacing": 1636647295406, "transform_coords.TransformCoords.time_tof_to_energy": 1636647315729, "transform_coords.TransformCoords.time_tof_to_wavelength": 1636647335144, "transform_coords.TransformCoords.time_wavelength_to_tof": 1636647354561}, "benchmark_version": {"load_nexus.LoadNexus.time_load_event_nexus": "9bb61e37c240f4221eff71f827efb0f1cfb5371f7c6b0e72f79b9ca92578e5e9", "transform_coords.TransformCoords.time_energy_to_tof": "f1ea8beffb41e75997f96056160ef6dd12d9afb53546d00f7e0cb2b307a616bb", "transform_coords.TransformCoords.time_tof_to_dspacing": "76d3e8bdf45621127e026f90298e8f292d01ddb57cb7caf05a5ce555a659d8ac", "transform_coords.TransformCoords.time_tof_to_energy": "32774381c7e0285d159959187b4537339285cc2573292bc6b39f5edd04d4bc0b", "transform_coords.TransformCoords.time_tof_to_wavelength": "46879c3a68b31604accd5a00f4187eb567d166242d70d944aa010a5d6f8de380", "transform_coords.TransformCoords.time_wavelength_to_tof": "d4710ab73daad9eb187b2c50c320802720ae09b880a656f3ac5284d75fea178b"}, "version": 1}