{"results": {"load_nexus.LoadNexus.time_load_event_nexus": {"result": [3.7130765320000023], "stats": [{"ci_99": [3.6528420577853837, 3.7583344997146155], "q_25": 3.700679325500005, "q_75": 3.717985485249997, "min": 3.6707933689999663, "max": 3.7254066820000276, "mean": 3.7055882787499996, "std": 0.020781381859753482, "repeat": 4, "number": 1}]}, "transform_coords.TransformCoords.time_energy_to_tof": {"result": [0.0014017175000000342], "stats": [{"ci_99": [0.0012729829538876108, 0.0016340062857125304], "q_25": 0.0013630883214322662, "q_75": 0.0015218938571471036, "min": 0.0013384131428568122, "max": 0.0016340062857125304, "mean": 0.0014480031666680914, "std": 0.00010897506972206964, "repeat": 6, "number": 7}]}, "transform_coords.TransformCoords.time_tof_to_dspacing": {"result": [0.03528683799999044], "stats": [{"ci_99": [0.03495967936618227, 0.03575456496715353], "q_25": 0.03525295625001945, "q_75": 0.03556042275002369, "min": 0.034976839999956155, "max": 0.03569893700000648, "mean": 0.0353571221666679, "std": 0.00024872051530325934, "repeat": 6, "number": 1}]}, "transform_coords.TransformCoords.time_tof_to_energy": {"result": [0.25018600550004066], "stats": [{"ci_99": [0.24898761674865644, 0.2527059380000196], "q_25": 0.2497626702500213, "q_75": 0.25037543225002423, "min": 0.24943300699999327, "max": 0.2527059380000196, "mean": 0.25042851483335465, "std": 0.001073433044971333, "repeat": 6, "number": 1}]}, "transform_coords.TransformCoords.time_tof_to_wavelength": {"result": [0.0013633528571444587], "stats": [{"ci_99": [0.0013373785612242, 0.0013984177721138604], "q_25": 0.0013514922142893022, "q_75": 0.0013840317857187756, "min": 0.0013483735714316936, "max": 0.001393846285712438, "mean": 0.0013678981666690301, "std": 1.8015959156104665e-05, "repeat": 6, "number": 7}]}, "transform_coords.TransformCoords.time_wavelength_to_tof": {"result": [0.033870693999972445], "stats": [{"ci_99": [0.033328998228835276, 0.034502038000027824], "q_25": 0.03361455299997829, "q_75": 0.03398200774999793, "min": 0.033425439999973605, "max": 0.034502038000027824, "mean": 0.0338695251666555, "std": 0.00034733369733295106, "repeat": 6, "number": 1}]}}, "params": {"cpu": "2 Core CPU", "machine": "cloud-container", "os": "Ubuntu latest", "ram": "7GB", "python": "3.9", "appdirs": "", "cmake": "", "conan": "", "ess-dmsc::ess-streaming-data-types": "", "h5py": "", "ipykernel": "6.3.1", "ipympl": "", "ipywidgets": "", "mantid-framework": "", "matplotlib-base": "", "ninja": "", "numpy": "", "pip": "", "pooch": "", "python-configuration": "", "python-confluent-kafka": "", "pythreejs": "", "pyyaml": "", "scipp::scipp": "", "scipy": "", "tbb": ""}, "requirements": {"appdirs": "", "cmake": "", "conan": "", "ess-dmsc::ess-streaming-data-types": "", "h5py": "", "ipykernel": "6.3.1", "ipympl": "", "ipywidgets": "", "mantid-framework": "", "matplotlib-base": "", "ninja": "", "numpy": "", "pip": "", "pooch": "", "python-configuration": "", "python-confluent-kafka": "", "pythreejs": "", "pyyaml": "", "scipp::scipp": "", "scipy": "", "tbb": ""}, "commit_hash": "293136e831bbc68d6adb139ecd615e99c7035de4", "date": 1642054561000, "env_name": "conda-py3.9-appdirs-cmake-conan-ess-dmsc__ess-streaming-data-types-h5py-ipykernel6.3.1-ipympl-ipywidgets-mantid-framework-matplotlib-base-ninja-numpy-pip-pooch-python-configuration-python-confluent-kafka-pythreejs-pyyaml-scipp__scipp-scipy-tbb", "python": "3.9", "profiles": {}, "started_at": {"load_nexus.LoadNexus.time_load_event_nexus": 1642057802468, "transform_coords.TransformCoords.time_energy_to_tof": 1642057814411, "transform_coords.TransformCoords.time_tof_to_dspacing": 1642057833371, "transform_coords.TransformCoords.time_tof_to_energy": 1642057852378, "transform_coords.TransformCoords.time_tof_to_wavelength": 1642057872186, "transform_coords.TransformCoords.time_wavelength_to_tof": 1642057891195}, "ended_at": {"load_nexus.LoadNexus.time_load_event_nexus": 1642057814410, "transform_coords.TransformCoords.time_energy_to_tof": 1642057833371, "transform_coords.TransformCoords.time_tof_to_dspacing": 1642057852378, "transform_coords.TransformCoords.time_tof_to_energy": 1642057872186, "transform_coords.TransformCoords.time_tof_to_wavelength": 1642057891194, "transform_coords.TransformCoords.time_wavelength_to_tof": 1642057910252}, "benchmark_version": {"load_nexus.LoadNexus.time_load_event_nexus": "9bb61e37c240f4221eff71f827efb0f1cfb5371f7c6b0e72f79b9ca92578e5e9", "transform_coords.TransformCoords.time_energy_to_tof": "f1ea8beffb41e75997f96056160ef6dd12d9afb53546d00f7e0cb2b307a616bb", "transform_coords.TransformCoords.time_tof_to_dspacing": "76d3e8bdf45621127e026f90298e8f292d01ddb57cb7caf05a5ce555a659d8ac", "transform_coords.TransformCoords.time_tof_to_energy": "32774381c7e0285d159959187b4537339285cc2573292bc6b39f5edd04d4bc0b", "transform_coords.TransformCoords.time_tof_to_wavelength": "46879c3a68b31604accd5a00f4187eb567d166242d70d944aa010a5d6f8de380", "transform_coords.TransformCoords.time_wavelength_to_tof": "d4710ab73daad9eb187b2c50c320802720ae09b880a656f3ac5284d75fea178b"}, "version": 1}