{"results": {"load_nexus.LoadNexus.time_load_event_nexus": {"result": [3.9104061545000093], "stats": [{"ci_99": [3.5920318907390323, 4.308814397260965], "q_25": 3.8395061917500044, "q_75": 4.021323106750003, "min": 3.8289110160000064, "max": 4.151969250999969, "mean": 3.9504231439999984, "std": 0.1300631656570459, "repeat": 4, "number": 1}]}, "transform_coords.TransformCoords.time_energy_to_tof": {"result": [0.0013945820714330434], "stats": [{"ci_99": [0.0012885479552988677, 0.0018060230000043833], "q_25": 0.0013824244999999075, "q_75": 0.0014108536071485592, "min": 0.001378631714284698, "max": 0.0018060230000043833, "mean": 0.0014614113809551825, "std": 0.00015461269155780445, "repeat": 6, "number": 7}]}, "transform_coords.TransformCoords.time_tof_to_dspacing": {"result": [0.0386145355000167], "stats": [{"ci_99": [0.03824054029638441, 0.03938889500000187], "q_25": 0.038551635249973515, "q_75": 0.038665514500024756, "min": 0.03829528399995752, "max": 0.03938889500000187, "mean": 0.038687737666663224, "std": 0.00033684038147182996, "repeat": 6, "number": 1}]}, "transform_coords.TransformCoords.time_tof_to_energy": {"result": [0.25564672699999846], "stats": [{"ci_99": [0.25484088481274586, 0.2567924939872561], "q_25": 0.25554102899997133, "q_75": 0.255953427999998, "min": 0.2551930190000462, "max": 0.256749243999991, "mean": 0.255816689400001, "std": 0.0005257748887176995, "repeat": 5, "number": 1}]}, "transform_coords.TransformCoords.time_tof_to_wavelength": {"result": [0.0013960034285755033], "stats": [{"ci_99": [0.0013711657841660248, 0.0014299465714283802], "q_25": 0.001387078321426673, "q_75": 0.0014022820000008096, "min": 0.0013743887142823041, "max": 0.0014299465714283802, "mean": 0.0013974700476191107, "std": 1.731523467295714e-05, "repeat": 6, "number": 7}]}, "transform_coords.TransformCoords.time_wavelength_to_tof": {"result": [0.03709761349998075], "stats": [{"ci_99": [0.03586252257614634, 0.040300806999994165], "q_25": 0.036699290000044016, "q_75": 0.037523623999959455, "min": 0.03657986500002153, "max": 0.040300806999994165, "mean": 0.03755134033333244, "std": 0.0012804778517088538, "repeat": 6, "number": 1}]}}, "params": {"cpu": "2 Core CPU", "machine": "cloud-container", "os": "Ubuntu latest", "ram": "7GB", "python": "3.9", "appdirs": "", "cmake": "", "conan": "", "ess-dmsc::ess-streaming-data-types": "", "h5py": "", "ipykernel": "6.3.1", "ipympl": "", "ipywidgets": "", "mantid-framework": "", "matplotlib-base": "", "ninja": "", "numpy": "", "pip": "", "pooch": "", "python-configuration": "", "python-confluent-kafka": "", "pythreejs": "", "pyyaml": "", "scipp::scipp": "", "scipy": "", "tbb": ""}, "requirements": {"appdirs": "", "cmake": "", "conan": "", "ess-dmsc::ess-streaming-data-types": "", "h5py": "", "ipykernel": "6.3.1", "ipympl": "", "ipywidgets": "", "mantid-framework": "", "matplotlib-base": "", "ninja": "", "numpy": "", "pip": "", "pooch": "", "python-configuration": "", "python-confluent-kafka": "", "pythreejs": "", "pyyaml": "", "scipp::scipp": "", "scipy": "", "tbb": ""}, "commit_hash": "2d0f903880592837e922e5f2ac073d58fe6bf971", "date": 1639731916000, "env_name": "conda-py3.9-appdirs-cmake-conan-ess-dmsc__ess-streaming-data-types-h5py-ipykernel6.3.1-ipympl-ipywidgets-mantid-framework-matplotlib-base-ninja-numpy-pip-pooch-python-configuration-python-confluent-kafka-pythreejs-pyyaml-scipp__scipp-scipy-tbb", "python": "3.9", "profiles": {}, "started_at": {"load_nexus.LoadNexus.time_load_event_nexus": 1639736865276, "transform_coords.TransformCoords.time_energy_to_tof": 1639736877675, "transform_coords.TransformCoords.time_tof_to_dspacing": 1639736897287, "transform_coords.TransformCoords.time_tof_to_energy": 1639736916950, "transform_coords.TransformCoords.time_tof_to_wavelength": 1639736937464, "transform_coords.TransformCoords.time_wavelength_to_tof": 1639736957026}, "ended_at": {"load_nexus.LoadNexus.time_load_event_nexus": 1639736877674, "transform_coords.TransformCoords.time_energy_to_tof": 1639736897287, "transform_coords.TransformCoords.time_tof_to_dspacing": 1639736916949, "transform_coords.TransformCoords.time_tof_to_energy": 1639736937464, "transform_coords.TransformCoords.time_tof_to_wavelength": 1639736957025, "transform_coords.TransformCoords.time_wavelength_to_tof": 1639736976690}, "benchmark_version": {"load_nexus.LoadNexus.time_load_event_nexus": "9bb61e37c240f4221eff71f827efb0f1cfb5371f7c6b0e72f79b9ca92578e5e9", "transform_coords.TransformCoords.time_energy_to_tof": "f1ea8beffb41e75997f96056160ef6dd12d9afb53546d00f7e0cb2b307a616bb", "transform_coords.TransformCoords.time_tof_to_dspacing": "76d3e8bdf45621127e026f90298e8f292d01ddb57cb7caf05a5ce555a659d8ac", "transform_coords.TransformCoords.time_tof_to_energy": "32774381c7e0285d159959187b4537339285cc2573292bc6b39f5edd04d4bc0b", "transform_coords.TransformCoords.time_tof_to_wavelength": "46879c3a68b31604accd5a00f4187eb567d166242d70d944aa010a5d6f8de380", "transform_coords.TransformCoords.time_wavelength_to_tof": "d4710ab73daad9eb187b2c50c320802720ae09b880a656f3ac5284d75fea178b"}, "version": 1}