{"results": {"load_nexus.LoadNexus.time_load_event_nexus": {"result": [4.294888366000009], "stats": [{"ci_99": [4.069553182420015, 4.525635341079999], "q_25": 4.2232894119999855, "q_75": 4.36919321575003, "min": 4.2136764969999945, "max": 4.386923818000014, "mean": 4.297594261750007, "std": 0.07809010921325919, "repeat": 4, "number": 1}]}, "transform_coords.TransformCoords.time_energy_to_tof": {"result": [0.0016603573333355826], "stats": [{"ci_99": [0.0011124406480577517, 0.0023670263519428563], "q_25": 0.0015557961249991574, "q_75": 0.001844294708336728, "min": 0.001522481999993867, "max": 0.0021157373333361798, "mean": 0.0017397335000003031, "std": 0.0002337982481714137, "repeat": 4, "number": 6}]}, "transform_coords.TransformCoords.time_tof_to_dspacing": {"result": [0.040032697000015105], "stats": [{"ci_99": [0.038413889907939584, 0.04182706709208973], "q_25": 0.03971827825000673, "q_75": 0.04043489725002303, "min": 0.03935765500000343, "max": 0.04105886500002498, "mean": 0.040120478500014656, "std": 0.0006231604777469021, "repeat": 4, "number": 1}]}, "transform_coords.TransformCoords.time_tof_to_energy": {"result": [0.2937687185000186], "stats": [{"ci_99": [0.2844033265435476, 0.3027112829564723], "q_25": 0.2906600397499943, "q_75": 0.29666598350003426, "min": 0.28999812199998587, "max": 0.29669366000001673, "mean": 0.29355730475000996, "std": 0.0031335061016801997, "repeat": 4, "number": 1}]}, "transform_coords.TransformCoords.time_tof_to_wavelength": {"result": [0.001608021083332763], "stats": [{"ci_99": [0.0015319091240334588, 0.0016755907092941913], "q_25": 0.0015922366666671905, "q_75": 0.0016195343333293977, "min": 0.0015627346666633457, "max": 0.0016362228333264284, "mean": 0.001603749916663825, "std": 2.6664778714454197e-05, "repeat": 4, "number": 6}]}, "transform_coords.TransformCoords.time_wavelength_to_tof": {"result": [0.03727281950000361], "stats": [{"ci_99": [0.036403100529978916, 0.038255792970035854], "q_25": 0.037047703499993645, "q_75": 0.03755456275001734, "min": 0.03698139600004424, "max": 0.037790751999978056, "mean": 0.03732944675000738, "std": 0.0003251092552791583, "repeat": 4, "number": 1}]}}, "params": {"cpu": "2 Core CPU", "machine": "cloud-container", "os": "Ubuntu latest", "ram": "7GB", "python": "3.9", "appdirs": "", "cmake": "", "conan": "", "ess-dmsc::ess-streaming-data-types": "", "h5py": "", "ipykernel": "6.3.1", "ipympl": "", "ipywidgets": "", "mantid-framework": "", "matplotlib-base": "", "ninja": "", "numpy": "", "pip": "", "pooch": "", "python-configuration": "", "python-confluent-kafka": "", "pythreejs": "", "pyyaml": "", "scipp::scipp": "", "scipy": "", "tbb": ""}, "requirements": {"appdirs": "", "cmake": "", "conan": "", "ess-dmsc::ess-streaming-data-types": "", "h5py": "", "ipykernel": "6.3.1", "ipympl": "", "ipywidgets": "", "mantid-framework": "", "matplotlib-base": "", "ninja": "", "numpy": "", "pip": "", "pooch": "", "python-configuration": "", "python-confluent-kafka": "", "pythreejs": "", "pyyaml": "", "scipp::scipp": "", "scipy": "", "tbb": ""}, "commit_hash": "2d89cdc02876ed97852c0cb94c53933c16156787", "date": 1641209181000, "env_name": "conda-py3.9-appdirs-cmake-conan-ess-dmsc__ess-streaming-data-types-h5py-ipykernel6.3.1-ipympl-ipywidgets-mantid-framework-matplotlib-base-ninja-numpy-pip-pooch-python-configuration-python-confluent-kafka-pythreejs-pyyaml-scipp__scipp-scipy-tbb", "python": "3.9", "profiles": {}, "started_at": {"load_nexus.LoadNexus.time_load_event_nexus": 1641212074297, "transform_coords.TransformCoords.time_energy_to_tof": 1641212088046, "transform_coords.TransformCoords.time_tof_to_dspacing": 1641212105352, "transform_coords.TransformCoords.time_tof_to_energy": 1641212122608, "transform_coords.TransformCoords.time_tof_to_wavelength": 1641212140833, "transform_coords.TransformCoords.time_wavelength_to_tof": 1641212157947}, "ended_at": {"load_nexus.LoadNexus.time_load_event_nexus": 1641212088045, "transform_coords.TransformCoords.time_energy_to_tof": 1641212105351, "transform_coords.TransformCoords.time_tof_to_dspacing": 1641212122608, "transform_coords.TransformCoords.time_tof_to_energy": 1641212140833, "transform_coords.TransformCoords.time_tof_to_wavelength": 1641212157946, "transform_coords.TransformCoords.time_wavelength_to_tof": 1641212175153}, "benchmark_version": {"load_nexus.LoadNexus.time_load_event_nexus": "9bb61e37c240f4221eff71f827efb0f1cfb5371f7c6b0e72f79b9ca92578e5e9", "transform_coords.TransformCoords.time_energy_to_tof": "f1ea8beffb41e75997f96056160ef6dd12d9afb53546d00f7e0cb2b307a616bb", "transform_coords.TransformCoords.time_tof_to_dspacing": "76d3e8bdf45621127e026f90298e8f292d01ddb57cb7caf05a5ce555a659d8ac", "transform_coords.TransformCoords.time_tof_to_energy": "32774381c7e0285d159959187b4537339285cc2573292bc6b39f5edd04d4bc0b", "transform_coords.TransformCoords.time_tof_to_wavelength": "46879c3a68b31604accd5a00f4187eb567d166242d70d944aa010a5d6f8de380", "transform_coords.TransformCoords.time_wavelength_to_tof": "d4710ab73daad9eb187b2c50c320802720ae09b880a656f3ac5284d75fea178b"}, "version": 1}