{"results": {"load_nexus.LoadNexus.time_load_event_nexus": {"result": [4.802186867999922], "stats": [{"ci_99": [3.78645220018532, 6.011677996481288], "q_25": 4.757138041499957, "q_75": 4.992553039999962, "min": 4.712089214999992, "max": 5.182919212000002, "mean": 4.899065098333305, "std": 0.20405761466336475, "repeat": 3, "number": 1}]}, "transform_coords.TransformCoords.time_energy_to_tof": {"result": [0.0013628176666600211], "stats": [{"ci_99": [0.0009663519770643403, 0.0030132368333397608], "q_25": 0.0013472709583245053, "q_75": 0.0014655272500003018, "min": 0.0013374338333467979, "max": 0.0030132368333397608, "mean": 0.0016530264166666104, "std": 0.0006107685084506685, "repeat": 6, "number": 6}]}, "transform_coords.TransformCoords.time_tof_to_dspacing": {"result": [0.0370887270000253], "stats": [{"ci_99": [0.03275583198020665, 0.054647599999952945], "q_25": 0.03682442350003612, "q_75": 0.03727000250000856, "min": 0.03659817100003693, "max": 0.054647599999952945, "mean": 0.0399149958333472, "std": 0.006592846670443676, "repeat": 6, "number": 1}]}, "transform_coords.TransformCoords.time_tof_to_energy": {"result": [0.26079049549997535], "stats": [{"ci_99": [0.2479808554881817, 0.31376533100001325], "q_25": 0.2601977062499543, "q_75": 0.26223111925003195, "min": 0.25958753500003695, "max": 0.31376533100001325, "mean": 0.26960754899999984, "std": 0.01977143507314531, "repeat": 6, "number": 1}]}, "transform_coords.TransformCoords.time_tof_to_wavelength": {"result": [0.0013607510000023617], "stats": [{"ci_99": [0.001334241506898125, 0.00140370183333971], "q_25": 0.001352376083332274, "q_75": 0.001368963541670117, "min": 0.0013390671666684284, "max": 0.00140370183333971, "mean": 0.001364259416669079, "std": 2.026944977609498e-05, "repeat": 6, "number": 6}]}, "transform_coords.TransformCoords.time_wavelength_to_tof": {"result": [0.034441949499978364], "stats": [{"ci_99": [0.034050340000021606, 0.03491074999999455], "q_25": 0.034368519250023155, "q_75": 0.03462390175002383, "min": 0.034050340000021606, "max": 0.03491074999999455, "mean": 0.03447893066667499, "std": 0.0002669698874720103, "repeat": 6, "number": 1}]}}, "params": {"cpu": "2 Core CPU", "machine": "cloud-container", "os": "Ubuntu latest", "ram": "7GB", "python": "3.9", "appdirs": "", "cmake": "", "conan": "", "ess-dmsc::ess-streaming-data-types": "", "h5py": "", "ipykernel": "6.3.1", "ipympl": "", "ipywidgets": "", "mantid-framework": "", "matplotlib-base": "", "ninja": "", "numpy": "", "pip": "", "pooch": "", "python-configuration": "", "python-confluent-kafka": "", "pythreejs": "", "pyyaml": "", "scipp::scipp": "", "scipy": "", "tbb": ""}, "requirements": {"appdirs": "", "cmake": "", "conan": "", "ess-dmsc::ess-streaming-data-types": "", "h5py": "", "ipykernel": "6.3.1", "ipympl": "", "ipywidgets": "", "mantid-framework": "", "matplotlib-base": "", "ninja": "", "numpy": "", "pip": "", "pooch": "", "python-configuration": "", "python-confluent-kafka": "", "pythreejs": "", "pyyaml": "", "scipp::scipp": "", "scipy": "", "tbb": ""}, "commit_hash": "2dc7c037338976e7c1860a40c4e7a3dbc2096c80", "date": 1636002519000, "env_name": "conda-py3.9-appdirs-cmake-conan-ess-dmsc__ess-streaming-data-types-h5py-ipykernel6.3.1-ipympl-ipywidgets-mantid-framework-matplotlib-base-ninja-numpy-pip-pooch-python-configuration-python-confluent-kafka-pythreejs-pyyaml-scipp__scipp-scipy-tbb", "python": "3.9", "profiles": {}, "started_at": {"load_nexus.LoadNexus.time_load_event_nexus": 1636006458301, "transform_coords.TransformCoords.time_energy_to_tof": 1636006473402, "transform_coords.TransformCoords.time_tof_to_dspacing": 1636006492207, "transform_coords.TransformCoords.time_tof_to_energy": 1636006511163, "transform_coords.TransformCoords.time_tof_to_wavelength": 1636006530924, "transform_coords.TransformCoords.time_wavelength_to_tof": 1636006549733}, "ended_at": {"load_nexus.LoadNexus.time_load_event_nexus": 1636006473402, "transform_coords.TransformCoords.time_energy_to_tof": 1636006492207, "transform_coords.TransformCoords.time_tof_to_dspacing": 1636006511163, "transform_coords.TransformCoords.time_tof_to_energy": 1636006530924, "transform_coords.TransformCoords.time_tof_to_wavelength": 1636006549733, "transform_coords.TransformCoords.time_wavelength_to_tof": 1636006568689}, "benchmark_version": {"load_nexus.LoadNexus.time_load_event_nexus": "9bb61e37c240f4221eff71f827efb0f1cfb5371f7c6b0e72f79b9ca92578e5e9", "transform_coords.TransformCoords.time_energy_to_tof": "f1ea8beffb41e75997f96056160ef6dd12d9afb53546d00f7e0cb2b307a616bb", "transform_coords.TransformCoords.time_tof_to_dspacing": "76d3e8bdf45621127e026f90298e8f292d01ddb57cb7caf05a5ce555a659d8ac", "transform_coords.TransformCoords.time_tof_to_energy": "32774381c7e0285d159959187b4537339285cc2573292bc6b39f5edd04d4bc0b", "transform_coords.TransformCoords.time_tof_to_wavelength": "46879c3a68b31604accd5a00f4187eb567d166242d70d944aa010a5d6f8de380", "transform_coords.TransformCoords.time_wavelength_to_tof": "d4710ab73daad9eb187b2c50c320802720ae09b880a656f3ac5284d75fea178b"}, "version": 1}