{"results": {"load_nexus.LoadNexus.time_load_event_nexus": {"result": [3.7533807675000332], "stats": [{"ci_99": [3.6341855022896365, 3.8825802212104077], "q_25": 3.7167667260000314, "q_75": 3.7949969032500235, "min": 3.7156629539999813, "max": 3.811106958000039, "mean": 3.7583828617500217, "std": 0.04266856221203743, "repeat": 4, "number": 1}]}, "transform_coords.TransformCoords.time_energy_to_tof": {"result": [0.0013864341428627214], "stats": [{"ci_99": [0.001346092413426745, 0.001424170729433754], "q_25": 0.001366394750001681, "q_75": 0.001398834249997094, "min": 0.0013522331428573256, "max": 0.0014230054285755095, "mean": 0.0013851315714302496, "std": 2.377230766991811e-05, "repeat": 6, "number": 7}]}, "transform_coords.TransformCoords.time_tof_to_dspacing": {"result": [0.03641911750000304], "stats": [{"ci_99": [0.03566361786861286, 0.03851664399996935], "q_25": 0.03624974225003541, "q_75": 0.03696852825000008, "min": 0.036198221999995894, "max": 0.03851664399996935, "mean": 0.03681634166666944, "std": 0.0008244843676473799, "repeat": 6, "number": 1}]}, "transform_coords.TransformCoords.time_tof_to_energy": {"result": [0.25361594799997533], "stats": [{"ci_99": [0.2528317133642908, 0.2541948413023422], "q_25": 0.2531819047499937, "q_75": 0.2538237042499816, "min": 0.25290614799996547, "max": 0.2540114399999993, "mean": 0.25351327733331647, "std": 0.00040394532717406893, "repeat": 6, "number": 1}]}, "transform_coords.TransformCoords.time_tof_to_wavelength": {"result": [0.0013614602142817084], "stats": [{"ci_99": [0.0013358649650675716, 0.0013790250349307617], "q_25": 0.0013467257142869876, "q_75": 0.0013681520357136736, "min": 0.0013374342857202595, "max": 0.0013721184285649152, "mean": 0.0013574449999991668, "std": 1.3064336450426603e-05, "repeat": 6, "number": 7}]}, "transform_coords.TransformCoords.time_wavelength_to_tof": {"result": [0.034941753999959246], "stats": [{"ci_99": [0.03449891330624734, 0.03648155099995165], "q_25": 0.034897750999974164, "q_75": 0.03510072825000066, "min": 0.03480873099999826, "max": 0.03648155099995165, "mean": 0.035201765499977, "std": 0.0005817276320605441, "repeat": 6, "number": 1}]}}, "params": {"cpu": "2 Core CPU", "machine": "cloud-container", "os": "Ubuntu latest", "ram": "7GB", "python": "3.9", "appdirs": "", "cmake": "", "conan": "", "ess-dmsc::ess-streaming-data-types": "", "h5py": "", "ipykernel": "6.3.1", "ipympl": "", "ipywidgets": "", "mantid-framework": "", "matplotlib-base": "", "ninja": "", "numpy": "", "pip": "", "pooch": "", "python-configuration": "", "python-confluent-kafka": "", "pythreejs": "", "pyyaml": "", "scipp::scipp": "", "scipy": "", "tbb": ""}, "requirements": {"appdirs": "", "cmake": "", "conan": "", "ess-dmsc::ess-streaming-data-types": "", "h5py": "", "ipykernel": "6.3.1", "ipympl": "", "ipywidgets": "", "mantid-framework": "", "matplotlib-base": "", "ninja": "", "numpy": "", "pip": "", "pooch": "", "python-configuration": "", "python-confluent-kafka": "", "pythreejs": "", "pyyaml": "", "scipp::scipp": "", "scipy": "", "tbb": ""}, "commit_hash": "334d275af3b771f0f24bf6fda38e813e24aac6a4", "date": 1642080119000, "env_name": "conda-py3.9-appdirs-cmake-conan-ess-dmsc__ess-streaming-data-types-h5py-ipykernel6.3.1-ipympl-ipywidgets-mantid-framework-matplotlib-base-ninja-numpy-pip-pooch-python-configuration-python-confluent-kafka-pythreejs-pyyaml-scipp__scipp-scipy-tbb", "python": "3.9", "profiles": {}, "started_at": {"load_nexus.LoadNexus.time_load_event_nexus": 1642082979506, "transform_coords.TransformCoords.time_energy_to_tof": 1642082991498, "transform_coords.TransformCoords.time_tof_to_dspacing": 1642083011058, "transform_coords.TransformCoords.time_tof_to_energy": 1642083030313, "transform_coords.TransformCoords.time_tof_to_wavelength": 1642083050322, "transform_coords.TransformCoords.time_wavelength_to_tof": 1642083069477}, "ended_at": {"load_nexus.LoadNexus.time_load_event_nexus": 1642082991498, "transform_coords.TransformCoords.time_energy_to_tof": 1642083011058, "transform_coords.TransformCoords.time_tof_to_dspacing": 1642083030313, "transform_coords.TransformCoords.time_tof_to_energy": 1642083050322, "transform_coords.TransformCoords.time_tof_to_wavelength": 1642083069477, "transform_coords.TransformCoords.time_wavelength_to_tof": 1642083088785}, "benchmark_version": {"load_nexus.LoadNexus.time_load_event_nexus": "9bb61e37c240f4221eff71f827efb0f1cfb5371f7c6b0e72f79b9ca92578e5e9", "transform_coords.TransformCoords.time_energy_to_tof": "f1ea8beffb41e75997f96056160ef6dd12d9afb53546d00f7e0cb2b307a616bb", "transform_coords.TransformCoords.time_tof_to_dspacing": "76d3e8bdf45621127e026f90298e8f292d01ddb57cb7caf05a5ce555a659d8ac", "transform_coords.TransformCoords.time_tof_to_energy": "32774381c7e0285d159959187b4537339285cc2573292bc6b39f5edd04d4bc0b", "transform_coords.TransformCoords.time_tof_to_wavelength": "46879c3a68b31604accd5a00f4187eb567d166242d70d944aa010a5d6f8de380", "transform_coords.TransformCoords.time_wavelength_to_tof": "d4710ab73daad9eb187b2c50c320802720ae09b880a656f3ac5284d75fea178b"}, "version": 1}