{"results": {"load_nexus.LoadNexus.time_load_event_nexus": {"result": [3.8196003350000183], "stats": [{"ci_99": [3.7138907051764454, 3.923544078823576], "q_25": 3.784417062500026, "q_75": 3.853900664500003, "min": 3.7799592559999837, "max": 3.855709642000022, "mean": 3.8187173920000106, "std": 0.035858053086868284, "repeat": 4, "number": 1}]}, "transform_coords.TransformCoords.time_energy_to_tof": {"result": [0.0013990029999969727], "stats": [{"ci_99": [0.0012787804691271412, 0.0016427795714305052], "q_25": 0.0013829054285687495, "q_75": 0.001474846964285348, "min": 0.0013102320000046217, "max": 0.0016427795714305052, "mean": 0.0014381142380949811, "std": 0.00010673020780040034, "repeat": 6, "number": 7}]}, "transform_coords.TransformCoords.time_tof_to_dspacing": {"result": [0.033858012999985476], "stats": [{"ci_99": [0.03347310959335683, 0.03436008773998124], "q_25": 0.03371153600001264, "q_75": 0.03416910599997891, "min": 0.03358028600001717, "max": 0.03426776600002768, "mean": 0.03391659866666904, "std": 0.00026338988330503263, "repeat": 6, "number": 1}]}, "transform_coords.TransformCoords.time_tof_to_energy": {"result": [0.24880398999997055], "stats": [{"ci_99": [0.24132538176572677, 0.2709266740000089], "q_25": 0.24824084725003104, "q_75": 0.2583968529999794, "min": 0.24808520999999928, "max": 0.2709266740000089, "mean": 0.2543779118333305, "std": 0.008803790056405818, "repeat": 6, "number": 1}]}, "transform_coords.TransformCoords.time_tof_to_wavelength": {"result": [0.0014262836428591591], "stats": [{"ci_99": [0.001303117582299644, 0.0016106081428607208], "q_25": 0.0013864229642836434, "q_75": 0.001454209892857859, "min": 0.0013178745714412798, "max": 0.0016106081428607208, "mean": 0.0014362841190504805, "std": 9.040384086306185e-05, "repeat": 6, "number": 7}]}, "transform_coords.TransformCoords.time_wavelength_to_tof": {"result": [0.03242874000000029], "stats": [{"ci_99": [0.03209165086601365, 0.03297028246733536], "q_25": 0.03229385800000273, "q_75": 0.032732149250009, "min": 0.03228176400000393, "max": 0.03296437300002708, "mean": 0.03253096666667451, "std": 0.00026623706217002125, "repeat": 6, "number": 1}]}}, "params": {"cpu": "2 Core CPU", "machine": "cloud-container", "os": "Ubuntu latest", "ram": "7GB", "python": "3.9", "appdirs": "", "cmake": "", "conan": "", "ess-dmsc::ess-streaming-data-types": "", "h5py": "", "ipykernel": "6.3.1", "ipympl": "", "ipywidgets": "", "mantid-framework": "", "matplotlib-base": "", "ninja": "", "numpy": "", "pip": "", "pooch": "", "python-configuration": "", "python-confluent-kafka": "", "pythreejs": "", "pyyaml": "", "scipp::scipp": "", "scipy": "", "tbb": ""}, "requirements": {"appdirs": "", "cmake": "", "conan": "", "ess-dmsc::ess-streaming-data-types": "", "h5py": "", "ipykernel": "6.3.1", "ipympl": "", "ipywidgets": "", "mantid-framework": "", "matplotlib-base": "", "ninja": "", "numpy": "", "pip": "", "pooch": "", "python-configuration": "", "python-confluent-kafka": "", "pythreejs": "", "pyyaml": "", "scipp::scipp": "", "scipy": "", "tbb": ""}, "commit_hash": "3b1438eda1fbab66feaec2993876208656efcbbb", "date": 1642410150000, "env_name": "conda-py3.9-appdirs-cmake-conan-ess-dmsc__ess-streaming-data-types-h5py-ipykernel6.3.1-ipympl-ipywidgets-mantid-framework-matplotlib-base-ninja-numpy-pip-pooch-python-configuration-python-confluent-kafka-pythreejs-pyyaml-scipp__scipp-scipy-tbb", "python": "3.9", "profiles": {}, "started_at": {"load_nexus.LoadNexus.time_load_event_nexus": 1642410686034, "transform_coords.TransformCoords.time_energy_to_tof": 1642410698280, "transform_coords.TransformCoords.time_tof_to_dspacing": 1642410717388, "transform_coords.TransformCoords.time_tof_to_energy": 1642410737106, "transform_coords.TransformCoords.time_tof_to_wavelength": 1642410757675, "transform_coords.TransformCoords.time_wavelength_to_tof": 1642410777235}, "ended_at": {"load_nexus.LoadNexus.time_load_event_nexus": 1642410698279, "transform_coords.TransformCoords.time_energy_to_tof": 1642410717388, "transform_coords.TransformCoords.time_tof_to_dspacing": 1642410737105, "transform_coords.TransformCoords.time_tof_to_energy": 1642410757675, "transform_coords.TransformCoords.time_tof_to_wavelength": 1642410777235, "transform_coords.TransformCoords.time_wavelength_to_tof": 1642410796893}, "benchmark_version": {"load_nexus.LoadNexus.time_load_event_nexus": "9bb61e37c240f4221eff71f827efb0f1cfb5371f7c6b0e72f79b9ca92578e5e9", "transform_coords.TransformCoords.time_energy_to_tof": "f1ea8beffb41e75997f96056160ef6dd12d9afb53546d00f7e0cb2b307a616bb", "transform_coords.TransformCoords.time_tof_to_dspacing": "76d3e8bdf45621127e026f90298e8f292d01ddb57cb7caf05a5ce555a659d8ac", "transform_coords.TransformCoords.time_tof_to_energy": "32774381c7e0285d159959187b4537339285cc2573292bc6b39f5edd04d4bc0b", "transform_coords.TransformCoords.time_tof_to_wavelength": "46879c3a68b31604accd5a00f4187eb567d166242d70d944aa010a5d6f8de380", "transform_coords.TransformCoords.time_wavelength_to_tof": "d4710ab73daad9eb187b2c50c320802720ae09b880a656f3ac5284d75fea178b"}, "version": 1}