{"results": {"load_nexus.LoadNexus.time_load_event_nexus": {"result": [4.191569658499986], "stats": [{"ci_99": [3.9965612971110827, 4.415372105388842], "q_25": 4.139841087749943, "q_75": 4.2576952720000065, "min": 4.131135404999895, "max": 4.309592082999984, "mean": 4.205966701249963, "std": 0.07334947340858859, "repeat": 4, "number": 1}]}, "transform_coords.TransformCoords.time_energy_to_tof": {"result": [0.001375701428571574], "stats": [{"ci_99": [0.0011790707547212117, 0.0016872131024156015], "q_25": 0.0013708219999963539, "q_75": 0.0014380213571436279, "min": 0.0013624194285577168, "max": 0.0016187454285727654, "mean": 0.0014331419285684077, "std": 0.00010730539853587661, "repeat": 4, "number": 7}]}, "transform_coords.TransformCoords.time_tof_to_dspacing": {"result": [0.05225303750000876], "stats": [{"ci_99": [0.01994537116638232, 0.08377670883362884], "q_25": 0.04162610374996234, "q_75": 0.062487973750052106, "min": 0.03969768199999635, "max": 0.06324040300000888, "mean": 0.05186104000000569, "std": 0.010921424679735713, "repeat": 4, "number": 1}]}, "transform_coords.TransformCoords.time_tof_to_energy": {"result": [0.35211720850003303], "stats": [{"ci_99": [0.27861852075675553, 0.42690621424322744], "q_25": 0.32756459025000595, "q_75": 0.37731498575001865, "min": 0.32715522899991356, "max": 0.37965982399998666, "mean": 0.35276236749999157, "std": 0.02535906813342871, "repeat": 4, "number": 1}]}, "transform_coords.TransformCoords.time_tof_to_wavelength": {"result": [0.0014115743571372669], "stats": [{"ci_99": [0.0012909763619939176, 0.0015226934237214666], "q_25": 0.0013797266071386666, "q_75": 0.0014386826428562927, "min": 0.0013488357142900245, "max": 0.0014553551428662104, "mean": 0.0014068348928576921, "std": 4.090206947288175e-05, "repeat": 4, "number": 7}]}, "transform_coords.TransformCoords.time_wavelength_to_tof": {"result": [0.04891422749994945], "stats": [{"ci_99": [0.013402368754810587, 0.0844465392451357], "q_25": 0.036938884999955235, "q_75": 0.06089979649996735, "min": 0.03646313299998383, "max": 0.06140622800000983, "mean": 0.04892445399997314, "std": 0.012148569620640464, "repeat": 4, "number": 1}]}}, "params": {"cpu": "2 Core CPU", "machine": "cloud-container", "os": "Ubuntu latest", "ram": "7GB", "python": "3.9", "appdirs": "", "cmake": "", "conan": "", "ess-dmsc::ess-streaming-data-types": "", "h5py": "", "ipykernel": "6.3.1", "ipympl": "", "ipywidgets": "", "mantid-framework": "", "matplotlib-base": "", "ninja": "", "numpy": "", "pip": "", "pooch": "", "python-configuration": "", "python-confluent-kafka": "", "pythreejs": "", "pyyaml": "", "scipp::scipp": "", "scipy": "", "tbb": ""}, "requirements": {"appdirs": "", "cmake": "", "conan": "", "ess-dmsc::ess-streaming-data-types": "", "h5py": "", "ipykernel": "6.3.1", "ipympl": "", "ipywidgets": "", "mantid-framework": "", "matplotlib-base": "", "ninja": "", "numpy": "", "pip": "", "pooch": "", "python-configuration": "", "python-confluent-kafka": "", "pythreejs": "", "pyyaml": "", "scipp::scipp": "", "scipy": "", "tbb": ""}, "commit_hash": "4cc5cef2e9f21442ee4b93e6dc9455724295c912", "date": 1637213400000, "env_name": "conda-py3.9-appdirs-cmake-conan-ess-dmsc__ess-streaming-data-types-h5py-ipykernel6.3.1-ipympl-ipywidgets-mantid-framework-matplotlib-base-ninja-numpy-pip-pooch-python-configuration-python-confluent-kafka-pythreejs-pyyaml-scipp__scipp-scipy-tbb", "python": "3.9", "profiles": {}, "started_at": {"load_nexus.LoadNexus.time_load_event_nexus": 1637216070836, "transform_coords.TransformCoords.time_energy_to_tof": 1637216084274, "transform_coords.TransformCoords.time_tof_to_dspacing": 1637216103828, "transform_coords.TransformCoords.time_tof_to_energy": 1637216123429, "transform_coords.TransformCoords.time_tof_to_wavelength": 1637216143882, "transform_coords.TransformCoords.time_wavelength_to_tof": 1637216163436}, "ended_at": {"load_nexus.LoadNexus.time_load_event_nexus": 1637216084273, "transform_coords.TransformCoords.time_energy_to_tof": 1637216103827, "transform_coords.TransformCoords.time_tof_to_dspacing": 1637216123429, "transform_coords.TransformCoords.time_tof_to_energy": 1637216143882, "transform_coords.TransformCoords.time_tof_to_wavelength": 1637216163436, "transform_coords.TransformCoords.time_wavelength_to_tof": 1637216183091}, "benchmark_version": {"load_nexus.LoadNexus.time_load_event_nexus": "9bb61e37c240f4221eff71f827efb0f1cfb5371f7c6b0e72f79b9ca92578e5e9", "transform_coords.TransformCoords.time_energy_to_tof": "f1ea8beffb41e75997f96056160ef6dd12d9afb53546d00f7e0cb2b307a616bb", "transform_coords.TransformCoords.time_tof_to_dspacing": "76d3e8bdf45621127e026f90298e8f292d01ddb57cb7caf05a5ce555a659d8ac", "transform_coords.TransformCoords.time_tof_to_energy": "32774381c7e0285d159959187b4537339285cc2573292bc6b39f5edd04d4bc0b", "transform_coords.TransformCoords.time_tof_to_wavelength": "46879c3a68b31604accd5a00f4187eb567d166242d70d944aa010a5d6f8de380", "transform_coords.TransformCoords.time_wavelength_to_tof": "d4710ab73daad9eb187b2c50c320802720ae09b880a656f3ac5284d75fea178b"}, "version": 1}