{"results": {"load_nexus.LoadNexus.time_load_event_nexus": {"result": [4.196473607500025], "stats": [{"ci_99": [3.9452650800990154, 4.397113631901011], "q_25": 4.143454368750028, "q_75": 4.22420859475001, "min": 4.029741585000011, "max": 4.262068623999994, "mean": 4.1711893560000135, "std": 0.0866054633244399, "repeat": 4, "number": 1}]}, "transform_coords.TransformCoords.time_energy_to_tof": {"result": [0.0016963044166686814], "stats": [{"ci_99": [0.000601705956282025, 0.003181047627050483], "q_25": 0.0015703251666678852, "q_75": 0.0020173560416670475, "min": 0.0014262621666603081, "max": 0.0027466361666673342, "mean": 0.0018913767916662512, "std": 0.0005089355689528963, "repeat": 4, "number": 6}]}, "transform_coords.TransformCoords.time_tof_to_dspacing": {"result": [0.03825481850000756], "stats": [{"ci_99": [0.037132627036530266, 0.03964171346347871], "q_25": 0.038086617250016275, "q_75": 0.03855537149999577, "min": 0.03787946800002828, "max": 0.03915957599997455, "mean": 0.03838717025000449, "std": 0.0004767253477042218, "repeat": 4, "number": 1}]}, "transform_coords.TransformCoords.time_tof_to_energy": {"result": [0.2961099494999928], "stats": [{"ci_99": [0.2709519707820375, 0.3168648512179134], "q_25": 0.2913923324999672, "q_75": 0.29862602800000104, "min": 0.2796652139999196, "max": 0.30374853099999655, "mean": 0.29390841099997544, "std": 0.008813310403565394, "repeat": 4, "number": 1}]}, "transform_coords.TransformCoords.time_tof_to_wavelength": {"result": [0.001640360833334853], "stats": [{"ci_99": [0.0015558388551264, 0.0017377251448722204], "q_25": 0.0016297650833318282, "q_75": 0.001657377750002335, "min": 0.0016052278333328711, "max": 0.0017011784999946637, "mean": 0.0016467819999993103, "std": 3.4568306645467636e-05, "repeat": 4, "number": 6}]}, "transform_coords.TransformCoords.time_wavelength_to_tof": {"result": [0.03659239750004417], "stats": [{"ci_99": [0.03313904536034629, 0.04055506013972076], "q_25": 0.03577152050007726, "q_75": 0.03766792975000044, "min": 0.03541094900003827, "max": 0.03879246700000749, "mean": 0.03684705275003353, "std": 0.0013189628804369192, "repeat": 4, "number": 1}]}}, "params": {"cpu": "2 Core CPU", "machine": "cloud-container", "os": "Ubuntu latest", "ram": "7GB", "python": "3.9", "appdirs": "", "cmake": "", "conan": "", "ess-dmsc::ess-streaming-data-types": "", "h5py": "", "ipykernel": "6.3.1", "ipympl": "", "ipywidgets": "", "mantid-framework": "", "matplotlib-base": "", "ninja": "", "numpy": "", "pip": "", "pooch": "", "python-configuration": "", "python-confluent-kafka": "", "pythreejs": "", "pyyaml": "", "scipp::scipp": "", "scipy": "", "tbb": ""}, "requirements": {"appdirs": "", "cmake": "", "conan": "", "ess-dmsc::ess-streaming-data-types": "", "h5py": "", "ipykernel": "6.3.1", "ipympl": "", "ipywidgets": "", "mantid-framework": "", "matplotlib-base": "", "ninja": "", "numpy": "", "pip": "", "pooch": "", "python-configuration": "", "python-confluent-kafka": "", "pythreejs": "", "pyyaml": "", "scipp::scipp": "", "scipy": "", "tbb": ""}, "commit_hash": "690d17ba9c914a5ce87d5d4fd6ecd411ec5b0844", "date": 1642502269000, "env_name": "conda-py3.9-appdirs-cmake-conan-ess-dmsc__ess-streaming-data-types-h5py-ipykernel6.3.1-ipympl-ipywidgets-mantid-framework-matplotlib-base-ninja-numpy-pip-pooch-python-configuration-python-confluent-kafka-pythreejs-pyyaml-scipp__scipp-scipy-tbb", "python": "3.9", "profiles": {}, "started_at": {"load_nexus.LoadNexus.time_load_event_nexus": 1642504165648, "transform_coords.TransformCoords.time_energy_to_tof": 1642504179347, "transform_coords.TransformCoords.time_tof_to_dspacing": 1642504196350, "transform_coords.TransformCoords.time_tof_to_energy": 1642504213509, "transform_coords.TransformCoords.time_tof_to_wavelength": 1642504231566, "transform_coords.TransformCoords.time_wavelength_to_tof": 1642504248368}, "ended_at": {"load_nexus.LoadNexus.time_load_event_nexus": 1642504179346, "transform_coords.TransformCoords.time_energy_to_tof": 1642504196349, "transform_coords.TransformCoords.time_tof_to_dspacing": 1642504213509, "transform_coords.TransformCoords.time_tof_to_energy": 1642504231565, "transform_coords.TransformCoords.time_tof_to_wavelength": 1642504248368, "transform_coords.TransformCoords.time_wavelength_to_tof": 1642504265677}, "benchmark_version": {"load_nexus.LoadNexus.time_load_event_nexus": "9bb61e37c240f4221eff71f827efb0f1cfb5371f7c6b0e72f79b9ca92578e5e9", "transform_coords.TransformCoords.time_energy_to_tof": "f1ea8beffb41e75997f96056160ef6dd12d9afb53546d00f7e0cb2b307a616bb", "transform_coords.TransformCoords.time_tof_to_dspacing": "76d3e8bdf45621127e026f90298e8f292d01ddb57cb7caf05a5ce555a659d8ac", "transform_coords.TransformCoords.time_tof_to_energy": "32774381c7e0285d159959187b4537339285cc2573292bc6b39f5edd04d4bc0b", "transform_coords.TransformCoords.time_tof_to_wavelength": "46879c3a68b31604accd5a00f4187eb567d166242d70d944aa010a5d6f8de380", "transform_coords.TransformCoords.time_wavelength_to_tof": "d4710ab73daad9eb187b2c50c320802720ae09b880a656f3ac5284d75fea178b"}, "version": 1}