{"results": {"load_nexus.LoadNexus.time_load_event_nexus": {"result": [5.39308170450002], "stats": [{"ci_99": [0.9464409795029667, 9.839722429497069], "q_25": 5.348615297250049, "q_75": 5.43754811174999, "min": 5.304148890000079, "max": 5.482014518999961, "mean": 5.39308170450002, "std": 0.08893281449994106, "repeat": 2, "number": 1}]}, "transform_coords.TransformCoords.time_energy_to_tof": {"result": [0.0017237945000033506], "stats": [{"ci_99": [0.001603042030922015, 0.0018392468690763867], "q_25": 0.001692813149998074, "q_75": 0.0017521258000044782, "min": 0.0016637117999835026, "max": 0.0017732770000066012, "mean": 0.001721144449999201, "std": 4.164165882203937e-05, "repeat": 4, "number": 5}]}, "transform_coords.TransformCoords.time_tof_to_dspacing": {"result": [0.03931470250000757], "stats": [{"ci_99": [0.0373333680740421, 0.041279841425977744], "q_25": 0.038816381999993155, "q_75": 0.039804925250024326, "min": 0.03838136700005634, "max": 0.04021564699996816, "mean": 0.03930660475000991, "std": 0.0006950211396765175, "repeat": 4, "number": 1}]}, "transform_coords.TransformCoords.time_tof_to_energy": {"result": [0.3279597060000583], "stats": [{"ci_99": [0.32463399253013503, 0.3306746044699088], "q_25": 0.32698496175004266, "q_75": 0.32862904275003757, "min": 0.32604862499999854, "max": 0.32864915699997255, "mean": 0.3276542985000219, "std": 0.0010761784982762838, "repeat": 4, "number": 1}]}, "transform_coords.TransformCoords.time_tof_to_wavelength": {"result": [0.0016781027000092763], "stats": [{"ci_99": [0.001566974998263488, 0.0018367032017408914], "q_25": 0.001667692600000237, "q_75": 0.0017122492000112288, "min": 0.0016566531999842482, "max": 0.0017944978000059564, "mean": 0.0017018391000021894, "std": 5.441697228886054e-05, "repeat": 4, "number": 5}]}, "transform_coords.TransformCoords.time_wavelength_to_tof": {"result": [0.035165678999987904], "stats": [{"ci_99": [0.034078628665687234, 0.0363863353343653], "q_25": 0.03497712325003022, "q_75": 0.03542103774998395, "min": 0.03471071200010556, "max": 0.0358878580000237, "mean": 0.035232482000026266, "std": 0.00042737215597745613, "repeat": 4, "number": 1}]}}, "params": {"cpu": "2 Core CPU", "machine": "cloud-container", "os": "Ubuntu latest", "ram": "7GB", "python": "3.9", "appdirs": "", "cmake": "", "conan": "", "ess-dmsc::ess-streaming-data-types": "", "h5py": "", "ipykernel": "6.3.1", "ipympl": "", "ipywidgets": "", "mantid-framework": "", "matplotlib-base": "", "ninja": "", "numpy": "", "pip": "", "pooch": "", "python-configuration": "", "python-confluent-kafka": "", "pythreejs": "", "pyyaml": "", "scipp::scipp": "", "scipy": "", "tbb": ""}, "requirements": {"appdirs": "", "cmake": "", "conan": "", "ess-dmsc::ess-streaming-data-types": "", "h5py": "", "ipykernel": "6.3.1", "ipympl": "", "ipywidgets": "", "mantid-framework": "", "matplotlib-base": "", "ninja": "", "numpy": "", "pip": "", "pooch": "", "python-configuration": "", "python-confluent-kafka": "", "pythreejs": "", "pyyaml": "", "scipp::scipp": "", "scipy": "", "tbb": ""}, "commit_hash": "6cdafc42e9f876adc14efa754cf21dc707fa87de", "date": 1635311095000, "env_name": "conda-py3.9-appdirs-cmake-conan-ess-dmsc__ess-streaming-data-types-h5py-ipykernel6.3.1-ipympl-ipywidgets-mantid-framework-matplotlib-base-ninja-numpy-pip-pooch-python-configuration-python-confluent-kafka-pythreejs-pyyaml-scipp__scipp-scipy-tbb", "python": "3.9", "profiles": {}, "started_at": {"load_nexus.LoadNexus.time_load_event_nexus": 1635401634762, "transform_coords.TransformCoords.time_energy_to_tof": 1635401645949, "transform_coords.TransformCoords.time_tof_to_dspacing": 1635401664399, "transform_coords.TransformCoords.time_tof_to_energy": 1635401682700, "transform_coords.TransformCoords.time_tof_to_wavelength": 1635401701706, "transform_coords.TransformCoords.time_wavelength_to_tof": 1635401720010}, "ended_at": {"load_nexus.LoadNexus.time_load_event_nexus": 1635401645949, "transform_coords.TransformCoords.time_energy_to_tof": 1635401664399, "transform_coords.TransformCoords.time_tof_to_dspacing": 1635401682699, "transform_coords.TransformCoords.time_tof_to_energy": 1635401701706, "transform_coords.TransformCoords.time_tof_to_wavelength": 1635401720009, "transform_coords.TransformCoords.time_wavelength_to_tof": 1635401738308}, "benchmark_version": {"load_nexus.LoadNexus.time_load_event_nexus": "9bb61e37c240f4221eff71f827efb0f1cfb5371f7c6b0e72f79b9ca92578e5e9", "transform_coords.TransformCoords.time_energy_to_tof": "f1ea8beffb41e75997f96056160ef6dd12d9afb53546d00f7e0cb2b307a616bb", "transform_coords.TransformCoords.time_tof_to_dspacing": "76d3e8bdf45621127e026f90298e8f292d01ddb57cb7caf05a5ce555a659d8ac", "transform_coords.TransformCoords.time_tof_to_energy": "32774381c7e0285d159959187b4537339285cc2573292bc6b39f5edd04d4bc0b", "transform_coords.TransformCoords.time_tof_to_wavelength": "46879c3a68b31604accd5a00f4187eb567d166242d70d944aa010a5d6f8de380", "transform_coords.TransformCoords.time_wavelength_to_tof": "d4710ab73daad9eb187b2c50c320802720ae09b880a656f3ac5284d75fea178b"}, "version": 1}