{"results": {"load_nexus.LoadNexus.time_load_event_nexus": {"result": [5.706976936500041], "stats": [{"ci_99": [2.2831866614978935, 9.130767211502185], "q_25": 5.67273903375002, "q_75": 5.741214839250063, "min": 5.638501130999998, "max": 5.775452742000084, "mean": 5.706976936500041, "std": 0.06847580550004295, "repeat": 2, "number": 1}]}, "transform_coords.TransformCoords.time_energy_to_tof": {"result": [0.001799885100001575], "stats": [{"ci_99": [0.001468993447725744, 0.002061785452268659], "q_25": 0.0017086664999965253, "q_75": 0.0018566080500022509, "min": 0.001596258599988687, "max": 0.0018655289999969682, "mean": 0.0017653894499972012, "std": 0.00010815619277081504, "repeat": 4, "number": 5}]}, "transform_coords.TransformCoords.time_tof_to_dspacing": {"result": [0.03838800199991965], "stats": [{"ci_99": [0.03516387958805234, 0.04142800441187211], "q_25": 0.03741193399994813, "q_75": 0.039272009999933744, "min": 0.03691602200001398, "max": 0.03949174199999561, "mean": 0.038295941999962224, "std": 0.0010800166041422868, "repeat": 4, "number": 1}]}, "transform_coords.TransformCoords.time_tof_to_energy": {"result": [0.3079007329999399], "stats": [{"ci_99": [0.2960445112399068, 0.31702792225998766], "q_25": 0.3052163619999533, "q_75": 0.3092205877499339, "min": 0.2998760079999556, "max": 0.3104673929999535, "mean": 0.30653621674994724, "std": 0.004036449041888149, "repeat": 4, "number": 1}]}, "transform_coords.TransformCoords.time_tof_to_wavelength": {"result": [0.0016311319000010373], "stats": [{"ci_99": [0.0012057077372671842, 0.0021551537627376442], "q_25": 0.001541355750003959, "q_75": 0.0017702068999994936, "min": 0.0015084138000020174, "max": 0.0019510454000055688, "mean": 0.0016804307500024151, "std": 0.00017327747599303018, "repeat": 4, "number": 5}]}, "transform_coords.TransformCoords.time_wavelength_to_tof": {"result": [0.03581205550000277], "stats": [{"ci_99": [0.033054645676401415, 0.03948080082361089], "q_25": 0.03553524825002796, "q_75": 0.036544530499980965, "min": 0.03505137900003774, "max": 0.03839540299998134, "mean": 0.036267723250006156, "std": 0.001269691816473033, "repeat": 4, "number": 1}]}}, "params": {"cpu": "2 Core CPU", "machine": "cloud-container", "os": "Ubuntu latest", "ram": "7GB", "python": "3.9", "appdirs": "", "cmake": "", "conan": "", "ess-dmsc::ess-streaming-data-types": "", "h5py": "", "ipykernel": "6.3.1", "ipympl": "", "ipywidgets": "", "mantid-framework": "", "matplotlib-base": "", "ninja": "", "numpy": "", "pip": "", "pooch": "", "python-configuration": "", "python-confluent-kafka": "", "pythreejs": "", "pyyaml": "", "scipp::scipp": "", "scipy": "", "tbb": ""}, "requirements": {"appdirs": "", "cmake": "", "conan": "", "ess-dmsc::ess-streaming-data-types": "", "h5py": "", "ipykernel": "6.3.1", "ipympl": "", "ipywidgets": "", "mantid-framework": "", "matplotlib-base": "", "ninja": "", "numpy": "", "pip": "", "pooch": "", "python-configuration": "", "python-confluent-kafka": "", "pythreejs": "", "pyyaml": "", "scipp::scipp": "", "scipy": "", "tbb": ""}, "commit_hash": "6cdafc42e9f876adc14efa754cf21dc707fa87de", "date": 1635311095000, "env_name": "conda-py3.9-appdirs-cmake-conan-ess-dmsc__ess-streaming-data-types-h5py-ipykernel6.3.1-ipympl-ipywidgets-mantid-framework-matplotlib-base-ninja-numpy-pip-pooch-python-configuration-python-confluent-kafka-pythreejs-pyyaml-scipp__scipp-scipy-tbb", "python": "3.9", "profiles": {}, "started_at": {"load_nexus.LoadNexus.time_load_event_nexus": 1635369051813, "transform_coords.TransformCoords.time_energy_to_tof": 1635369063557, "transform_coords.TransformCoords.time_tof_to_dspacing": 1635369080722, "transform_coords.TransformCoords.time_tof_to_energy": 1635369097629, "transform_coords.TransformCoords.time_tof_to_wavelength": 1635369114986, "transform_coords.TransformCoords.time_wavelength_to_tof": 1635369131542}, "ended_at": {"load_nexus.LoadNexus.time_load_event_nexus": 1635369063556, "transform_coords.TransformCoords.time_energy_to_tof": 1635369080721, "transform_coords.TransformCoords.time_tof_to_dspacing": 1635369097629, "transform_coords.TransformCoords.time_tof_to_energy": 1635369114986, "transform_coords.TransformCoords.time_tof_to_wavelength": 1635369131542, "transform_coords.TransformCoords.time_wavelength_to_tof": 1635369148399}, "benchmark_version": {"load_nexus.LoadNexus.time_load_event_nexus": "9bb61e37c240f4221eff71f827efb0f1cfb5371f7c6b0e72f79b9ca92578e5e9", "transform_coords.TransformCoords.time_energy_to_tof": "f1ea8beffb41e75997f96056160ef6dd12d9afb53546d00f7e0cb2b307a616bb", "transform_coords.TransformCoords.time_tof_to_dspacing": "76d3e8bdf45621127e026f90298e8f292d01ddb57cb7caf05a5ce555a659d8ac", "transform_coords.TransformCoords.time_tof_to_energy": "32774381c7e0285d159959187b4537339285cc2573292bc6b39f5edd04d4bc0b", "transform_coords.TransformCoords.time_tof_to_wavelength": "46879c3a68b31604accd5a00f4187eb567d166242d70d944aa010a5d6f8de380", "transform_coords.TransformCoords.time_wavelength_to_tof": "d4710ab73daad9eb187b2c50c320802720ae09b880a656f3ac5284d75fea178b"}, "version": 1}