{"results": {"load_nexus.LoadNexus.time_load_event_nexus": {"result": [5.233889466499988], "stats": [{"ci_99": [0.7767757914977551, 9.691003141502218], "q_25": 5.189318329749966, "q_75": 5.278460603250011, "min": 5.144747192999944, "max": 5.323031740000033, "mean": 5.233889466499988, "std": 0.08914227350004467, "repeat": 2, "number": 1}]}, "transform_coords.TransformCoords.time_energy_to_tof": {"result": [0.0016189028333239246], "stats": [{"ci_99": [0.0014025749999318935, 0.0018854536667277772], "q_25": 0.0015921277916627712, "q_75": 0.0016707893749909886, "min": 0.0015430701666711382, "max": 0.0017951815000003535, "mean": 0.0016440143333298354, "std": 9.289734783497748e-05, "repeat": 4, "number": 6}]}, "transform_coords.TransformCoords.time_tof_to_dspacing": {"result": [0.03961093899994239], "stats": [{"ci_99": [0.037551156237583004, 0.04134422926239309], "q_25": 0.03923513324998851, "q_75": 0.039823498499941934, "min": 0.03828708899999356, "max": 0.04028180400007386, "mean": 0.03944769274998805, "std": 0.0007251191704852173, "repeat": 4, "number": 1}]}, "transform_coords.TransformCoords.time_tof_to_energy": {"result": [0.3173499674999789], "stats": [{"ci_99": [0.30567456176105295, 0.3299666247389284], "q_25": 0.3139246504999704, "q_75": 0.32124591024999916, "min": 0.31338115700003755, "max": 0.32320128099996737, "mean": 0.3178205932499907, "std": 0.004187852163108442, "repeat": 4, "number": 1}]}, "transform_coords.TransformCoords.time_tof_to_wavelength": {"result": [0.0017096939166663105], "stats": [{"ci_99": [0.0009758419699882097, 0.0026416044466762156], "q_25": 0.00158348579166064, "q_75": 0.001934931333337886, "min": 0.001498423666665379, "max": 0.0023170813333308615, "mean": 0.0018087232083322153, "std": 0.00031363921680784007, "repeat": 4, "number": 6}]}, "transform_coords.TransformCoords.time_wavelength_to_tof": {"result": [0.03605823899999905], "stats": [{"ci_99": [0.03400489279912788, 0.03910548070082999], "q_25": 0.03585565624999276, "q_75": 0.036757769499985216, "min": 0.03578100499998982, "max": 0.038323263999927804, "mean": 0.03655518674997893, "std": 0.0010347128279659143, "repeat": 4, "number": 1}]}}, "params": {"cpu": "2 Core CPU", "machine": "cloud-container", "os": "Ubuntu latest", "ram": "7GB", "python": "3.9", "appdirs": "", "cmake": "", "conan": "", "ess-dmsc::ess-streaming-data-types": "", "h5py": "", "ipykernel": "6.3.1", "ipympl": "", "ipywidgets": "", "mantid-framework": "", "matplotlib-base": "", "ninja": "", "numpy": "", "pip": "", "pooch": "", "python-configuration": "", "python-confluent-kafka": "", "pythreejs": "", "pyyaml": "", "scipp::scipp": "", "scipy": "", "tbb": ""}, "requirements": {"appdirs": "", "cmake": "", "conan": "", "ess-dmsc::ess-streaming-data-types": "", "h5py": "", "ipykernel": "6.3.1", "ipympl": "", "ipywidgets": "", "mantid-framework": "", "matplotlib-base": "", "ninja": "", "numpy": "", "pip": "", "pooch": "", "python-configuration": "", "python-confluent-kafka": "", "pythreejs": "", "pyyaml": "", "scipp::scipp": "", "scipy": "", "tbb": ""}, "commit_hash": "6cdafc42e9f876adc14efa754cf21dc707fa87de", "date": 1635311095000, "env_name": "conda-py3.9-appdirs-cmake-conan-ess-dmsc__ess-streaming-data-types-h5py-ipykernel6.3.1-ipympl-ipywidgets-mantid-framework-matplotlib-base-ninja-numpy-pip-pooch-python-configuration-python-confluent-kafka-pythreejs-pyyaml-scipp__scipp-scipy-tbb", "python": "3.9", "profiles": {}, "started_at": {"load_nexus.LoadNexus.time_load_event_nexus": 1635340862805, "transform_coords.TransformCoords.time_energy_to_tof": 1635340873595, "transform_coords.TransformCoords.time_tof_to_dspacing": 1635340890902, "transform_coords.TransformCoords.time_tof_to_energy": 1635340908311, "transform_coords.TransformCoords.time_tof_to_wavelength": 1635340926318, "transform_coords.TransformCoords.time_wavelength_to_tof": 1635340943333}, "ended_at": {"load_nexus.LoadNexus.time_load_event_nexus": 1635340873594, "transform_coords.TransformCoords.time_energy_to_tof": 1635340890902, "transform_coords.TransformCoords.time_tof_to_dspacing": 1635340908311, "transform_coords.TransformCoords.time_tof_to_energy": 1635340926317, "transform_coords.TransformCoords.time_tof_to_wavelength": 1635340943333, "transform_coords.TransformCoords.time_wavelength_to_tof": 1635340960642}, "benchmark_version": {"load_nexus.LoadNexus.time_load_event_nexus": "9bb61e37c240f4221eff71f827efb0f1cfb5371f7c6b0e72f79b9ca92578e5e9", "transform_coords.TransformCoords.time_energy_to_tof": "f1ea8beffb41e75997f96056160ef6dd12d9afb53546d00f7e0cb2b307a616bb", "transform_coords.TransformCoords.time_tof_to_dspacing": "76d3e8bdf45621127e026f90298e8f292d01ddb57cb7caf05a5ce555a659d8ac", "transform_coords.TransformCoords.time_tof_to_energy": "32774381c7e0285d159959187b4537339285cc2573292bc6b39f5edd04d4bc0b", "transform_coords.TransformCoords.time_tof_to_wavelength": "46879c3a68b31604accd5a00f4187eb567d166242d70d944aa010a5d6f8de380", "transform_coords.TransformCoords.time_wavelength_to_tof": "d4710ab73daad9eb187b2c50c320802720ae09b880a656f3ac5284d75fea178b"}, "version": 1}