{"results": {"load_nexus.LoadNexus.time_load_event_nexus": {"result": [5.735707659500008], "stats": [{"ci_99": [2.5793797844986557, 8.892035534501357], "q_25": 5.7041443807499945, "q_75": 5.767270938250022, "min": 5.672581101999981, "max": 5.798834217000035, "mean": 5.735707659500008, "std": 0.06312655750002705, "repeat": 2, "number": 1}]}, "transform_coords.TransformCoords.time_energy_to_tof": {"result": [0.0019099818999961827], "stats": [{"ci_99": [0.001289468395486974, 0.002574725604495061], "q_25": 0.0017529967999905696, "q_75": 0.0020890820999966307, "min": 0.0016632817999834514, "max": 0.0022451423999882538, "mean": 0.0019320969999910178, "std": 0.00022557476207666038, "repeat": 4, "number": 5}]}, "transform_coords.TransformCoords.time_tof_to_dspacing": {"result": [0.04052404050003133], "stats": [{"ci_99": [0.03294137179551224, 0.04955021120452274], "q_25": 0.038945339750000585, "q_75": 0.04282449225004825, "min": 0.03801473900000474, "max": 0.04592034600000261, "mean": 0.041245791500017503, "std": 0.003022879259923201, "repeat": 4, "number": 1}]}, "transform_coords.TransformCoords.time_tof_to_energy": {"result": [0.33813543650001066], "stats": [{"ci_99": [0.32893179567429304, 0.3463973828257285], "q_25": 0.33536746424996977, "q_75": 0.34043256150005163, "min": 0.333548339999993, "max": 0.3408391440000287, "mean": 0.33766458925001075, "std": 0.0030335502105301873, "repeat": 4, "number": 1}]}, "transform_coords.TransformCoords.time_tof_to_wavelength": {"result": [0.0017065517000105501], "stats": [{"ci_99": [0.001516881348053777, 0.002011162151958014], "q_25": 0.0017034617500144124, "q_75": 0.001767111700002033, "min": 0.0016976416000034078, "max": 0.0019453419999990729, "mean": 0.0017640217500058952, "std": 0.00010475162911007813, "repeat": 4, "number": 5}]}, "transform_coords.TransformCoords.time_wavelength_to_tof": {"result": [0.0350843844999531], "stats": [{"ci_99": [0.0334968698296075, 0.0370725996703504], "q_25": 0.0347830342499833, "q_75": 0.03558608499994875, "min": 0.03462553500003196, "max": 0.03634463499997764, "mean": 0.03528473474997895, "std": 0.0006637142529611086, "repeat": 4, "number": 1}]}}, "params": {"cpu": "2 Core CPU", "machine": "cloud-container", "os": "Ubuntu latest", "ram": "7GB", "python": "3.9", "appdirs": "", "cmake": "", "conan": "", "ess-dmsc::ess-streaming-data-types": "", "h5py": "", "ipykernel": "6.3.1", "ipympl": "", "ipywidgets": "", "mantid-framework": "", "matplotlib-base": "", "ninja": "", "numpy": "", "pip": "", "pooch": "", "python-configuration": "", "python-confluent-kafka": "", "pythreejs": "", "pyyaml": "", "scipp::scipp": "", "scipy": "", "tbb": ""}, "requirements": {"appdirs": "", "cmake": "", "conan": "", "ess-dmsc::ess-streaming-data-types": "", "h5py": "", "ipykernel": "6.3.1", "ipympl": "", "ipywidgets": "", "mantid-framework": "", "matplotlib-base": "", "ninja": "", "numpy": "", "pip": "", "pooch": "", "python-configuration": "", "python-confluent-kafka": "", "pythreejs": "", "pyyaml": "", "scipp::scipp": "", "scipy": "", "tbb": ""}, "commit_hash": "6cdafc42e9f876adc14efa754cf21dc707fa87de", "date": 1635311095000, "env_name": "conda-py3.9-appdirs-cmake-conan-ess-dmsc__ess-streaming-data-types-h5py-ipykernel6.3.1-ipympl-ipywidgets-mantid-framework-matplotlib-base-ninja-numpy-pip-pooch-python-configuration-python-confluent-kafka-pythreejs-pyyaml-scipp__scipp-scipy-tbb", "python": "3.9", "profiles": {}, "started_at": {"load_nexus.LoadNexus.time_load_event_nexus": 1635365546066, "transform_coords.TransformCoords.time_energy_to_tof": 1635365558006, "transform_coords.TransformCoords.time_tof_to_dspacing": 1635365577012, "transform_coords.TransformCoords.time_tof_to_energy": 1635365596270, "transform_coords.TransformCoords.time_tof_to_wavelength": 1635365616030, "transform_coords.TransformCoords.time_wavelength_to_tof": 1635365634891}, "ended_at": {"load_nexus.LoadNexus.time_load_event_nexus": 1635365558005, "transform_coords.TransformCoords.time_energy_to_tof": 1635365577012, "transform_coords.TransformCoords.time_tof_to_dspacing": 1635365596269, "transform_coords.TransformCoords.time_tof_to_energy": 1635365616030, "transform_coords.TransformCoords.time_tof_to_wavelength": 1635365634891, "transform_coords.TransformCoords.time_wavelength_to_tof": 1635365653947}, "benchmark_version": {"load_nexus.LoadNexus.time_load_event_nexus": "9bb61e37c240f4221eff71f827efb0f1cfb5371f7c6b0e72f79b9ca92578e5e9", "transform_coords.TransformCoords.time_energy_to_tof": "f1ea8beffb41e75997f96056160ef6dd12d9afb53546d00f7e0cb2b307a616bb", "transform_coords.TransformCoords.time_tof_to_dspacing": "76d3e8bdf45621127e026f90298e8f292d01ddb57cb7caf05a5ce555a659d8ac", "transform_coords.TransformCoords.time_tof_to_energy": "32774381c7e0285d159959187b4537339285cc2573292bc6b39f5edd04d4bc0b", "transform_coords.TransformCoords.time_tof_to_wavelength": "46879c3a68b31604accd5a00f4187eb567d166242d70d944aa010a5d6f8de380", "transform_coords.TransformCoords.time_wavelength_to_tof": "d4710ab73daad9eb187b2c50c320802720ae09b880a656f3ac5284d75fea178b"}, "version": 1}