{"results": {"load_nexus.LoadNexus.time_load_event_nexus": {"result": [4.793869105499994], "stats": [{"ci_99": [4.623866749431842, 4.958526785568179], "q_25": 4.762739917000005, "q_75": 4.822325956, "min": 4.701656572000047, "max": 4.875392287000011, "mean": 4.791196767500011, "std": 0.06195263858106019, "repeat": 4, "number": 1}]}, "transform_coords.TransformCoords.time_energy_to_tof": {"result": [0.0013539419999943902], "stats": [{"ci_99": [0.001320862443146365, 0.001390375500003908], "q_25": 0.0013382920833298801, "q_75": 0.0013658922916543286, "min": 0.0013286588333301097, "max": 0.001390375500003908, "mean": 0.0013549782499953584, "std": 2.0814971794855786e-05, "repeat": 6, "number": 6}]}, "transform_coords.TransformCoords.time_tof_to_dspacing": {"result": [0.03746919399998205], "stats": [{"ci_99": [0.03679653399996141, 0.03809188821952987], "q_25": 0.0373197712499973, "q_75": 0.03774162425000327, "min": 0.03679653399996141, "max": 0.03800515099999302, "mean": 0.03747374516665521, "std": 0.000387699427322378, "repeat": 6, "number": 1}]}, "transform_coords.TransformCoords.time_tof_to_energy": {"result": [0.2603728500000102], "stats": [{"ci_99": [0.25976201710257174, 0.2611482525641001], "q_25": 0.26011141624999823, "q_75": 0.2608653640000398, "min": 0.2599782119999645, "max": 0.2609530899999868, "mean": 0.26045513483333593, "std": 0.00040181859554820626, "repeat": 6, "number": 1}]}, "transform_coords.TransformCoords.time_tof_to_wavelength": {"result": [0.0013494339166726377], "stats": [{"ci_99": [0.0013361847982592276, 0.0013667827017433615], "q_25": 0.0013462002500001329, "q_75": 0.0013598295833408731, "min": 0.0013376088333340401, "max": 0.0013640086666555362, "mean": 0.0013514837500012945, "std": 9.343259676806449e-06, "repeat": 6, "number": 6}]}, "transform_coords.TransformCoords.time_wavelength_to_tof": {"result": [0.03521643499996685], "stats": [{"ci_99": [0.034650633401549905, 0.0357415350000565], "q_25": 0.034912657499987176, "q_75": 0.03535475800005372, "min": 0.034774226999957136, "max": 0.0357415350000565, "mean": 0.03519348266667066, "std": 0.0003300802308974494, "repeat": 6, "number": 1}]}}, "params": {"cpu": "2 Core CPU", "machine": "cloud-container", "os": "Ubuntu latest", "ram": "7GB", "python": "3.9", "appdirs": "", "cmake": "", "conan": "", "ess-dmsc::ess-streaming-data-types": "", "h5py": "", "ipykernel": "6.3.1", "ipympl": "", "ipywidgets": "", "mantid-framework": "", "matplotlib-base": "", "ninja": "", "numpy": "", "pip": "", "pooch": "", "python-configuration": "", "python-confluent-kafka": "", "pythreejs": "", "pyyaml": "", "scipp::scipp": "", "scipy": "", "tbb": ""}, "requirements": {"appdirs": "", "cmake": "", "conan": "", "ess-dmsc::ess-streaming-data-types": "", "h5py": "", "ipykernel": "6.3.1", "ipympl": "", "ipywidgets": "", "mantid-framework": "", "matplotlib-base": "", "ninja": "", "numpy": "", "pip": "", "pooch": "", "python-configuration": "", "python-confluent-kafka": "", "pythreejs": "", "pyyaml": "", "scipp::scipp": "", "scipy": "", "tbb": ""}, "commit_hash": "6cdafc42e9f876adc14efa754cf21dc707fa87de", "date": 1635311095000, "env_name": "conda-py3.9-appdirs-cmake-conan-ess-dmsc__ess-streaming-data-types-h5py-ipykernel6.3.1-ipympl-ipywidgets-mantid-framework-matplotlib-base-ninja-numpy-pip-pooch-python-configuration-python-confluent-kafka-pythreejs-pyyaml-scipp__scipp-scipy-tbb", "python": "3.9", "profiles": {}, "started_at": {"load_nexus.LoadNexus.time_load_event_nexus": 1635333000487, "transform_coords.TransformCoords.time_energy_to_tof": 1635333015537, "transform_coords.TransformCoords.time_tof_to_dspacing": 1635333034449, "transform_coords.TransformCoords.time_tof_to_energy": 1635333053356, "transform_coords.TransformCoords.time_tof_to_wavelength": 1635333073114, "transform_coords.TransformCoords.time_wavelength_to_tof": 1635333092023}, "ended_at": {"load_nexus.LoadNexus.time_load_event_nexus": 1635333015536, "transform_coords.TransformCoords.time_energy_to_tof": 1635333034449, "transform_coords.TransformCoords.time_tof_to_dspacing": 1635333053355, "transform_coords.TransformCoords.time_tof_to_energy": 1635333073113, "transform_coords.TransformCoords.time_tof_to_wavelength": 1635333092023, "transform_coords.TransformCoords.time_wavelength_to_tof": 1635333110981}, "benchmark_version": {"load_nexus.LoadNexus.time_load_event_nexus": "9bb61e37c240f4221eff71f827efb0f1cfb5371f7c6b0e72f79b9ca92578e5e9", "transform_coords.TransformCoords.time_energy_to_tof": "f1ea8beffb41e75997f96056160ef6dd12d9afb53546d00f7e0cb2b307a616bb", "transform_coords.TransformCoords.time_tof_to_dspacing": "76d3e8bdf45621127e026f90298e8f292d01ddb57cb7caf05a5ce555a659d8ac", "transform_coords.TransformCoords.time_tof_to_energy": "32774381c7e0285d159959187b4537339285cc2573292bc6b39f5edd04d4bc0b", "transform_coords.TransformCoords.time_tof_to_wavelength": "46879c3a68b31604accd5a00f4187eb567d166242d70d944aa010a5d6f8de380", "transform_coords.TransformCoords.time_wavelength_to_tof": "d4710ab73daad9eb187b2c50c320802720ae09b880a656f3ac5284d75fea178b"}, "version": 1}