{"results": {"load_nexus.LoadNexus.time_load_event_nexus": {"result": [5.242428045499992], "stats": [{"ci_99": [0.28236902049911805, 10.202487070500862], "q_25": 5.192827455249983, "q_75": 5.29202863575, "min": 5.143226864999974, "max": 5.341629226000009, "mean": 5.242428045499992, "std": 0.09920118050001747, "repeat": 2, "number": 1}]}, "transform_coords.TransformCoords.time_energy_to_tof": {"result": [0.0016864999999938847], "stats": [{"ci_99": [0.0016003419753830971, 0.0017894680246099796], "q_25": 0.0016720700000007584, "q_75": 0.0017093349999896647, "min": 0.0016555400000015652, "max": 0.0017510799999968184, "mean": 0.0016949049999965382, "std": 3.537532579174807e-05, "repeat": 4, "number": 5}]}, "transform_coords.TransformCoords.time_tof_to_dspacing": {"result": [0.03738138900001786], "stats": [{"ci_99": [0.03597912510618683, 0.0389556153938112], "q_25": 0.0370552562499995, "q_75": 0.03779350300001738, "min": 0.03686138800003391, "max": 0.03824531499992645, "mean": 0.03746737024999902, "std": 0.0005300879719773581, "repeat": 4, "number": 1}]}, "transform_coords.TransformCoords.time_tof_to_energy": {"result": [0.32478835499995284], "stats": [{"ci_99": [0.3213144104999732, 0.32983165349995813], "q_25": 0.3243981464999308, "q_75": 0.3259632404999877, "min": 0.32423954399996546, "max": 0.32847587399999156, "mean": 0.3255730319999657, "std": 0.0017076091335961842, "repeat": 4, "number": 1}]}, "transform_coords.TransformCoords.time_tof_to_wavelength": {"result": [0.0016665515000113373], "stats": [{"ci_99": [0.0015945268865094361, 0.0017758989135076377], "q_25": 0.0016623249000076612, "q_75": 0.0016894395000122129, "min": 0.0016577196000071126, "max": 0.0017500290000043606, "mean": 0.0016852129000085368, "std": 3.7643035238558774e-05, "repeat": 4, "number": 5}]}, "transform_coords.TransformCoords.time_wavelength_to_tof": {"result": [0.03413222950001682], "stats": [{"ci_99": [0.031296294319608314, 0.03786717918038962], "q_25": 0.03361338125000657, "q_75": 0.03510058500000923, "min": 0.03347389700002168, "max": 0.03658859099994061, "mean": 0.03458173674999898, "std": 0.001235427262697502, "repeat": 4, "number": 1}]}}, "params": {"cpu": "2 Core CPU", "machine": "cloud-container", "os": "Ubuntu latest", "ram": "7GB", "python": "3.9", "appdirs": "", "cmake": "", "conan": "", "ess-dmsc::ess-streaming-data-types": "", "h5py": "", "ipykernel": "6.3.1", "ipympl": "", "ipywidgets": "", "mantid-framework": "", "matplotlib-base": "", "ninja": "", "numpy": "", "pip": "", "pooch": "", "python-configuration": "", "python-confluent-kafka": "", "pythreejs": "", "pyyaml": "", "scipp::scipp": "", "scipy": "", "tbb": ""}, "requirements": {"appdirs": "", "cmake": "", "conan": "", "ess-dmsc::ess-streaming-data-types": "", "h5py": "", "ipykernel": "6.3.1", "ipympl": "", "ipywidgets": "", "mantid-framework": "", "matplotlib-base": "", "ninja": "", "numpy": "", "pip": "", "pooch": "", "python-configuration": "", "python-confluent-kafka": "", "pythreejs": "", "pyyaml": "", "scipp::scipp": "", "scipy": "", "tbb": ""}, "commit_hash": "6cdafc42e9f876adc14efa754cf21dc707fa87de", "date": 1635311095000, "env_name": "conda-py3.9-appdirs-cmake-conan-ess-dmsc__ess-streaming-data-types-h5py-ipykernel6.3.1-ipympl-ipywidgets-mantid-framework-matplotlib-base-ninja-numpy-pip-pooch-python-configuration-python-confluent-kafka-pythreejs-pyyaml-scipp__scipp-scipy-tbb", "python": "3.9", "profiles": {}, "started_at": {"load_nexus.LoadNexus.time_load_event_nexus": 1635455467467, "transform_coords.TransformCoords.time_energy_to_tof": 1635455478407, "transform_coords.TransformCoords.time_tof_to_dspacing": 1635455496564, "transform_coords.TransformCoords.time_tof_to_energy": 1635455514816, "transform_coords.TransformCoords.time_tof_to_wavelength": 1635455533917, "transform_coords.TransformCoords.time_wavelength_to_tof": 1635455552121}, "ended_at": {"load_nexus.LoadNexus.time_load_event_nexus": 1635455478406, "transform_coords.TransformCoords.time_energy_to_tof": 1635455496563, "transform_coords.TransformCoords.time_tof_to_dspacing": 1635455514816, "transform_coords.TransformCoords.time_tof_to_energy": 1635455533917, "transform_coords.TransformCoords.time_tof_to_wavelength": 1635455552120, "transform_coords.TransformCoords.time_wavelength_to_tof": 1635455570465}, "benchmark_version": {"load_nexus.LoadNexus.time_load_event_nexus": "9bb61e37c240f4221eff71f827efb0f1cfb5371f7c6b0e72f79b9ca92578e5e9", "transform_coords.TransformCoords.time_energy_to_tof": "f1ea8beffb41e75997f96056160ef6dd12d9afb53546d00f7e0cb2b307a616bb", "transform_coords.TransformCoords.time_tof_to_dspacing": "76d3e8bdf45621127e026f90298e8f292d01ddb57cb7caf05a5ce555a659d8ac", "transform_coords.TransformCoords.time_tof_to_energy": "32774381c7e0285d159959187b4537339285cc2573292bc6b39f5edd04d4bc0b", "transform_coords.TransformCoords.time_tof_to_wavelength": "46879c3a68b31604accd5a00f4187eb567d166242d70d944aa010a5d6f8de380", "transform_coords.TransformCoords.time_wavelength_to_tof": "d4710ab73daad9eb187b2c50c320802720ae09b880a656f3ac5284d75fea178b"}, "version": 1}