{"results": {"load_nexus.LoadNexus.time_load_event_nexus": {"result": [5.248756431000004], "stats": [{"ci_99": [-1.0593332689991826, 11.556846130999185], "q_25": 5.185675534000012, "q_75": 5.311837327999996, "min": 5.12259463700002, "max": 5.374918224999988, "mean": 5.248756431000004, "std": 0.12616179399998373, "repeat": 2, "number": 1}]}, "transform_coords.TransformCoords.time_energy_to_tof": {"result": [0.001705591600000389], "stats": [{"ci_99": [0.0006563257034585346, 0.0034043618965384466], "q_25": 0.0016890515499909497, "q_75": 0.00204688385000793, "min": 0.0016702113999940594, "max": 0.0030399805999991258, "mean": 0.0020303437999984906, "std": 0.0005831381336047485, "repeat": 4, "number": 5}]}, "transform_coords.TransformCoords.time_tof_to_dspacing": {"result": [0.04268458950002696], "stats": [{"ci_99": [0.016730030729957775, 0.0787820662700532], "q_25": 0.039946070749977025, "q_75": 0.05049456725005541, "min": 0.036961348999966503, "max": 0.06869366600000149, "mean": 0.04775604850000548, "std": 0.012373652641554506, "repeat": 4, "number": 1}]}, "transform_coords.TransformCoords.time_tof_to_energy": {"result": [0.3218751830000315], "stats": [{"ci_99": [0.3162182655919173, 0.3287226549080879], "q_25": 0.3208823749999681, "q_75": 0.323463268250066, "min": 0.3199523659999386, "max": 0.3261791090000088, "mean": 0.3224704602500026, "std": 0.0023310957481402707, "repeat": 4, "number": 1}]}, "transform_coords.TransformCoords.time_tof_to_wavelength": {"result": [0.0016829314999995404], "stats": [{"ci_99": [0.0015524361181109435, 0.0018623070818831204], "q_25": 0.0016714613499971165, "q_75": 0.0017188417499994556, "min": 0.001651331199991546, "max": 0.0018122921999975006, "mean": 0.0017073715999970317, "std": 6.202582691314723e-05, "repeat": 4, "number": 5}]}, "transform_coords.TransformCoords.time_wavelength_to_tof": {"result": [0.035924792999992405], "stats": [{"ci_99": [0.030235498674439153, 0.04101328332555865], "q_25": 0.034198006499963185, "q_75": 0.03735117750002814, "min": 0.03309422400002404, "max": 0.03755375399998684, "mean": 0.03562439099999892, "std": 0.0018706726678333863, "repeat": 4, "number": 1}]}}, "params": {"cpu": "2 Core CPU", "machine": "cloud-container", "os": "Ubuntu latest", "ram": "7GB", "python": "3.9", "appdirs": "", "cmake": "", "conan": "", "ess-dmsc::ess-streaming-data-types": "", "h5py": "", "ipykernel": "6.3.1", "ipympl": "", "ipywidgets": "", "mantid-framework": "", "matplotlib-base": "", "ninja": "", "numpy": "", "pip": "", "pooch": "", "python-configuration": "", "python-confluent-kafka": "", "pythreejs": "", "pyyaml": "", "scipp::scipp": "", "scipy": "", "tbb": ""}, "requirements": {"appdirs": "", "cmake": "", "conan": "", "ess-dmsc::ess-streaming-data-types": "", "h5py": "", "ipykernel": "6.3.1", "ipympl": "", "ipywidgets": "", "mantid-framework": "", "matplotlib-base": "", "ninja": "", "numpy": "", "pip": "", "pooch": "", "python-configuration": "", "python-confluent-kafka": "", "pythreejs": "", "pyyaml": "", "scipp::scipp": "", "scipy": "", "tbb": ""}, "commit_hash": "6cdafc42e9f876adc14efa754cf21dc707fa87de", "date": 1635311095000, "env_name": "conda-py3.9-appdirs-cmake-conan-ess-dmsc__ess-streaming-data-types-h5py-ipykernel6.3.1-ipympl-ipywidgets-mantid-framework-matplotlib-base-ninja-numpy-pip-pooch-python-configuration-python-confluent-kafka-pythreejs-pyyaml-scipp__scipp-scipy-tbb", "python": "3.9", "profiles": {}, "started_at": {"load_nexus.LoadNexus.time_load_event_nexus": 1635419435402, "transform_coords.TransformCoords.time_energy_to_tof": 1635419446283, "transform_coords.TransformCoords.time_tof_to_dspacing": 1635419464023, "transform_coords.TransformCoords.time_tof_to_energy": 1635419481917, "transform_coords.TransformCoords.time_tof_to_wavelength": 1635419500563, "transform_coords.TransformCoords.time_wavelength_to_tof": 1635419518464}, "ended_at": {"load_nexus.LoadNexus.time_load_event_nexus": 1635419446282, "transform_coords.TransformCoords.time_energy_to_tof": 1635419464023, "transform_coords.TransformCoords.time_tof_to_dspacing": 1635419481916, "transform_coords.TransformCoords.time_tof_to_energy": 1635419500562, "transform_coords.TransformCoords.time_tof_to_wavelength": 1635419518463, "transform_coords.TransformCoords.time_wavelength_to_tof": 1635419536407}, "benchmark_version": {"load_nexus.LoadNexus.time_load_event_nexus": "9bb61e37c240f4221eff71f827efb0f1cfb5371f7c6b0e72f79b9ca92578e5e9", "transform_coords.TransformCoords.time_energy_to_tof": "f1ea8beffb41e75997f96056160ef6dd12d9afb53546d00f7e0cb2b307a616bb", "transform_coords.TransformCoords.time_tof_to_dspacing": "76d3e8bdf45621127e026f90298e8f292d01ddb57cb7caf05a5ce555a659d8ac", "transform_coords.TransformCoords.time_tof_to_energy": "32774381c7e0285d159959187b4537339285cc2573292bc6b39f5edd04d4bc0b", "transform_coords.TransformCoords.time_tof_to_wavelength": "46879c3a68b31604accd5a00f4187eb567d166242d70d944aa010a5d6f8de380", "transform_coords.TransformCoords.time_wavelength_to_tof": "d4710ab73daad9eb187b2c50c320802720ae09b880a656f3ac5284d75fea178b"}, "version": 1}