{"results": {"load_nexus.LoadNexus.time_load_event_nexus": {"result": [4.728146914000035], "stats": [{"ci_99": [4.639309499696799, 4.860526590303287], "q_25": 4.720868677250024, "q_75": 4.757196281750055, "min": 4.715772515000026, "max": 4.827605837000078, "mean": 4.749918045000044, "std": 0.045308764418295934, "repeat": 4, "number": 1}]}, "transform_coords.TransformCoords.time_energy_to_tof": {"result": [0.0013358424999978524], "stats": [{"ci_99": [0.0013142290723573559, 0.0013874348333236715], "q_25": 0.0013281477499968257, "q_75": 0.001343838375011804, "min": 0.0013276006666653, "max": 0.0013874348333236715, "mean": 0.0013431344999996024, "std": 2.0983518737483787e-05, "repeat": 6, "number": 6}]}, "transform_coords.TransformCoords.time_tof_to_dspacing": {"result": [0.03686513750000131], "stats": [{"ci_99": [0.03631288000008226, 0.03730749666287987], "q_25": 0.03665221625004733, "q_75": 0.03705282274995625, "min": 0.03631288000008226, "max": 0.037198502000023836, "mean": 0.0368230473333521, "std": 0.0002999555478817817, "repeat": 6, "number": 1}]}, "transform_coords.TransformCoords.time_tof_to_energy": {"result": [0.2592473249999898], "stats": [{"ci_99": [0.25711224500003027, 0.2605538669999987], "q_25": 0.2591765189999933, "q_75": 0.2593206277500144, "min": 0.25711224500003027, "max": 0.2605538669999987, "mean": 0.25910979016667096, "std": 0.0010140192386895752, "repeat": 6, "number": 1}]}, "transform_coords.TransformCoords.time_tof_to_wavelength": {"result": [0.001339876416674694], "stats": [{"ci_99": [0.001317081307003157, 0.0013716676666604144], "q_25": 0.001329264083333707, "q_75": 0.001350838749994902, "min": 0.0013250836666619155, "max": 0.0013716676666604144, "mean": 0.001342787277776678, "std": 1.612894774492295e-05, "repeat": 6, "number": 6}]}, "transform_coords.TransformCoords.time_wavelength_to_tof": {"result": [0.03461810650003372], "stats": [{"ci_99": [0.03403307446136651, 0.035669764000090254], "q_25": 0.034422938999966846, "q_75": 0.03476138599998535, "min": 0.03418395400001373, "max": 0.035669764000090254, "mean": 0.03470949333334753, "std": 0.0004725138707388959, "repeat": 6, "number": 1}]}}, "params": {"cpu": "2 Core CPU", "machine": "cloud-container", "os": "Ubuntu latest", "ram": "7GB", "python": "3.9", "appdirs": "", "cmake": "", "conan": "", "ess-dmsc::ess-streaming-data-types": "", "h5py": "", "ipykernel": "6.3.1", "ipympl": "", "ipywidgets": "", "mantid-framework": "", "matplotlib-base": "", "ninja": "", "numpy": "", "pip": "", "pooch": "", "python-configuration": "", "python-confluent-kafka": "", "pythreejs": "", "pyyaml": "", "scipp::scipp": "", "scipy": "", "tbb": ""}, "requirements": {"appdirs": "", "cmake": "", "conan": "", "ess-dmsc::ess-streaming-data-types": "", "h5py": "", "ipykernel": "6.3.1", "ipympl": "", "ipywidgets": "", "mantid-framework": "", "matplotlib-base": "", "ninja": "", "numpy": "", "pip": "", "pooch": "", "python-configuration": "", "python-confluent-kafka": "", "pythreejs": "", "pyyaml": "", "scipp::scipp": "", "scipy": "", "tbb": ""}, "commit_hash": "6cdafc42e9f876adc14efa754cf21dc707fa87de", "date": 1635311095000, "env_name": "conda-py3.9-appdirs-cmake-conan-ess-dmsc__ess-streaming-data-types-h5py-ipykernel6.3.1-ipympl-ipywidgets-mantid-framework-matplotlib-base-ninja-numpy-pip-pooch-python-configuration-python-confluent-kafka-pythreejs-pyyaml-scipp__scipp-scipy-tbb", "python": "3.9", "profiles": {}, "started_at": {"load_nexus.LoadNexus.time_load_event_nexus": 1635467002390, "transform_coords.TransformCoords.time_energy_to_tof": 1635467017340, "transform_coords.TransformCoords.time_tof_to_dspacing": 1635467035942, "transform_coords.TransformCoords.time_tof_to_energy": 1635467054746, "transform_coords.TransformCoords.time_tof_to_wavelength": 1635467074300, "transform_coords.TransformCoords.time_wavelength_to_tof": 1635467092952}, "ended_at": {"load_nexus.LoadNexus.time_load_event_nexus": 1635467017339, "transform_coords.TransformCoords.time_energy_to_tof": 1635467035942, "transform_coords.TransformCoords.time_tof_to_dspacing": 1635467054746, "transform_coords.TransformCoords.time_tof_to_energy": 1635467074300, "transform_coords.TransformCoords.time_tof_to_wavelength": 1635467092951, "transform_coords.TransformCoords.time_wavelength_to_tof": 1635467111703}, "benchmark_version": {"load_nexus.LoadNexus.time_load_event_nexus": "9bb61e37c240f4221eff71f827efb0f1cfb5371f7c6b0e72f79b9ca92578e5e9", "transform_coords.TransformCoords.time_energy_to_tof": "f1ea8beffb41e75997f96056160ef6dd12d9afb53546d00f7e0cb2b307a616bb", "transform_coords.TransformCoords.time_tof_to_dspacing": "76d3e8bdf45621127e026f90298e8f292d01ddb57cb7caf05a5ce555a659d8ac", "transform_coords.TransformCoords.time_tof_to_energy": "32774381c7e0285d159959187b4537339285cc2573292bc6b39f5edd04d4bc0b", "transform_coords.TransformCoords.time_tof_to_wavelength": "46879c3a68b31604accd5a00f4187eb567d166242d70d944aa010a5d6f8de380", "transform_coords.TransformCoords.time_wavelength_to_tof": "d4710ab73daad9eb187b2c50c320802720ae09b880a656f3ac5284d75fea178b"}, "version": 1}