{"results": {"load_nexus.LoadNexus.time_load_event_nexus": {"result": [4.7187172754999835], "stats": [{"ci_99": [4.671749820535828, 4.769077603464135], "q_25": 4.7039472839999945, "q_75": 4.73518370349997, "min": 4.703827607999983, "max": 4.740392688999975, "mean": 4.720413711999981, "std": 0.016688063279040356, "repeat": 4, "number": 1}]}, "transform_coords.TransformCoords.time_energy_to_tof": {"result": [0.0013217017500011252], "stats": [{"ci_99": [0.0013004800520816095, 0.0013788356666661155], "q_25": 0.001321101499989652, "q_75": 0.0013277882500020155, "min": 0.0013067676666575305, "max": 0.0013788356666661155, "mean": 0.001329954222219006, "std": 2.2889621667803946e-05, "repeat": 6, "number": 6}]}, "transform_coords.TransformCoords.time_tof_to_dspacing": {"result": [0.03476966550005045], "stats": [{"ci_99": [0.03456401858552915, 0.03505249099998764], "q_25": 0.034689975250017824, "q_75": 0.03484509649997847, "min": 0.034605902000066635, "max": 0.03505249099998764, "mean": 0.0347885626666861, "std": 0.00014431679936577726, "repeat": 6, "number": 1}]}, "transform_coords.TransformCoords.time_tof_to_energy": {"result": [0.2571548859999666], "stats": [{"ci_99": [0.2561912938490027, 0.2578261524842766], "q_25": 0.25665288474993986, "q_75": 0.25721442775000014, "min": 0.256219615999953, "max": 0.25780312500000946, "mean": 0.25700872316663964, "std": 0.0005168198054371435, "repeat": 6, "number": 1}]}, "transform_coords.TransformCoords.time_tof_to_wavelength": {"result": [0.0013238182499909121], "stats": [{"ci_99": [0.0012997511666602197, 0.0013382941152664252], "q_25": 0.001311847250001108, "q_75": 0.0013274396249964109, "min": 0.0012997511666602197, "max": 0.0013334023333300138, "mean": 0.0013195489444402457, "std": 1.1697926502403398e-05, "repeat": 6, "number": 6}]}, "transform_coords.TransformCoords.time_wavelength_to_tof": {"result": [0.03277075400001195], "stats": [{"ci_99": [0.0324944864127145, 0.033154564587265366], "q_25": 0.03271155275001547, "q_75": 0.03298003249992121, "min": 0.03253196299999672, "max": 0.033132071000011365, "mean": 0.03282452549998993, "std": 0.00020414762268412156, "repeat": 6, "number": 1}]}}, "params": {"cpu": "2 Core CPU", "machine": "cloud-container", "os": "Ubuntu latest", "ram": "7GB", "python": "3.9", "appdirs": "", "cmake": "", "conan": "", "ess-dmsc::ess-streaming-data-types": "", "h5py": "", "ipykernel": "6.3.1", "ipympl": "", "ipywidgets": "", "mantid-framework": "", "matplotlib-base": "", "ninja": "", "numpy": "", "pip": "", "pooch": "", "python-configuration": "", "python-confluent-kafka": "", "pythreejs": "", "pyyaml": "", "scipp::scipp": "", "scipy": "", "tbb": ""}, "requirements": {"appdirs": "", "cmake": "", "conan": "", "ess-dmsc::ess-streaming-data-types": "", "h5py": "", "ipykernel": "6.3.1", "ipympl": "", "ipywidgets": "", "mantid-framework": "", "matplotlib-base": "", "ninja": "", "numpy": "", "pip": "", "pooch": "", "python-configuration": "", "python-confluent-kafka": "", "pythreejs": "", "pyyaml": "", "scipp::scipp": "", "scipy": "", "tbb": ""}, "commit_hash": "6cdafc42e9f876adc14efa754cf21dc707fa87de", "date": 1635311095000, "env_name": "conda-py3.9-appdirs-cmake-conan-ess-dmsc__ess-streaming-data-types-h5py-ipykernel6.3.1-ipympl-ipywidgets-mantid-framework-matplotlib-base-ninja-numpy-pip-pooch-python-configuration-python-confluent-kafka-pythreejs-pyyaml-scipp__scipp-scipy-tbb", "python": "3.9", "profiles": {}, "started_at": {"load_nexus.LoadNexus.time_load_event_nexus": 1635322291620, "transform_coords.TransformCoords.time_energy_to_tof": 1635322306524, "transform_coords.TransformCoords.time_tof_to_dspacing": 1635322325230, "transform_coords.TransformCoords.time_tof_to_energy": 1635322343988, "transform_coords.TransformCoords.time_tof_to_wavelength": 1635322363599, "transform_coords.TransformCoords.time_wavelength_to_tof": 1635322382266}, "ended_at": {"load_nexus.LoadNexus.time_load_event_nexus": 1635322306523, "transform_coords.TransformCoords.time_energy_to_tof": 1635322325230, "transform_coords.TransformCoords.time_tof_to_dspacing": 1635322343987, "transform_coords.TransformCoords.time_tof_to_energy": 1635322363599, "transform_coords.TransformCoords.time_tof_to_wavelength": 1635322382266, "transform_coords.TransformCoords.time_wavelength_to_tof": 1635322401023}, "benchmark_version": {"load_nexus.LoadNexus.time_load_event_nexus": "9bb61e37c240f4221eff71f827efb0f1cfb5371f7c6b0e72f79b9ca92578e5e9", "transform_coords.TransformCoords.time_energy_to_tof": "f1ea8beffb41e75997f96056160ef6dd12d9afb53546d00f7e0cb2b307a616bb", "transform_coords.TransformCoords.time_tof_to_dspacing": "76d3e8bdf45621127e026f90298e8f292d01ddb57cb7caf05a5ce555a659d8ac", "transform_coords.TransformCoords.time_tof_to_energy": "32774381c7e0285d159959187b4537339285cc2573292bc6b39f5edd04d4bc0b", "transform_coords.TransformCoords.time_tof_to_wavelength": "46879c3a68b31604accd5a00f4187eb567d166242d70d944aa010a5d6f8de380", "transform_coords.TransformCoords.time_wavelength_to_tof": "d4710ab73daad9eb187b2c50c320802720ae09b880a656f3ac5284d75fea178b"}, "version": 1}