{"results": {"load_nexus.LoadNexus.time_load_event_nexus": {"result": [5.734741069499989], "stats": [{"ci_99": [3.1671226945006197, 8.302359444499357], "q_25": 5.709064885749996, "q_75": 5.760417253249983, "min": 5.683388702000002, "max": 5.786093436999977, "mean": 5.734741069499989, "std": 0.051352367499987395, "repeat": 2, "number": 1}]}, "transform_coords.TransformCoords.time_energy_to_tof": {"result": [0.0017986702000030164], "stats": [{"ci_99": [0.001216142935103213, 0.002668091464889931], "q_25": 0.0017605581999987408, "q_75": 0.0019802292000008492, "min": 0.0017145381999853272, "max": 0.0024565901999949345, "mean": 0.0019421171999965735, "std": 0.000299443600931677, "repeat": 4, "number": 5}]}, "transform_coords.TransformCoords.time_tof_to_dspacing": {"result": [0.04776146700004347], "stats": [{"ci_99": [0.04060225137171313, 0.054543546128324905], "q_25": 0.046570514250049655, "q_75": 0.048763851500012834, "min": 0.043708863000006204, "max": 0.05105979799998295, "mean": 0.04757289875001902, "std": 0.0026111663125944827, "repeat": 4, "number": 1}]}, "transform_coords.TransformCoords.time_tof_to_energy": {"result": [0.3335403550000251], "stats": [{"ci_99": [0.30642540324480416, 0.37163773075520884], "q_25": 0.32916674750001107, "q_75": 0.3434051745000204, "min": 0.3291426829999864, "max": 0.35990287499998885, "mean": 0.33903156700000636, "std": 0.012568064937574458, "repeat": 4, "number": 1}]}, "transform_coords.TransformCoords.time_tof_to_wavelength": {"result": [0.0017038241000022934], "stats": [{"ci_99": [0.0016202280844928511, 0.0017935603155145815], "q_25": 0.0016873085500151317, "q_75": 0.0017234097499908784, "min": 0.0016666084000007686, "max": 0.0017533202000095116, "mean": 0.0017068942000037167, "std": 3.1551885309261417e-05, "repeat": 4, "number": 5}]}, "transform_coords.TransformCoords.time_wavelength_to_tof": {"result": [0.04388881950006862], "stats": [{"ci_99": [0.040797985390962285, 0.04632427510903344], "q_25": 0.0431729955000435, "q_75": 0.04427695425002298, "min": 0.041851475999919785, "max": 0.04461540599993441, "mean": 0.04356113024999786, "std": 0.0010489012051347981, "repeat": 4, "number": 1}]}}, "params": {"cpu": "2 Core CPU", "machine": "cloud-container", "os": "Ubuntu latest", "ram": "7GB", "python": "3.9", "appdirs": "", "cmake": "", "conan": "", "ess-dmsc::ess-streaming-data-types": "", "h5py": "", "ipykernel": "6.3.1", "ipympl": "", "ipywidgets": "", "mantid-framework": "", "matplotlib-base": "", "ninja": "", "numpy": "", "pip": "", "pooch": "", "python-configuration": "", "python-confluent-kafka": "", "pythreejs": "", "pyyaml": "", "scipp::scipp": "", "scipy": "", "tbb": ""}, "requirements": {"appdirs": "", "cmake": "", "conan": "", "ess-dmsc::ess-streaming-data-types": "", "h5py": "", "ipykernel": "6.3.1", "ipympl": "", "ipywidgets": "", "mantid-framework": "", "matplotlib-base": "", "ninja": "", "numpy": "", "pip": "", "pooch": "", "python-configuration": "", "python-confluent-kafka": "", "pythreejs": "", "pyyaml": "", "scipp::scipp": "", "scipy": "", "tbb": ""}, "commit_hash": "6cdafc42e9f876adc14efa754cf21dc707fa87de", "date": 1635311095000, "env_name": "conda-py3.9-appdirs-cmake-conan-ess-dmsc__ess-streaming-data-types-h5py-ipykernel6.3.1-ipympl-ipywidgets-mantid-framework-matplotlib-base-ninja-numpy-pip-pooch-python-configuration-python-confluent-kafka-pythreejs-pyyaml-scipp__scipp-scipy-tbb", "python": "3.9", "profiles": {}, "started_at": {"load_nexus.LoadNexus.time_load_event_nexus": 1635484326466, "transform_coords.TransformCoords.time_energy_to_tof": 1635484338761, "transform_coords.TransformCoords.time_tof_to_dspacing": 1635484358176, "transform_coords.TransformCoords.time_tof_to_energy": 1635484377500, "transform_coords.TransformCoords.time_tof_to_wavelength": 1635484397768, "transform_coords.TransformCoords.time_wavelength_to_tof": 1635484416987}, "ended_at": {"load_nexus.LoadNexus.time_load_event_nexus": 1635484338761, "transform_coords.TransformCoords.time_energy_to_tof": 1635484358176, "transform_coords.TransformCoords.time_tof_to_dspacing": 1635484377499, "transform_coords.TransformCoords.time_tof_to_energy": 1635484397767, "transform_coords.TransformCoords.time_tof_to_wavelength": 1635484416986, "transform_coords.TransformCoords.time_wavelength_to_tof": 1635484436047}, "benchmark_version": {"load_nexus.LoadNexus.time_load_event_nexus": "9bb61e37c240f4221eff71f827efb0f1cfb5371f7c6b0e72f79b9ca92578e5e9", "transform_coords.TransformCoords.time_energy_to_tof": "f1ea8beffb41e75997f96056160ef6dd12d9afb53546d00f7e0cb2b307a616bb", "transform_coords.TransformCoords.time_tof_to_dspacing": "76d3e8bdf45621127e026f90298e8f292d01ddb57cb7caf05a5ce555a659d8ac", "transform_coords.TransformCoords.time_tof_to_energy": "32774381c7e0285d159959187b4537339285cc2573292bc6b39f5edd04d4bc0b", "transform_coords.TransformCoords.time_tof_to_wavelength": "46879c3a68b31604accd5a00f4187eb567d166242d70d944aa010a5d6f8de380", "transform_coords.TransformCoords.time_wavelength_to_tof": "d4710ab73daad9eb187b2c50c320802720ae09b880a656f3ac5284d75fea178b"}, "version": 1}