{"results": {"load_nexus.LoadNexus.time_load_event_nexus": {"result": [5.274026981999981], "stats": [{"ci_99": [-1.9965334180006664, 12.544587382000621], "q_25": 5.2013213779999745, "q_75": 5.3467325859999875, "min": 5.128615773999968, "max": 5.419438189999994, "mean": 5.274026981999981, "std": 0.14541120800001295, "repeat": 2, "number": 1}]}, "transform_coords.TransformCoords.time_energy_to_tof": {"result": [0.0017440594166705146], "stats": [{"ci_99": [0.0014804075620129043, 0.0020153031046566327], "q_25": 0.001688913250004494, "q_75": 0.0018030015000007893, "min": 0.0016187254999996032, "max": 0.001884576999998444, "mean": 0.001747855333334769, "std": 9.671130066975181e-05, "repeat": 4, "number": 6}]}, "transform_coords.TransformCoords.time_tof_to_dspacing": {"result": [0.04423639149996461], "stats": [{"ci_99": [0.03779451462644993, 0.050168313373552105], "q_25": 0.04315953649998505, "q_75": 0.045058268999980555, "min": 0.04045922000000246, "max": 0.0469936530000723, "mean": 0.043981414000000996, "std": 0.0023276566644181975, "repeat": 4, "number": 1}]}, "transform_coords.TransformCoords.time_tof_to_energy": {"result": [0.3053411980000078], "stats": [{"ci_99": [0.2730464705255266, 0.3468910904745022], "q_25": 0.29956168674999617, "q_75": 0.31574829175002606, "min": 0.29675082699998256, "max": 0.3324418990000595, "mean": 0.3099687805000144, "std": 0.0138697974516724, "repeat": 4, "number": 1}]}, "transform_coords.TransformCoords.time_tof_to_wavelength": {"result": [0.0015299183000024642], "stats": [{"ci_99": [0.0011802907135999938, 0.0018822059864108045], "q_25": 0.00144904800000063, "q_75": 0.0016121186500072326, "min": 0.0013635474000011528, "max": 0.0017016094000155135, "mean": 0.0015312483500053986, "std": 0.00012513521567422253, "repeat": 4, "number": 5}]}, "transform_coords.TransformCoords.time_wavelength_to_tof": {"result": [0.04019156900000098], "stats": [{"ci_99": [0.039288238343492356, 0.04108789865648101], "q_25": 0.039961217250009895, "q_75": 0.04041842024997777, "min": 0.03976951499998904, "max": 0.04059962099995573, "mean": 0.040188068499986684, "std": 0.0003162273194962713, "repeat": 4, "number": 1}]}}, "params": {"cpu": "2 Core CPU", "machine": "cloud-container", "os": "Ubuntu latest", "ram": "7GB", "python": "3.9", "appdirs": "", "cmake": "", "conan": "", "ess-dmsc::ess-streaming-data-types": "", "h5py": "", "ipykernel": "6.3.1", "ipympl": "", "ipywidgets": "", "mantid-framework": "", "matplotlib-base": "", "ninja": "", "numpy": "", "pip": "", "pooch": "", "python-configuration": "", "python-confluent-kafka": "", "pythreejs": "", "pyyaml": "", "scipp::scipp": "", "scipy": "", "tbb": ""}, "requirements": {"appdirs": "", "cmake": "", "conan": "", "ess-dmsc::ess-streaming-data-types": "", "h5py": "", "ipykernel": "6.3.1", "ipympl": "", "ipywidgets": "", "mantid-framework": "", "matplotlib-base": "", "ninja": "", "numpy": "", "pip": "", "pooch": "", "python-configuration": "", "python-confluent-kafka": "", "pythreejs": "", "pyyaml": "", "scipp::scipp": "", "scipy": "", "tbb": ""}, "commit_hash": "6cdafc42e9f876adc14efa754cf21dc707fa87de", "date": 1635311095000, "env_name": "conda-py3.9-appdirs-cmake-conan-ess-dmsc__ess-streaming-data-types-h5py-ipykernel6.3.1-ipympl-ipywidgets-mantid-framework-matplotlib-base-ninja-numpy-pip-pooch-python-configuration-python-confluent-kafka-pythreejs-pyyaml-scipp__scipp-scipy-tbb", "python": "3.9", "profiles": {}, "started_at": {"load_nexus.LoadNexus.time_load_event_nexus": 1635433901870, "transform_coords.TransformCoords.time_energy_to_tof": 1635433912708, "transform_coords.TransformCoords.time_tof_to_dspacing": 1635433930064, "transform_coords.TransformCoords.time_tof_to_energy": 1635433947064, "transform_coords.TransformCoords.time_tof_to_wavelength": 1635433964870, "transform_coords.TransformCoords.time_wavelength_to_tof": 1635433981722}, "ended_at": {"load_nexus.LoadNexus.time_load_event_nexus": 1635433912707, "transform_coords.TransformCoords.time_energy_to_tof": 1635433930064, "transform_coords.TransformCoords.time_tof_to_dspacing": 1635433947064, "transform_coords.TransformCoords.time_tof_to_energy": 1635433964870, "transform_coords.TransformCoords.time_tof_to_wavelength": 1635433981721, "transform_coords.TransformCoords.time_wavelength_to_tof": 1635433998974}, "benchmark_version": {"load_nexus.LoadNexus.time_load_event_nexus": "9bb61e37c240f4221eff71f827efb0f1cfb5371f7c6b0e72f79b9ca92578e5e9", "transform_coords.TransformCoords.time_energy_to_tof": "f1ea8beffb41e75997f96056160ef6dd12d9afb53546d00f7e0cb2b307a616bb", "transform_coords.TransformCoords.time_tof_to_dspacing": "76d3e8bdf45621127e026f90298e8f292d01ddb57cb7caf05a5ce555a659d8ac", "transform_coords.TransformCoords.time_tof_to_energy": "32774381c7e0285d159959187b4537339285cc2573292bc6b39f5edd04d4bc0b", "transform_coords.TransformCoords.time_tof_to_wavelength": "46879c3a68b31604accd5a00f4187eb567d166242d70d944aa010a5d6f8de380", "transform_coords.TransformCoords.time_wavelength_to_tof": "d4710ab73daad9eb187b2c50c320802720ae09b880a656f3ac5284d75fea178b"}, "version": 1}