{"results": {"load_nexus.LoadNexus.time_load_event_nexus": {"result": [5.471685491499983], "stats": [{"ci_99": [5.313294316501043, 5.630076666498923], "q_25": 5.4701015797499934, "q_75": 5.473269403249972, "min": 5.468517668000004, "max": 5.474853314999962, "mean": 5.471685491499983, "std": 0.0031678234999787946, "repeat": 2, "number": 1}]}, "transform_coords.TransformCoords.time_energy_to_tof": {"result": [0.0017083049000007123], "stats": [{"ci_99": [0.0013184387862936987, 0.0022726286137155546], "q_25": 0.0016897140000025957, "q_75": 0.0018141246000027424, "min": 0.001635291600018718, "max": 0.0021302333999983604, "mean": 0.0017955337000046256, "std": 0.00019552464810354564, "repeat": 4, "number": 5}]}, "transform_coords.TransformCoords.time_tof_to_dspacing": {"result": [0.039152465999961805], "stats": [{"ci_99": [0.03722042416080423, 0.04155416133915286], "q_25": 0.03885455049993425, "q_75": 0.0396852082500061, "min": 0.038523771999962264, "max": 0.04072046700002829, "mean": 0.03938729274997854, "std": 0.0008221524220682762, "repeat": 4, "number": 1}]}, "transform_coords.TransformCoords.time_tof_to_energy": {"result": [0.3280213044999982], "stats": [{"ci_99": [0.32446105809685694, 0.3307796459031365], "q_25": 0.327102645750017, "q_75": 0.32853901074997793, "min": 0.3257175119999829, "max": 0.3287212870000076, "mean": 0.32762035199999673, "std": 0.0011802527049189302, "repeat": 4, "number": 1}]}, "transform_coords.TransformCoords.time_tof_to_wavelength": {"result": [0.0017119919999913692], "stats": [{"ci_99": [0.0015944702134717322, 0.0018510173865209708], "q_25": 0.0016846142999952462, "q_75": 0.001750121499992474, "min": 0.001675213199996506, "max": 0.0017917780000061613, "mean": 0.0017227437999963514, "std": 4.591193795108941e-05, "repeat": 4, "number": 5}]}, "transform_coords.TransformCoords.time_wavelength_to_tof": {"result": [0.036493781000046965], "stats": [{"ci_99": [0.03488088768109652, 0.03833248581888552], "q_25": 0.03623580400002879, "q_75": 0.036864663750009186, "min": 0.03582973899995068, "max": 0.037609445999919444, "mean": 0.03660668674999101, "std": 0.0006451243380377861, "repeat": 4, "number": 1}]}}, "params": {"cpu": "2 Core CPU", "machine": "cloud-container", "os": "Ubuntu latest", "ram": "7GB", "python": "3.9", "appdirs": "", "cmake": "", "conan": "", "ess-dmsc::ess-streaming-data-types": "", "h5py": "", "ipykernel": "6.3.1", "ipympl": "", "ipywidgets": "", "mantid-framework": "", "matplotlib-base": "", "ninja": "", "numpy": "", "pip": "", "pooch": "", "python-configuration": "", "python-confluent-kafka": "", "pythreejs": "", "pyyaml": "", "scipp::scipp": "", "scipy": "", "tbb": ""}, "requirements": {"appdirs": "", "cmake": "", "conan": "", "ess-dmsc::ess-streaming-data-types": "", "h5py": "", "ipykernel": "6.3.1", "ipympl": "", "ipywidgets": "", "mantid-framework": "", "matplotlib-base": "", "ninja": "", "numpy": "", "pip": "", "pooch": "", "python-configuration": "", "python-confluent-kafka": "", "pythreejs": "", "pyyaml": "", "scipp::scipp": "", "scipy": "", "tbb": ""}, "commit_hash": "6cdafc42e9f876adc14efa754cf21dc707fa87de", "date": 1635311095000, "env_name": "conda-py3.9-appdirs-cmake-conan-ess-dmsc__ess-streaming-data-types-h5py-ipykernel6.3.1-ipympl-ipywidgets-mantid-framework-matplotlib-base-ninja-numpy-pip-pooch-python-configuration-python-confluent-kafka-pythreejs-pyyaml-scipp__scipp-scipy-tbb", "python": "3.9", "profiles": {}, "started_at": {"load_nexus.LoadNexus.time_load_event_nexus": 1635376308826, "transform_coords.TransformCoords.time_energy_to_tof": 1635376320310, "transform_coords.TransformCoords.time_tof_to_dspacing": 1635376338669, "transform_coords.TransformCoords.time_tof_to_energy": 1635376357173, "transform_coords.TransformCoords.time_tof_to_wavelength": 1635376376441, "transform_coords.TransformCoords.time_wavelength_to_tof": 1635376394742}, "ended_at": {"load_nexus.LoadNexus.time_load_event_nexus": 1635376320309, "transform_coords.TransformCoords.time_energy_to_tof": 1635376338669, "transform_coords.TransformCoords.time_tof_to_dspacing": 1635376357173, "transform_coords.TransformCoords.time_tof_to_energy": 1635376376441, "transform_coords.TransformCoords.time_tof_to_wavelength": 1635376394741, "transform_coords.TransformCoords.time_wavelength_to_tof": 1635376413104}, "benchmark_version": {"load_nexus.LoadNexus.time_load_event_nexus": "9bb61e37c240f4221eff71f827efb0f1cfb5371f7c6b0e72f79b9ca92578e5e9", "transform_coords.TransformCoords.time_energy_to_tof": "f1ea8beffb41e75997f96056160ef6dd12d9afb53546d00f7e0cb2b307a616bb", "transform_coords.TransformCoords.time_tof_to_dspacing": "76d3e8bdf45621127e026f90298e8f292d01ddb57cb7caf05a5ce555a659d8ac", "transform_coords.TransformCoords.time_tof_to_energy": "32774381c7e0285d159959187b4537339285cc2573292bc6b39f5edd04d4bc0b", "transform_coords.TransformCoords.time_tof_to_wavelength": "46879c3a68b31604accd5a00f4187eb567d166242d70d944aa010a5d6f8de380", "transform_coords.TransformCoords.time_wavelength_to_tof": "d4710ab73daad9eb187b2c50c320802720ae09b880a656f3ac5284d75fea178b"}, "version": 1}