{"results": {"load_nexus.LoadNexus.time_load_event_nexus": {"result": [4.786395727500121], "stats": [{"ci_99": [4.6093121547907545, 4.976454728709601], "q_25": 4.758680391249982, "q_75": 4.820598778000317, "min": 4.703347813000164, "max": 4.895394499000304, "mean": 4.7928834417501776, "std": 0.06852232254926544, "repeat": 4, "number": 1}]}, "transform_coords.TransformCoords.time_energy_to_tof": {"result": [0.001376925583334317], "stats": [{"ci_99": [0.0008489373595740028, 0.0035503779999999097], "q_25": 0.0013469751666737768, "q_75": 0.0014307762500228212, "min": 0.0013293498333647828, "max": 0.0035503779999999097, "mean": 0.0017365495277898745, "std": 0.0008120811896340439, "repeat": 6, "number": 6}]}, "transform_coords.TransformCoords.time_tof_to_dspacing": {"result": [0.036591607999980624], "stats": [{"ci_99": [0.0352646579899519, 0.03945129000021552], "q_25": 0.036233928750107225, "q_75": 0.03780782049989284, "min": 0.03604644899996856, "max": 0.03945129000021552, "mean": 0.03716814700002639, "std": 0.001236152728977413, "repeat": 6, "number": 1}]}, "transform_coords.TransformCoords.time_tof_to_energy": {"result": [0.2654446819997247], "stats": [{"ci_99": [0.2578319347125397, 0.27222380962067605], "q_25": 0.261071858250034, "q_75": 0.2689646634999008, "min": 0.2595403489999626, "max": 0.2699852790001387, "mean": 0.2650278721666079, "std": 0.004185371622738206, "repeat": 6, "number": 1}]}, "transform_coords.TransformCoords.time_tof_to_wavelength": {"result": [0.0013685421666499074], "stats": [{"ci_99": [0.0013113754695738983, 0.0015245856667055098], "q_25": 0.0013559754583335841, "q_75": 0.0013800588749859344, "min": 0.0013380503333640565, "max": 0.0015245856667055098, "mean": 0.0013892341111159112, "std": 6.215154480267207e-05, "repeat": 6, "number": 6}]}, "transform_coords.TransformCoords.time_wavelength_to_tof": {"result": [0.034379521000118984], "stats": [{"ci_99": [0.03327803352471934, 0.03669295800000327], "q_25": 0.03424453000025096, "q_75": 0.034779436999997415, "min": 0.03414642699999604, "max": 0.03669295800000327, "mean": 0.03484857460007333, "std": 0.0009470398665505472, "repeat": 5, "number": 1}]}}, "params": {"cpu": "2 Core CPU", "machine": "cloud-container", "os": "Ubuntu latest", "ram": "7GB", "python": "3.9", "appdirs": "", "cmake": "", "conan": "", "ess-dmsc::ess-streaming-data-types": "", "h5py": "", "ipykernel": "6.3.1", "ipympl": "", "ipywidgets": "", "mantid-framework": "", "matplotlib-base": "", "ninja": "", "numpy": "", "pip": "", "pooch": "", "python-configuration": "", "python-confluent-kafka": "", "pythreejs": "", "pyyaml": "", "scipp::scipp": "", "scipy": "", "tbb": ""}, "requirements": {"appdirs": "", "cmake": "", "conan": "", "ess-dmsc::ess-streaming-data-types": "", "h5py": "", "ipykernel": "6.3.1", "ipympl": "", "ipywidgets": "", "mantid-framework": "", "matplotlib-base": "", "ninja": "", "numpy": "", "pip": "", "pooch": "", "python-configuration": "", "python-confluent-kafka": "", "pythreejs": "", "pyyaml": "", "scipp::scipp": "", "scipy": "", "tbb": ""}, "commit_hash": "6cdafc42e9f876adc14efa754cf21dc707fa87de", "date": 1635311095000, "env_name": "conda-py3.9-appdirs-cmake-conan-ess-dmsc__ess-streaming-data-types-h5py-ipykernel6.3.1-ipympl-ipywidgets-mantid-framework-matplotlib-base-ninja-numpy-pip-pooch-python-configuration-python-confluent-kafka-pythreejs-pyyaml-scipp__scipp-scipy-tbb", "python": "3.9", "profiles": {}, "started_at": {"load_nexus.LoadNexus.time_load_event_nexus": 1635487889606, "transform_coords.TransformCoords.time_energy_to_tof": 1635487904703, "transform_coords.TransformCoords.time_tof_to_dspacing": 1635487924110, "transform_coords.TransformCoords.time_tof_to_energy": 1635487943422, "transform_coords.TransformCoords.time_tof_to_wavelength": 1635487963332, "transform_coords.TransformCoords.time_wavelength_to_tof": 1635487982498}, "ended_at": {"load_nexus.LoadNexus.time_load_event_nexus": 1635487904703, "transform_coords.TransformCoords.time_energy_to_tof": 1635487924110, "transform_coords.TransformCoords.time_tof_to_dspacing": 1635487943422, "transform_coords.TransformCoords.time_tof_to_energy": 1635487963331, "transform_coords.TransformCoords.time_tof_to_wavelength": 1635487982497, "transform_coords.TransformCoords.time_wavelength_to_tof": 1635488004364}, "benchmark_version": {"load_nexus.LoadNexus.time_load_event_nexus": "9bb61e37c240f4221eff71f827efb0f1cfb5371f7c6b0e72f79b9ca92578e5e9", "transform_coords.TransformCoords.time_energy_to_tof": "f1ea8beffb41e75997f96056160ef6dd12d9afb53546d00f7e0cb2b307a616bb", "transform_coords.TransformCoords.time_tof_to_dspacing": "76d3e8bdf45621127e026f90298e8f292d01ddb57cb7caf05a5ce555a659d8ac", "transform_coords.TransformCoords.time_tof_to_energy": "32774381c7e0285d159959187b4537339285cc2573292bc6b39f5edd04d4bc0b", "transform_coords.TransformCoords.time_tof_to_wavelength": "46879c3a68b31604accd5a00f4187eb567d166242d70d944aa010a5d6f8de380", "transform_coords.TransformCoords.time_wavelength_to_tof": "d4710ab73daad9eb187b2c50c320802720ae09b880a656f3ac5284d75fea178b"}, "version": 1}