{"results": {"load_nexus.LoadNexus.time_load_event_nexus": {"result": [5.02862062899996], "stats": [{"ci_99": [2.804442778999629, 7.252798479000289], "q_25": 5.0063788504999565, "q_75": 5.050862407499963, "min": 4.984137071999953, "max": 5.073104185999966, "mean": 5.02862062899996, "std": 0.04448355700000661, "repeat": 2, "number": 1}]}, "transform_coords.TransformCoords.time_energy_to_tof": {"result": [0.0014596091666684665], "stats": [{"ci_99": [0.0013311011666606494, 0.0015692165000018576], "q_25": 0.001432074291675652, "q_75": 0.001466780666667944, "min": 0.0013311011666606494, "max": 0.0015692165000018576, "mean": 0.0014519338611130982, "std": 7.012900690142434e-05, "repeat": 6, "number": 6}]}, "transform_coords.TransformCoords.time_tof_to_dspacing": {"result": [0.03726726700000427], "stats": [{"ci_99": [0.036461861641625216, 0.037974297691719915], "q_25": 0.03682401074999575, "q_75": 0.03754723550001415, "min": 0.036608523000040805, "max": 0.037848603999975694, "mean": 0.037218079666672566, "std": 0.00045554369372289286, "repeat": 6, "number": 1}]}, "transform_coords.TransformCoords.time_tof_to_energy": {"result": [0.28264226700002837], "stats": [{"ci_99": [0.2586941418188177, 0.29473694898117764], "q_25": 0.2681720589999941, "q_75": 0.28444186299998364, "min": 0.26374506599995584, "max": 0.2845764720000261, "mean": 0.2767155453999976, "std": 0.008920097256477801, "repeat": 5, "number": 1}]}, "transform_coords.TransformCoords.time_tof_to_wavelength": {"result": [0.0015122207499966103], "stats": [{"ci_99": [0.0014361308373402961, 0.0016434038333367578], "q_25": 0.0014845485416685733, "q_75": 0.0015532944583374804, "min": 0.0014677098333398437, "max": 0.0016434038333367578, "mean": 0.0015296442222244699, "std": 5.990223970239979e-05, "repeat": 6, "number": 6}]}, "transform_coords.TransformCoords.time_wavelength_to_tof": {"result": [0.03463049949999686], "stats": [{"ci_99": [0.03416466699991361, 0.0350624269999571], "q_25": 0.03454121874992211, "q_75": 0.034702003749970345, "min": 0.03416466699991361, "max": 0.0350624269999571, "mean": 0.03462089833328719, "std": 0.0002662738591950216, "repeat": 6, "number": 1}]}}, "params": {"cpu": "2 Core CPU", "machine": "cloud-container", "os": "Ubuntu latest", "ram": "7GB", "python": "3.9", "appdirs": "", "cmake": "", "conan": "", "ess-dmsc::ess-streaming-data-types": "", "h5py": "", "ipykernel": "6.3.1", "ipympl": "", "ipywidgets": "", "mantid-framework": "", "matplotlib-base": "", "ninja": "", "numpy": "", "pip": "", "pooch": "", "python-configuration": "", "python-confluent-kafka": "", "pythreejs": "", "pyyaml": "", "scipp::scipp": "", "scipy": "", "tbb": ""}, "requirements": {"appdirs": "", "cmake": "", "conan": "", "ess-dmsc::ess-streaming-data-types": "", "h5py": "", "ipykernel": "6.3.1", "ipympl": "", "ipywidgets": "", "mantid-framework": "", "matplotlib-base": "", "ninja": "", "numpy": "", "pip": "", "pooch": "", "python-configuration": "", "python-confluent-kafka": "", "pythreejs": "", "pyyaml": "", "scipp::scipp": "", "scipy": "", "tbb": ""}, "commit_hash": "6cdafc42e9f876adc14efa754cf21dc707fa87de", "date": 1635311095000, "env_name": "conda-py3.9-appdirs-cmake-conan-ess-dmsc__ess-streaming-data-types-h5py-ipykernel6.3.1-ipympl-ipywidgets-mantid-framework-matplotlib-base-ninja-numpy-pip-pooch-python-configuration-python-confluent-kafka-pythreejs-pyyaml-scipp__scipp-scipy-tbb", "python": "3.9", "profiles": {}, "started_at": {"load_nexus.LoadNexus.time_load_event_nexus": 1635388004344, "transform_coords.TransformCoords.time_energy_to_tof": 1635388014884, "transform_coords.TransformCoords.time_tof_to_dspacing": 1635388034496, "transform_coords.TransformCoords.time_tof_to_energy": 1635388054157, "transform_coords.TransformCoords.time_tof_to_wavelength": 1635388070057, "transform_coords.TransformCoords.time_wavelength_to_tof": 1635388090072}, "ended_at": {"load_nexus.LoadNexus.time_load_event_nexus": 1635388014883, "transform_coords.TransformCoords.time_energy_to_tof": 1635388034495, "transform_coords.TransformCoords.time_tof_to_dspacing": 1635388054156, "transform_coords.TransformCoords.time_tof_to_energy": 1635388070056, "transform_coords.TransformCoords.time_tof_to_wavelength": 1635388090071, "transform_coords.TransformCoords.time_wavelength_to_tof": 1635388110338}, "benchmark_version": {"load_nexus.LoadNexus.time_load_event_nexus": "9bb61e37c240f4221eff71f827efb0f1cfb5371f7c6b0e72f79b9ca92578e5e9", "transform_coords.TransformCoords.time_energy_to_tof": "f1ea8beffb41e75997f96056160ef6dd12d9afb53546d00f7e0cb2b307a616bb", "transform_coords.TransformCoords.time_tof_to_dspacing": "76d3e8bdf45621127e026f90298e8f292d01ddb57cb7caf05a5ce555a659d8ac", "transform_coords.TransformCoords.time_tof_to_energy": "32774381c7e0285d159959187b4537339285cc2573292bc6b39f5edd04d4bc0b", "transform_coords.TransformCoords.time_tof_to_wavelength": "46879c3a68b31604accd5a00f4187eb567d166242d70d944aa010a5d6f8de380", "transform_coords.TransformCoords.time_wavelength_to_tof": "d4710ab73daad9eb187b2c50c320802720ae09b880a656f3ac5284d75fea178b"}, "version": 1}