{"results": {"load_nexus.LoadNexus.time_load_event_nexus": {"result": [6.169379616499953], "stats": [{"ci_99": [-16.282069208503742, 28.62082844150363], "q_25": 5.944865128249916, "q_75": 6.3938941047499895, "min": 5.720350639999879, "max": 6.6184085930000265, "mean": 6.169379616499953, "std": 0.4490289765000739, "repeat": 2, "number": 1}]}, "transform_coords.TransformCoords.time_energy_to_tof": {"result": [0.001947226999997535], "stats": [{"ci_99": [-0.004241862600875783, 0.009279412267543216], "q_25": 0.001659231916666689, "q_75": 0.003092543833332684, "min": 0.0013712368333358427, "max": 0.0042378606666678325, "mean": 0.0025187748333337368, "std": 0.0012381123386834298, "repeat": 3, "number": 6}]}, "transform_coords.TransformCoords.time_tof_to_dspacing": {"result": [0.03855594900005599], "stats": [{"ci_99": [0.013466743985576114, 0.07802459251452255], "q_25": 0.03769269675007081, "q_75": 0.0466089205000344, "min": 0.03663141600009112, "max": 0.06923935899999378, "mean": 0.04574566825004922, "std": 0.013591600247151317, "repeat": 4, "number": 1}]}, "transform_coords.TransformCoords.time_tof_to_energy": {"result": [0.26055480400003717], "stats": [{"ci_99": [0.25893835785660246, 0.2623699911433779], "q_25": 0.2602809724999702, "q_75": 0.26092800600005717, "min": 0.25987438399988605, "max": 0.2616327060000003, "mean": 0.2606541744999902, "std": 0.0006371030135535631, "repeat": 4, "number": 1}]}, "transform_coords.TransformCoords.time_tof_to_wavelength": {"result": [0.001360527250000132], "stats": [{"ci_99": [-0.0001797921368125795, 0.003894502053477157], "q_25": 0.0013548103750006628, "q_75": 0.0018630718333317495, "min": 0.0013502354999938386, "max": 0.0033581298333350182, "mean": 0.0018573549583322804, "std": 0.0008664880348753727, "repeat": 4, "number": 6}]}, "transform_coords.TransformCoords.time_wavelength_to_tof": {"result": [0.05791863499985084], "stats": [{"ci_99": [0.008759982632900502, 0.10612063536678776], "q_25": 0.04179794624985789, "q_75": 0.07356099774983704, "min": 0.038953532999812523, "max": 0.07497043299986217, "mean": 0.05744030899984409, "std": 0.016657853504801978, "repeat": 4, "number": 1}]}}, "params": {"cpu": "2 Core CPU", "machine": "cloud-container", "os": "Ubuntu latest", "ram": "7GB", "python": "3.9", "appdirs": "", "cmake": "", "conan": "", "ess-dmsc::ess-streaming-data-types": "", "h5py": "", "ipykernel": "6.3.1", "ipympl": "", "ipywidgets": "", "mantid-framework": "", "matplotlib-base": "", "ninja": "", "numpy": "", "pip": "", "pooch": "", "python-configuration": "", "python-confluent-kafka": "", "pythreejs": "", "pyyaml": "", "scipp::scipp": "", "scipy": "", "tbb": ""}, "requirements": {"appdirs": "", "cmake": "", "conan": "", "ess-dmsc::ess-streaming-data-types": "", "h5py": "", "ipykernel": "6.3.1", "ipympl": "", "ipywidgets": "", "mantid-framework": "", "matplotlib-base": "", "ninja": "", "numpy": "", "pip": "", "pooch": "", "python-configuration": "", "python-confluent-kafka": "", "pythreejs": "", "pyyaml": "", "scipp::scipp": "", "scipy": "", "tbb": ""}, "commit_hash": "6cdafc42e9f876adc14efa754cf21dc707fa87de", "date": 1635311095000, "env_name": "conda-py3.9-appdirs-cmake-conan-ess-dmsc__ess-streaming-data-types-h5py-ipykernel6.3.1-ipympl-ipywidgets-mantid-framework-matplotlib-base-ninja-numpy-pip-pooch-python-configuration-python-confluent-kafka-pythreejs-pyyaml-scipp__scipp-scipy-tbb", "python": "3.9", "profiles": {}, "started_at": {"load_nexus.LoadNexus.time_load_event_nexus": 1635337045326, "transform_coords.TransformCoords.time_energy_to_tof": 1635337059734, "transform_coords.TransformCoords.time_tof_to_dspacing": 1635337076552, "transform_coords.TransformCoords.time_tof_to_energy": 1635337102440, "transform_coords.TransformCoords.time_tof_to_wavelength": 1635337124572, "transform_coords.TransformCoords.time_wavelength_to_tof": 1635337149623}, "ended_at": {"load_nexus.LoadNexus.time_load_event_nexus": 1635337059733, "transform_coords.TransformCoords.time_energy_to_tof": 1635337076552, "transform_coords.TransformCoords.time_tof_to_dspacing": 1635337102439, "transform_coords.TransformCoords.time_tof_to_energy": 1635337124571, "transform_coords.TransformCoords.time_tof_to_wavelength": 1635337149623, "transform_coords.TransformCoords.time_wavelength_to_tof": 1635337168598}, "benchmark_version": {"load_nexus.LoadNexus.time_load_event_nexus": "9bb61e37c240f4221eff71f827efb0f1cfb5371f7c6b0e72f79b9ca92578e5e9", "transform_coords.TransformCoords.time_energy_to_tof": "f1ea8beffb41e75997f96056160ef6dd12d9afb53546d00f7e0cb2b307a616bb", "transform_coords.TransformCoords.time_tof_to_dspacing": "76d3e8bdf45621127e026f90298e8f292d01ddb57cb7caf05a5ce555a659d8ac", "transform_coords.TransformCoords.time_tof_to_energy": "32774381c7e0285d159959187b4537339285cc2573292bc6b39f5edd04d4bc0b", "transform_coords.TransformCoords.time_tof_to_wavelength": "46879c3a68b31604accd5a00f4187eb567d166242d70d944aa010a5d6f8de380", "transform_coords.TransformCoords.time_wavelength_to_tof": "d4710ab73daad9eb187b2c50c320802720ae09b880a656f3ac5284d75fea178b"}, "version": 1}