{"results": {"load_nexus.LoadNexus.time_load_event_nexus": {"result": [4.63040881850003], "stats": [{"ci_99": [4.544338246563065, 4.742841170436911], "q_25": 4.619820256000025, "q_75": 4.654178270999992, "min": 4.6056816729999355, "max": 4.707859523999957, "mean": 4.643589708499988, "std": 0.038678636863548235, "repeat": 4, "number": 1}]}, "transform_coords.TransformCoords.time_energy_to_tof": {"result": [0.0013318429999931898], "stats": [{"ci_99": [0.0006981220228429372, 0.0030680575000019417], "q_25": 0.0013230260833315317, "q_75": 0.002383448666660589, "min": 0.0013156343333283378, "max": 0.0030680575000019417, "mean": 0.001850241472218449, "std": 0.0007486846059380214, "repeat": 6, "number": 6}]}, "transform_coords.TransformCoords.time_tof_to_dspacing": {"result": [0.0338876570000366], "stats": [{"ci_99": [0.0310682647425541, 0.04462020100004338], "q_25": 0.033636779999994815, "q_75": 0.03447648999998876, "min": 0.03330214999994041, "max": 0.04462020100004338, "mean": 0.03565393116666845, "std": 0.004030928504059797, "repeat": 6, "number": 1}]}, "transform_coords.TransformCoords.time_tof_to_energy": {"result": [0.2542986745000064], "stats": [{"ci_99": [0.2535909970990818, 0.25510531800000535], "q_25": 0.25400952249998454, "q_75": 0.2546185922499973, "min": 0.2537356010000167, "max": 0.25510531800000535, "mean": 0.2543461063333344, "std": 0.00045844218921144717, "repeat": 6, "number": 1}]}, "transform_coords.TransformCoords.time_tof_to_wavelength": {"result": [0.001332743333335884], "stats": [{"ci_99": [0.0013107676640458504, 0.001352101835954092], "q_25": 0.0013213054166622367, "q_75": 0.0013427932500083746, "min": 0.001315734499996779, "max": 0.0013437513333277213, "mean": 0.0013314347499999712, "std": 1.1852776402509625e-05, "repeat": 6, "number": 6}]}, "transform_coords.TransformCoords.time_wavelength_to_tof": {"result": [0.03153537899999037], "stats": [{"ci_99": [0.03127092700003686, 0.03183812800000396], "q_25": 0.03148175100002959, "q_75": 0.03163805175003631, "min": 0.03127092700003686, "max": 0.03183812800000396, "mean": 0.031552660666685974, "std": 0.00017392322032056914, "repeat": 6, "number": 1}]}}, "params": {"cpu": "2 Core CPU", "machine": "cloud-container", "os": "Ubuntu latest", "ram": "7GB", "python": "3.9", "appdirs": "", "cmake": "", "conan": "", "ess-dmsc::ess-streaming-data-types": "", "h5py": "", "ipykernel": "6.3.1", "ipympl": "", "ipywidgets": "", "mantid-framework": "", "matplotlib-base": "", "ninja": "", "numpy": "", "pip": "", "pooch": "", "python-configuration": "", "python-confluent-kafka": "", "pythreejs": "", "pyyaml": "", "scipp::scipp": "", "scipy": "", "tbb": ""}, "requirements": {"appdirs": "", "cmake": "", "conan": "", "ess-dmsc::ess-streaming-data-types": "", "h5py": "", "ipykernel": "6.3.1", "ipympl": "", "ipywidgets": "", "mantid-framework": "", "matplotlib-base": "", "ninja": "", "numpy": "", "pip": "", "pooch": "", "python-configuration": "", "python-confluent-kafka": "", "pythreejs": "", "pyyaml": "", "scipp::scipp": "", "scipy": "", "tbb": ""}, "commit_hash": "6cdafc42e9f876adc14efa754cf21dc707fa87de", "date": 1635311095000, "env_name": "conda-py3.9-appdirs-cmake-conan-ess-dmsc__ess-streaming-data-types-h5py-ipykernel6.3.1-ipympl-ipywidgets-mantid-framework-matplotlib-base-ninja-numpy-pip-pooch-python-configuration-python-confluent-kafka-pythreejs-pyyaml-scipp__scipp-scipy-tbb", "python": "3.9", "profiles": {}, "started_at": {"load_nexus.LoadNexus.time_load_event_nexus": 1635325821437, "transform_coords.TransformCoords.time_energy_to_tof": 1635325835991, "transform_coords.TransformCoords.time_tof_to_dspacing": 1635325854593, "transform_coords.TransformCoords.time_tof_to_energy": 1635325873296, "transform_coords.TransformCoords.time_tof_to_wavelength": 1635325892801, "transform_coords.TransformCoords.time_wavelength_to_tof": 1635325911403}, "ended_at": {"load_nexus.LoadNexus.time_load_event_nexus": 1635325835990, "transform_coords.TransformCoords.time_energy_to_tof": 1635325854593, "transform_coords.TransformCoords.time_tof_to_dspacing": 1635325873296, "transform_coords.TransformCoords.time_tof_to_energy": 1635325892801, "transform_coords.TransformCoords.time_tof_to_wavelength": 1635325911402, "transform_coords.TransformCoords.time_wavelength_to_tof": 1635325930154}, "benchmark_version": {"load_nexus.LoadNexus.time_load_event_nexus": "9bb61e37c240f4221eff71f827efb0f1cfb5371f7c6b0e72f79b9ca92578e5e9", "transform_coords.TransformCoords.time_energy_to_tof": "f1ea8beffb41e75997f96056160ef6dd12d9afb53546d00f7e0cb2b307a616bb", "transform_coords.TransformCoords.time_tof_to_dspacing": "76d3e8bdf45621127e026f90298e8f292d01ddb57cb7caf05a5ce555a659d8ac", "transform_coords.TransformCoords.time_tof_to_energy": "32774381c7e0285d159959187b4537339285cc2573292bc6b39f5edd04d4bc0b", "transform_coords.TransformCoords.time_tof_to_wavelength": "46879c3a68b31604accd5a00f4187eb567d166242d70d944aa010a5d6f8de380", "transform_coords.TransformCoords.time_wavelength_to_tof": "d4710ab73daad9eb187b2c50c320802720ae09b880a656f3ac5284d75fea178b"}, "version": 1}