{"results": {"load_nexus.LoadNexus.time_load_event_nexus": {"result": [4.732200959500005], "stats": [{"ci_99": [4.556331370617975, 4.918850589882036], "q_25": 4.707461141750002, "q_75": 4.762330798000008, "min": 4.647125000000017, "max": 4.838837001999991, "mean": 4.737590980250005, "std": 0.0680730998077843, "repeat": 4, "number": 1}]}, "transform_coords.TransformCoords.time_energy_to_tof": {"result": [0.0013547092500042859], "stats": [{"ci_99": [0.0013241788190182973, 0.0014126686666694848], "q_25": 0.001346992708332569, "q_75": 0.0013642134166644837, "min": 0.0013308175000001181, "max": 0.0014126686666694848, "mean": 0.0013607844444452316, "std": 2.5695569102554762e-05, "repeat": 6, "number": 6}]}, "transform_coords.TransformCoords.time_tof_to_dspacing": {"result": [0.03648657799999455], "stats": [{"ci_99": [0.0355636650000406, 0.03757539200000792], "q_25": 0.03626867449997917, "q_75": 0.0367629822499822, "min": 0.0355636650000406, "max": 0.03757539200000792, "mean": 0.03652722833333163, "std": 0.0006091401992639154, "repeat": 6, "number": 1}]}, "transform_coords.TransformCoords.time_tof_to_energy": {"result": [0.2552981505000389], "stats": [{"ci_99": [0.24262456004278607, 0.2651469466238947], "q_25": 0.24761252074998197, "q_75": 0.2597761142500161, "min": 0.24532948199998827, "max": 0.2610693240000046, "mean": 0.25388575333334035, "std": 0.006511717310620515, "repeat": 6, "number": 1}]}, "transform_coords.TransformCoords.time_tof_to_wavelength": {"result": [0.0013518677500030662], "stats": [{"ci_99": [0.0013455667917060708, 0.0013593131527460378], "q_25": 0.0013492009999964694, "q_75": 0.001355497000005812, "min": 0.001347134333334073, "max": 0.0013587511666817893, "mean": 0.0013524399722260542, "std": 4.094048268474147e-06, "repeat": 6, "number": 6}]}, "transform_coords.TransformCoords.time_wavelength_to_tof": {"result": [0.03437149650005722], "stats": [{"ci_99": [0.03378640998293672, 0.03484811035040118], "q_25": 0.03410544574998653, "q_75": 0.03456478600000423, "min": 0.03379153599996698, "max": 0.03472305399998277, "mean": 0.03431726016666895, "std": 0.0003206933596074424, "repeat": 6, "number": 1}]}}, "params": {"cpu": "2 Core CPU", "machine": "cloud-container", "os": "Ubuntu latest", "ram": "7GB", "python": "3.9", "appdirs": "", "cmake": "", "conan": "", "ess-dmsc::ess-streaming-data-types": "", "h5py": "", "ipykernel": "6.3.1", "ipympl": "", "ipywidgets": "", "mantid-framework": "", "matplotlib-base": "", "ninja": "", "numpy": "", "pip": "", "pooch": "", "python-configuration": "", "python-confluent-kafka": "", "pythreejs": "", "pyyaml": "", "scipp::scipp": "", "scipy": "", "tbb": ""}, "requirements": {"appdirs": "", "cmake": "", "conan": "", "ess-dmsc::ess-streaming-data-types": "", "h5py": "", "ipykernel": "6.3.1", "ipympl": "", "ipywidgets": "", "mantid-framework": "", "matplotlib-base": "", "ninja": "", "numpy": "", "pip": "", "pooch": "", "python-configuration": "", "python-confluent-kafka": "", "pythreejs": "", "pyyaml": "", "scipp::scipp": "", "scipy": "", "tbb": ""}, "commit_hash": "6cdafc42e9f876adc14efa754cf21dc707fa87de", "date": 1635311095000, "env_name": "conda-py3.9-appdirs-cmake-conan-ess-dmsc__ess-streaming-data-types-h5py-ipykernel6.3.1-ipympl-ipywidgets-mantid-framework-matplotlib-base-ninja-numpy-pip-pooch-python-configuration-python-confluent-kafka-pythreejs-pyyaml-scipp__scipp-scipy-tbb", "python": "3.9", "profiles": {}, "started_at": {"load_nexus.LoadNexus.time_load_event_nexus": 1635462629777, "transform_coords.TransformCoords.time_energy_to_tof": 1635462644625, "transform_coords.TransformCoords.time_tof_to_dspacing": 1635462663328, "transform_coords.TransformCoords.time_tof_to_energy": 1635462681276, "transform_coords.TransformCoords.time_tof_to_wavelength": 1635462699576, "transform_coords.TransformCoords.time_wavelength_to_tof": 1635462717776}, "ended_at": {"load_nexus.LoadNexus.time_load_event_nexus": 1635462644624, "transform_coords.TransformCoords.time_energy_to_tof": 1635462663328, "transform_coords.TransformCoords.time_tof_to_dspacing": 1635462681276, "transform_coords.TransformCoords.time_tof_to_energy": 1635462699576, "transform_coords.TransformCoords.time_tof_to_wavelength": 1635462717776, "transform_coords.TransformCoords.time_wavelength_to_tof": 1635462736577}, "benchmark_version": {"load_nexus.LoadNexus.time_load_event_nexus": "9bb61e37c240f4221eff71f827efb0f1cfb5371f7c6b0e72f79b9ca92578e5e9", "transform_coords.TransformCoords.time_energy_to_tof": "f1ea8beffb41e75997f96056160ef6dd12d9afb53546d00f7e0cb2b307a616bb", "transform_coords.TransformCoords.time_tof_to_dspacing": "76d3e8bdf45621127e026f90298e8f292d01ddb57cb7caf05a5ce555a659d8ac", "transform_coords.TransformCoords.time_tof_to_energy": "32774381c7e0285d159959187b4537339285cc2573292bc6b39f5edd04d4bc0b", "transform_coords.TransformCoords.time_tof_to_wavelength": "46879c3a68b31604accd5a00f4187eb567d166242d70d944aa010a5d6f8de380", "transform_coords.TransformCoords.time_wavelength_to_tof": "d4710ab73daad9eb187b2c50c320802720ae09b880a656f3ac5284d75fea178b"}, "version": 1}