{"results": {"load_nexus.LoadNexus.time_load_event_nexus": {"result": [5.567652023000022], "stats": [{"ci_99": [-3.3996276770005522, 14.53493172300059], "q_25": 5.477979226000016, "q_75": 5.657324820000028, "min": 5.388306429000011, "max": 5.746997617000034, "mean": 5.567652023000022, "std": 0.1793455940000115, "repeat": 2, "number": 1}]}, "transform_coords.TransformCoords.time_energy_to_tof": {"result": [0.0018145057999959136], "stats": [{"ci_99": [0.0014501685721406386, 0.0021862126278527254], "q_25": 0.0017287071999930958, "q_75": 0.001903989199999501, "min": 0.0016465486000015518, "max": 0.001997202199993353, "mean": 0.0018181905999966829, "std": 0.00013072614653027975, "repeat": 4, "number": 5}]}, "transform_coords.TransformCoords.time_tof_to_dspacing": {"result": [0.04063000350001289], "stats": [{"ci_99": [0.034094925421266215, 0.048358797078782115], "q_25": 0.03958198975003313, "q_75": 0.04227487500000393, "min": 0.038180737000061526, "max": 0.04546670100000938, "mean": 0.04122686125002417, "std": 0.002675936778362749, "repeat": 4, "number": 1}]}, "transform_coords.TransformCoords.time_tof_to_energy": {"result": [0.3348497899999643], "stats": [{"ci_99": [0.3190134583759199, 0.3509303636240735], "q_25": 0.33058776574995363, "q_75": 0.33923393525000733, "min": 0.32801713100002416, "max": 0.342170933000034, "mean": 0.3349719109999967, "std": 0.005554609532753719, "repeat": 4, "number": 1}]}, "transform_coords.TransformCoords.time_tof_to_wavelength": {"result": [0.0017076614999950836], "stats": [{"ci_99": [0.0015869857328463495, 0.0018396676671462245], "q_25": 0.00168777554999906, "q_75": 0.0017332126499923109, "min": 0.0016535892000092644, "max": 0.0017843945999857168, "mean": 0.0017133266999962873, "std": 4.6977604973526686e-05, "repeat": 4, "number": 5}]}, "transform_coords.TransformCoords.time_wavelength_to_tof": {"result": [0.03705209900005002], "stats": [{"ci_99": [0.03399120458876231, 0.040494955911281445], "q_25": 0.03635804475004534, "q_75": 0.03793713450002656, "min": 0.0359056980000787, "max": 0.03896242499990876, "mean": 0.037243080250021876, "std": 0.0011627525810668665, "repeat": 4, "number": 1}]}}, "params": {"cpu": "2 Core CPU", "machine": "cloud-container", "os": "Ubuntu latest", "ram": "7GB", "python": "3.9", "appdirs": "", "cmake": "", "conan": "", "ess-dmsc::ess-streaming-data-types": "", "h5py": "", "ipykernel": "6.3.1", "ipympl": "", "ipywidgets": "", "mantid-framework": "", "matplotlib-base": "", "ninja": "", "numpy": "", "pip": "", "pooch": "", "python-configuration": "", "python-confluent-kafka": "", "pythreejs": "", "pyyaml": "", "scipp::scipp": "", "scipy": "", "tbb": ""}, "requirements": {"appdirs": "", "cmake": "", "conan": "", "ess-dmsc::ess-streaming-data-types": "", "h5py": "", "ipykernel": "6.3.1", "ipympl": "", "ipywidgets": "", "mantid-framework": "", "matplotlib-base": "", "ninja": "", "numpy": "", "pip": "", "pooch": "", "python-configuration": "", "python-confluent-kafka": "", "pythreejs": "", "pyyaml": "", "scipp::scipp": "", "scipy": "", "tbb": ""}, "commit_hash": "6cdafc42e9f876adc14efa754cf21dc707fa87de", "date": 1635311095000, "env_name": "conda-py3.9-appdirs-cmake-conan-ess-dmsc__ess-streaming-data-types-h5py-ipykernel6.3.1-ipympl-ipywidgets-mantid-framework-matplotlib-base-ninja-numpy-pip-pooch-python-configuration-python-confluent-kafka-pythreejs-pyyaml-scipp__scipp-scipy-tbb", "python": "3.9", "profiles": {}, "started_at": {"load_nexus.LoadNexus.time_load_event_nexus": 1635380716573, "transform_coords.TransformCoords.time_energy_to_tof": 1635380728528, "transform_coords.TransformCoords.time_tof_to_dspacing": 1635380746993, "transform_coords.TransformCoords.time_tof_to_energy": 1635380765500, "transform_coords.TransformCoords.time_tof_to_wavelength": 1635380785169, "transform_coords.TransformCoords.time_wavelength_to_tof": 1635380804045}, "ended_at": {"load_nexus.LoadNexus.time_load_event_nexus": 1635380728527, "transform_coords.TransformCoords.time_energy_to_tof": 1635380746992, "transform_coords.TransformCoords.time_tof_to_dspacing": 1635380765499, "transform_coords.TransformCoords.time_tof_to_energy": 1635380785168, "transform_coords.TransformCoords.time_tof_to_wavelength": 1635380804045, "transform_coords.TransformCoords.time_wavelength_to_tof": 1635380822656}, "benchmark_version": {"load_nexus.LoadNexus.time_load_event_nexus": "9bb61e37c240f4221eff71f827efb0f1cfb5371f7c6b0e72f79b9ca92578e5e9", "transform_coords.TransformCoords.time_energy_to_tof": "f1ea8beffb41e75997f96056160ef6dd12d9afb53546d00f7e0cb2b307a616bb", "transform_coords.TransformCoords.time_tof_to_dspacing": "76d3e8bdf45621127e026f90298e8f292d01ddb57cb7caf05a5ce555a659d8ac", "transform_coords.TransformCoords.time_tof_to_energy": "32774381c7e0285d159959187b4537339285cc2573292bc6b39f5edd04d4bc0b", "transform_coords.TransformCoords.time_tof_to_wavelength": "46879c3a68b31604accd5a00f4187eb567d166242d70d944aa010a5d6f8de380", "transform_coords.TransformCoords.time_wavelength_to_tof": "d4710ab73daad9eb187b2c50c320802720ae09b880a656f3ac5284d75fea178b"}, "version": 1}