{"results": {"load_nexus.LoadNexus.time_load_event_nexus": {"result": [4.39760286500001], "stats": [{"ci_99": [4.054546728854859, 4.904326783145166], "q_25": 4.365579443999977, "q_75": 4.511460177000046, "min": 4.347676067999998, "max": 4.774865226000031, "mean": 4.479436756000013, "std": 0.17276445151301023, "repeat": 4, "number": 1}]}, "transform_coords.TransformCoords.time_energy_to_tof": {"result": [0.0013569344166626252], "stats": [{"ci_99": [0.0011893375440795997, 0.0016511616666624225], "q_25": 0.0012899632499975648, "q_75": 0.0014304932083367323, "min": 0.001253975499992066, "max": 0.0016511616666624225, "mean": 0.0013902763888861752, "std": 0.00013350100681833104, "repeat": 6, "number": 6}]}, "transform_coords.TransformCoords.time_tof_to_dspacing": {"result": [0.03644415500002651], "stats": [{"ci_99": [0.03558831226585865, 0.03726043106746086], "q_25": 0.03596270149995462, "q_75": 0.03684558274997585, "min": 0.03584835200001635, "max": 0.037027958999999555, "mean": 0.03642437166665976, "std": 0.0004797948675908923, "repeat": 6, "number": 1}]}, "transform_coords.TransformCoords.time_tof_to_energy": {"result": [0.2346934855000029], "stats": [{"ci_99": [0.22367923218137334, 0.26200045615199913], "q_25": 0.23369970374999127, "q_75": 0.2535689652500537, "min": 0.23361843300000373, "max": 0.2608044260000497, "mean": 0.24283984416668622, "std": 0.012282902550229065, "repeat": 6, "number": 1}]}, "transform_coords.TransformCoords.time_tof_to_wavelength": {"result": [0.001370734583337215], "stats": [{"ci_99": [0.0011951920144708953, 0.001490971207751254], "q_25": 0.0012642588750064003, "q_75": 0.0013931347916695813, "min": 0.00121600849998534, "max": 0.0014716434999968442, "mean": 0.0013430816111110744, "std": 9.130205304652877e-05, "repeat": 6, "number": 6}]}, "transform_coords.TransformCoords.time_wavelength_to_tof": {"result": [0.03370538500001885], "stats": [{"ci_99": [0.033187726917967675, 0.034219743748707655], "q_25": 0.033418484250006486, "q_75": 0.033974286499983464, "min": 0.033357032000026265, "max": 0.034067838999988, "mean": 0.03370373533333767, "std": 0.00029551466009424026, "repeat": 6, "number": 1}]}}, "params": {"cpu": "2 Core CPU", "machine": "cloud-container", "os": "Ubuntu latest", "ram": "7GB", "python": "3.9", "appdirs": "", "cmake": "", "conan": "", "ess-dmsc::ess-streaming-data-types": "", "h5py": "", "ipykernel": "6.3.1", "ipympl": "", "ipywidgets": "", "mantid-framework": "", "matplotlib-base": "", "ninja": "", "numpy": "", "pip": "", "pooch": "", "python-configuration": "", "python-confluent-kafka": "", "pythreejs": "", "pyyaml": "", "scipp::scipp": "", "scipy": "", "tbb": ""}, "requirements": {"appdirs": "", "cmake": "", "conan": "", "ess-dmsc::ess-streaming-data-types": "", "h5py": "", "ipykernel": "6.3.1", "ipympl": "", "ipywidgets": "", "mantid-framework": "", "matplotlib-base": "", "ninja": "", "numpy": "", "pip": "", "pooch": "", "python-configuration": "", "python-confluent-kafka": "", "pythreejs": "", "pyyaml": "", "scipp::scipp": "", "scipy": "", "tbb": ""}, "commit_hash": "6cdafc42e9f876adc14efa754cf21dc707fa87de", "date": 1635311095000, "env_name": "conda-py3.9-appdirs-cmake-conan-ess-dmsc__ess-streaming-data-types-h5py-ipykernel6.3.1-ipympl-ipywidgets-mantid-framework-matplotlib-base-ninja-numpy-pip-pooch-python-configuration-python-confluent-kafka-pythreejs-pyyaml-scipp__scipp-scipy-tbb", "python": "3.9", "profiles": {}, "started_at": {"load_nexus.LoadNexus.time_load_event_nexus": 1635343849333, "transform_coords.TransformCoords.time_energy_to_tof": 1635343863124, "transform_coords.TransformCoords.time_tof_to_dspacing": 1635343881473, "transform_coords.TransformCoords.time_tof_to_energy": 1635343899669, "transform_coords.TransformCoords.time_tof_to_wavelength": 1635343918669, "transform_coords.TransformCoords.time_wavelength_to_tof": 1635343936416}, "ended_at": {"load_nexus.LoadNexus.time_load_event_nexus": 1635343863123, "transform_coords.TransformCoords.time_energy_to_tof": 1635343881472, "transform_coords.TransformCoords.time_tof_to_dspacing": 1635343899669, "transform_coords.TransformCoords.time_tof_to_energy": 1635343918668, "transform_coords.TransformCoords.time_tof_to_wavelength": 1635343936416, "transform_coords.TransformCoords.time_wavelength_to_tof": 1635343954262}, "benchmark_version": {"load_nexus.LoadNexus.time_load_event_nexus": "9bb61e37c240f4221eff71f827efb0f1cfb5371f7c6b0e72f79b9ca92578e5e9", "transform_coords.TransformCoords.time_energy_to_tof": "f1ea8beffb41e75997f96056160ef6dd12d9afb53546d00f7e0cb2b307a616bb", "transform_coords.TransformCoords.time_tof_to_dspacing": "76d3e8bdf45621127e026f90298e8f292d01ddb57cb7caf05a5ce555a659d8ac", "transform_coords.TransformCoords.time_tof_to_energy": "32774381c7e0285d159959187b4537339285cc2573292bc6b39f5edd04d4bc0b", "transform_coords.TransformCoords.time_tof_to_wavelength": "46879c3a68b31604accd5a00f4187eb567d166242d70d944aa010a5d6f8de380", "transform_coords.TransformCoords.time_wavelength_to_tof": "d4710ab73daad9eb187b2c50c320802720ae09b880a656f3ac5284d75fea178b"}, "version": 1}