{"results": {"load_nexus.LoadNexus.time_load_event_nexus": {"result": [4.7822778270000015], "stats": [{"ci_99": [4.5443709124644265, 4.97315798703558], "q_25": 4.717790112749981, "q_75": 4.823252164000024, "min": 4.636658807999993, "max": 4.833843337000019, "mean": 4.758764449750004, "std": 0.07819284344073542, "repeat": 4, "number": 1}]}, "transform_coords.TransformCoords.time_energy_to_tof": {"result": [0.0013577152499995766], "stats": [{"ci_99": [0.001325320602086179, 0.001401344120131541], "q_25": 0.0013471612500003023, "q_75": 0.0013794452499998517, "min": 0.0013341321666568244, "max": 0.0014000996666633607, "mean": 0.00136333236110886, "std": 2.2865864688302445e-05, "repeat": 6, "number": 6}]}, "transform_coords.TransformCoords.time_tof_to_dspacing": {"result": [0.037027429999994865], "stats": [{"ci_99": [0.03644506376204353, 0.037799438999968515], "q_25": 0.03676215299995533, "q_75": 0.03717173199994761, "min": 0.036576824000007946, "max": 0.037799438999968515, "mean": 0.0370541138333067, "std": 0.0003970068343941283, "repeat": 6, "number": 1}]}, "transform_coords.TransformCoords.time_tof_to_energy": {"result": [0.2599073780000083], "stats": [{"ci_99": [0.25942422855827285, 0.26062329399997], "q_25": 0.2596816177499335, "q_75": 0.260121422500049, "min": 0.2596400150000022, "max": 0.26062329399997, "mean": 0.25997953333332663, "std": 0.00034783195263327933, "repeat": 6, "number": 1}]}, "transform_coords.TransformCoords.time_tof_to_wavelength": {"result": [0.0013573991666646634], "stats": [{"ci_99": [0.001342032333335889, 0.0013641056065724552], "q_25": 0.0013491530833249499, "q_75": 0.0013583324999970614, "min": 0.001342032333335889, "max": 0.0013596493333333608, "mean": 0.0013535879999974694, "std": 6.780144101864935e-06, "repeat": 6, "number": 6}]}, "transform_coords.TransformCoords.time_wavelength_to_tof": {"result": [0.03485981250000236], "stats": [{"ci_99": [0.034275598000022, 0.03515083963794093], "q_25": 0.03471248474998845, "q_75": 0.03495073275003335, "min": 0.034275598000022, "max": 0.03502940700002455, "mean": 0.0347781741666798, "std": 0.00025136270483403384, "repeat": 6, "number": 1}]}}, "params": {"cpu": "2 Core CPU", "machine": "cloud-container", "os": "Ubuntu latest", "ram": "7GB", "python": "3.9", "appdirs": "", "cmake": "", "conan": "", "ess-dmsc::ess-streaming-data-types": "", "h5py": "", "ipykernel": "6.3.1", "ipympl": "", "ipywidgets": "", "mantid-framework": "", "matplotlib-base": "", "ninja": "", "numpy": "", "pip": "", "pooch": "", "python-configuration": "", "python-confluent-kafka": "", "pythreejs": "", "pyyaml": "", "scipp::scipp": "", "scipy": "", "tbb": ""}, "requirements": {"appdirs": "", "cmake": "", "conan": "", "ess-dmsc::ess-streaming-data-types": "", "h5py": "", "ipykernel": "6.3.1", "ipympl": "", "ipywidgets": "", "mantid-framework": "", "matplotlib-base": "", "ninja": "", "numpy": "", "pip": "", "pooch": "", "python-configuration": "", "python-confluent-kafka": "", "pythreejs": "", "pyyaml": "", "scipp::scipp": "", "scipy": "", "tbb": ""}, "commit_hash": "6cdafc42e9f876adc14efa754cf21dc707fa87de", "date": 1635311095000, "env_name": "conda-py3.9-appdirs-cmake-conan-ess-dmsc__ess-streaming-data-types-h5py-ipykernel6.3.1-ipympl-ipywidgets-mantid-framework-matplotlib-base-ninja-numpy-pip-pooch-python-configuration-python-confluent-kafka-pythreejs-pyyaml-scipp__scipp-scipy-tbb", "python": "3.9", "profiles": {}, "started_at": {"load_nexus.LoadNexus.time_load_event_nexus": 1635451867914, "transform_coords.TransformCoords.time_energy_to_tof": 1635451882761, "transform_coords.TransformCoords.time_tof_to_dspacing": 1635451901313, "transform_coords.TransformCoords.time_tof_to_energy": 1635451920067, "transform_coords.TransformCoords.time_tof_to_wavelength": 1635451939574, "transform_coords.TransformCoords.time_wavelength_to_tof": 1635451958177}, "ended_at": {"load_nexus.LoadNexus.time_load_event_nexus": 1635451882761, "transform_coords.TransformCoords.time_energy_to_tof": 1635451901312, "transform_coords.TransformCoords.time_tof_to_dspacing": 1635451920066, "transform_coords.TransformCoords.time_tof_to_energy": 1635451939574, "transform_coords.TransformCoords.time_tof_to_wavelength": 1635451958176, "transform_coords.TransformCoords.time_wavelength_to_tof": 1635451976878}, "benchmark_version": {"load_nexus.LoadNexus.time_load_event_nexus": "9bb61e37c240f4221eff71f827efb0f1cfb5371f7c6b0e72f79b9ca92578e5e9", "transform_coords.TransformCoords.time_energy_to_tof": "f1ea8beffb41e75997f96056160ef6dd12d9afb53546d00f7e0cb2b307a616bb", "transform_coords.TransformCoords.time_tof_to_dspacing": "76d3e8bdf45621127e026f90298e8f292d01ddb57cb7caf05a5ce555a659d8ac", "transform_coords.TransformCoords.time_tof_to_energy": "32774381c7e0285d159959187b4537339285cc2573292bc6b39f5edd04d4bc0b", "transform_coords.TransformCoords.time_tof_to_wavelength": "46879c3a68b31604accd5a00f4187eb567d166242d70d944aa010a5d6f8de380", "transform_coords.TransformCoords.time_wavelength_to_tof": "d4710ab73daad9eb187b2c50c320802720ae09b880a656f3ac5284d75fea178b"}, "version": 1}