{"results": {"load_nexus.LoadNexus.time_load_event_nexus": {"result": [4.606681736500008], "stats": [{"ci_99": [4.572623458267215, 4.638508869732775], "q_25": 4.600994978249986, "q_75": 4.611252922250017, "min": 4.587068876999979, "max": 4.6218323059999875, "mean": 4.605566163999995, "std": 0.012363342028880578, "repeat": 4, "number": 1}]}, "transform_coords.TransformCoords.time_energy_to_tof": {"result": [0.0013286240000004077], "stats": [{"ci_99": [0.001305579697850803, 0.0013982494999993378], "q_25": 0.0013279872083273858, "q_75": 0.0013296747916650513, "min": 0.001314765333328675, "max": 0.0013982494999993378, "mean": 0.0013380104722197454, "std": 2.7427765540576918e-05, "repeat": 6, "number": 6}]}, "transform_coords.TransformCoords.time_tof_to_dspacing": {"result": [0.03372287599998458], "stats": [{"ci_99": [0.03338600110018858, 0.033955239899781796], "q_25": 0.033547453499991775, "q_75": 0.03382018899996808, "min": 0.03338757999995323, "max": 0.03384878500003197, "mean": 0.033670620499985184, "std": 0.00017182850916889195, "repeat": 6, "number": 1}]}, "transform_coords.TransformCoords.time_tof_to_energy": {"result": [0.25430596000006744], "stats": [{"ci_99": [0.24979327651583655, 0.27306058099998154], "q_25": 0.254082619500025, "q_75": 0.25480473575001383, "min": 0.2539522600000055, "max": 0.27306058099998154, "mean": 0.25743398800002143, "std": 0.0069958811790664386, "repeat": 6, "number": 1}]}, "transform_coords.TransformCoords.time_tof_to_wavelength": {"result": [0.001321823499997284], "stats": [{"ci_99": [0.0013060478333386527, 0.0013294485500485904], "q_25": 0.0013200063750010334, "q_75": 0.0013225406249877854, "min": 0.0013060478333386527, "max": 0.0013287518333318833, "mean": 0.0013201044999975565, "std": 6.896347817724814e-06, "repeat": 6, "number": 6}]}, "transform_coords.TransformCoords.time_wavelength_to_tof": {"result": [0.03132751999999073], "stats": [{"ci_99": [0.031103658476153845, 0.03166244619051544], "q_25": 0.03126161925000304, "q_75": 0.03152625250001506, "min": 0.031175267999969947, "max": 0.031635857000026135, "mean": 0.03138305233333464, "std": 0.00016914777801147865, "repeat": 6, "number": 1}]}}, "params": {"cpu": "2 Core CPU", "machine": "cloud-container", "os": "Ubuntu latest", "ram": "7GB", "python": "3.9", "appdirs": "", "cmake": "", "conan": "", "ess-dmsc::ess-streaming-data-types": "", "h5py": "", "ipykernel": "6.3.1", "ipympl": "", "ipywidgets": "", "mantid-framework": "", "matplotlib-base": "", "ninja": "", "numpy": "", "pip": "", "pooch": "", "python-configuration": "", "python-confluent-kafka": "", "pythreejs": "", "pyyaml": "", "scipp::scipp": "", "scipy": "", "tbb": ""}, "requirements": {"appdirs": "", "cmake": "", "conan": "", "ess-dmsc::ess-streaming-data-types": "", "h5py": "", "ipykernel": "6.3.1", "ipympl": "", "ipywidgets": "", "mantid-framework": "", "matplotlib-base": "", "ninja": "", "numpy": "", "pip": "", "pooch": "", "python-configuration": "", "python-confluent-kafka": "", "pythreejs": "", "pyyaml": "", "scipp::scipp": "", "scipy": "", "tbb": ""}, "commit_hash": "6cdafc42e9f876adc14efa754cf21dc707fa87de", "date": 1635311095000, "env_name": "conda-py3.9-appdirs-cmake-conan-ess-dmsc__ess-streaming-data-types-h5py-ipykernel6.3.1-ipympl-ipywidgets-mantid-framework-matplotlib-base-ninja-numpy-pip-pooch-python-configuration-python-confluent-kafka-pythreejs-pyyaml-scipp__scipp-scipy-tbb", "python": "3.9", "profiles": {}, "started_at": {"load_nexus.LoadNexus.time_load_event_nexus": 1635315233237, "transform_coords.TransformCoords.time_energy_to_tof": 1635315247784, "transform_coords.TransformCoords.time_tof_to_dspacing": 1635315266232, "transform_coords.TransformCoords.time_tof_to_energy": 1635315284682, "transform_coords.TransformCoords.time_tof_to_wavelength": 1635315303984, "transform_coords.TransformCoords.time_wavelength_to_tof": 1635315322340}, "ended_at": {"load_nexus.LoadNexus.time_load_event_nexus": 1635315247783, "transform_coords.TransformCoords.time_energy_to_tof": 1635315266232, "transform_coords.TransformCoords.time_tof_to_dspacing": 1635315284682, "transform_coords.TransformCoords.time_tof_to_energy": 1635315303983, "transform_coords.TransformCoords.time_tof_to_wavelength": 1635315322339, "transform_coords.TransformCoords.time_wavelength_to_tof": 1635315340840}, "benchmark_version": {"load_nexus.LoadNexus.time_load_event_nexus": "9bb61e37c240f4221eff71f827efb0f1cfb5371f7c6b0e72f79b9ca92578e5e9", "transform_coords.TransformCoords.time_energy_to_tof": "f1ea8beffb41e75997f96056160ef6dd12d9afb53546d00f7e0cb2b307a616bb", "transform_coords.TransformCoords.time_tof_to_dspacing": "76d3e8bdf45621127e026f90298e8f292d01ddb57cb7caf05a5ce555a659d8ac", "transform_coords.TransformCoords.time_tof_to_energy": "32774381c7e0285d159959187b4537339285cc2573292bc6b39f5edd04d4bc0b", "transform_coords.TransformCoords.time_tof_to_wavelength": "46879c3a68b31604accd5a00f4187eb567d166242d70d944aa010a5d6f8de380", "transform_coords.TransformCoords.time_wavelength_to_tof": "d4710ab73daad9eb187b2c50c320802720ae09b880a656f3ac5284d75fea178b"}, "version": 1}