{"results": {"load_nexus.LoadNexus.time_load_event_nexus": {"result": [4.608308209000057], "stats": [{"ci_99": [4.4261722442568985, 4.787098844743175], "q_25": 4.567788064000027, "q_75": 4.647155689500067, "min": 4.516183714000022, "max": 4.693742046000011, "mean": 4.606635544500037, "std": 0.06492725723922989, "repeat": 4, "number": 1}]}, "transform_coords.TransformCoords.time_energy_to_tof": {"result": [0.0013847380833264349], "stats": [{"ci_99": [0.0012531106084426424, 0.0016362270000058743], "q_25": 0.0013578837916649416, "q_75": 0.0013946487499959896, "min": 0.0012680606666606309, "max": 0.0016362270000058743, "mean": 0.0014034414166638322, "std": 0.0001126671287499689, "repeat": 6, "number": 6}]}, "transform_coords.TransformCoords.time_tof_to_dspacing": {"result": [0.040064840000013646], "stats": [{"ci_99": [0.03696827321230979, 0.04361540998769703], "q_25": 0.03984102000003986, "q_75": 0.041878122999946754, "min": 0.037460730999953284, "max": 0.042214494000063496, "mean": 0.04029184160000341, "std": 0.0017019305510138074, "repeat": 5, "number": 1}]}, "transform_coords.TransformCoords.time_tof_to_energy": {"result": [0.2869410550000566], "stats": [{"ci_99": [0.24856033589040058, 0.3125341249096176], "q_25": 0.2657570349999787, "q_75": 0.2918547890000127, "min": 0.2586932890000071, "max": 0.2994899839999903, "mean": 0.28054723040000906, "std": 0.015645538809156364, "repeat": 5, "number": 1}]}, "transform_coords.TransformCoords.time_tof_to_wavelength": {"result": [0.0014374147499912244], "stats": [{"ci_99": [0.0012511602346262313, 0.0016358934875895896], "q_25": 0.0013438007499975886, "q_75": 0.001517765500002118, "min": 0.0012985886666759445, "max": 0.0016305978333169453, "mean": 0.0014435268611079106, "std": 0.00011715471228553173, "repeat": 6, "number": 6}]}, "transform_coords.TransformCoords.time_wavelength_to_tof": {"result": [0.0364779600000702], "stats": [{"ci_99": [0.03334160965546828, 0.03952434154452392], "q_25": 0.035060198999985914, "q_75": 0.03696403999992981, "min": 0.03459001399994577, "max": 0.0390726650000488, "mean": 0.0364329755999961, "std": 0.001583226842538565, "repeat": 5, "number": 1}]}}, "params": {"cpu": "2 Core CPU", "machine": "cloud-container", "os": "Ubuntu latest", "ram": "7GB", "python": "3.9", "appdirs": "", "cmake": "", "conan": "", "ess-dmsc::ess-streaming-data-types": "", "h5py": "", "ipykernel": "6.3.1", "ipympl": "", "ipywidgets": "", "mantid-framework": "", "matplotlib-base": "", "ninja": "", "numpy": "", "pip": "", "pooch": "", "python-configuration": "", "python-confluent-kafka": "", "pythreejs": "", "pyyaml": "", "scipp::scipp": "", "scipy": "", "tbb": ""}, "requirements": {"appdirs": "", "cmake": "", "conan": "", "ess-dmsc::ess-streaming-data-types": "", "h5py": "", "ipykernel": "6.3.1", "ipympl": "", "ipywidgets": "", "mantid-framework": "", "matplotlib-base": "", "ninja": "", "numpy": "", "pip": "", "pooch": "", "python-configuration": "", "python-confluent-kafka": "", "pythreejs": "", "pyyaml": "", "scipp::scipp": "", "scipy": "", "tbb": ""}, "commit_hash": "6cdafc42e9f876adc14efa754cf21dc707fa87de", "date": 1635311095000, "env_name": "conda-py3.9-appdirs-cmake-conan-ess-dmsc__ess-streaming-data-types-h5py-ipykernel6.3.1-ipympl-ipywidgets-mantid-framework-matplotlib-base-ninja-numpy-pip-pooch-python-configuration-python-confluent-kafka-pythreejs-pyyaml-scipp__scipp-scipy-tbb", "python": "3.9", "profiles": {}, "started_at": {"load_nexus.LoadNexus.time_load_event_nexus": 1635405098017, "transform_coords.TransformCoords.time_energy_to_tof": 1635405112560, "transform_coords.TransformCoords.time_tof_to_dspacing": 1635405132971, "transform_coords.TransformCoords.time_tof_to_energy": 1635405150471, "transform_coords.TransformCoords.time_tof_to_wavelength": 1635405167920, "transform_coords.TransformCoords.time_wavelength_to_tof": 1635405188530}, "ended_at": {"load_nexus.LoadNexus.time_load_event_nexus": 1635405112559, "transform_coords.TransformCoords.time_energy_to_tof": 1635405132971, "transform_coords.TransformCoords.time_tof_to_dspacing": 1635405150471, "transform_coords.TransformCoords.time_tof_to_energy": 1635405167920, "transform_coords.TransformCoords.time_tof_to_wavelength": 1635405188530, "transform_coords.TransformCoords.time_wavelength_to_tof": 1635405205481}, "benchmark_version": {"load_nexus.LoadNexus.time_load_event_nexus": "9bb61e37c240f4221eff71f827efb0f1cfb5371f7c6b0e72f79b9ca92578e5e9", "transform_coords.TransformCoords.time_energy_to_tof": "f1ea8beffb41e75997f96056160ef6dd12d9afb53546d00f7e0cb2b307a616bb", "transform_coords.TransformCoords.time_tof_to_dspacing": "76d3e8bdf45621127e026f90298e8f292d01ddb57cb7caf05a5ce555a659d8ac", "transform_coords.TransformCoords.time_tof_to_energy": "32774381c7e0285d159959187b4537339285cc2573292bc6b39f5edd04d4bc0b", "transform_coords.TransformCoords.time_tof_to_wavelength": "46879c3a68b31604accd5a00f4187eb567d166242d70d944aa010a5d6f8de380", "transform_coords.TransformCoords.time_wavelength_to_tof": "d4710ab73daad9eb187b2c50c320802720ae09b880a656f3ac5284d75fea178b"}, "version": 1}