{"results": {"load_nexus.LoadNexus.time_load_event_nexus": {"result": [4.774622115999989], "stats": [{"ci_99": [4.674761885671486, 4.853495260828495], "q_25": 4.754957818999998, "q_75": 4.783792870249982, "min": 4.707026303000021, "max": 4.800243757999965, "mean": 4.764128573249991, "std": 0.03468571210761258, "repeat": 4, "number": 1}]}, "transform_coords.TransformCoords.time_energy_to_tof": {"result": [0.001358735499991326], "stats": [{"ci_99": [0.0013341980959000427, 0.0013780028333295984], "q_25": 0.001345314458338483, "q_75": 0.0013607311666656112, "min": 0.00133681866666772, "max": 0.0013780028333295984, "mean": 0.0013557549444429796, "std": 1.3621895388984643e-05, "repeat": 6, "number": 6}]}, "transform_coords.TransformCoords.time_tof_to_dspacing": {"result": [0.036731112499978735], "stats": [{"ci_99": [0.03634700600002816, 0.03693372299994735], "q_25": 0.03669091775000766, "q_75": 0.03673253675000865, "min": 0.03634700600002816, "max": 0.03693372299994735, "mean": 0.036692247499994814, "std": 0.00017435674588752332, "repeat": 6, "number": 1}]}, "transform_coords.TransformCoords.time_tof_to_energy": {"result": [0.2596387675000642], "stats": [{"ci_99": [0.2583429200058674, 0.26122803900000235], "q_25": 0.25899780850002685, "q_75": 0.2603173037499573, "min": 0.25881501499998194, "max": 0.26122803900000235, "mean": 0.2597747045000081, "std": 0.0008653730434879474, "repeat": 6, "number": 1}]}, "transform_coords.TransformCoords.time_tof_to_wavelength": {"result": [0.0013600939999965553], "stats": [{"ci_99": [0.001335903939004766, 0.0013828895609943473], "q_25": 0.001350552208336353, "q_75": 0.0013702606666707122, "min": 0.0013367686666659513, "max": 0.0013784026666598947, "mean": 0.0013593967499995567, "std": 1.4123183736271872e-05, "repeat": 6, "number": 6}]}, "transform_coords.TransformCoords.time_wavelength_to_tof": {"result": [0.03430373150001742], "stats": [{"ci_99": [0.03401473371152491, 0.034531759288536155], "q_25": 0.034137302750025356, "q_75": 0.03440633375004154, "min": 0.03406887500000266, "max": 0.034440780000068116, "mean": 0.03427324650003053, "std": 0.00014953248341469626, "repeat": 6, "number": 1}]}}, "params": {"cpu": "2 Core CPU", "machine": "cloud-container", "os": "Ubuntu latest", "ram": "7GB", "python": "3.9", "appdirs": "", "cmake": "", "conan": "", "ess-dmsc::ess-streaming-data-types": "", "h5py": "", "ipykernel": "6.3.1", "ipympl": "", "ipywidgets": "", "mantid-framework": "", "matplotlib-base": "", "ninja": "", "numpy": "", "pip": "", "pooch": "", "python-configuration": "", "python-confluent-kafka": "", "pythreejs": "", "pyyaml": "", "scipp::scipp": "", "scipy": "", "tbb": ""}, "requirements": {"appdirs": "", "cmake": "", "conan": "", "ess-dmsc::ess-streaming-data-types": "", "h5py": "", "ipykernel": "6.3.1", "ipympl": "", "ipywidgets": "", "mantid-framework": "", "matplotlib-base": "", "ninja": "", "numpy": "", "pip": "", "pooch": "", "python-configuration": "", "python-confluent-kafka": "", "pythreejs": "", "pyyaml": "", "scipp::scipp": "", "scipy": "", "tbb": ""}, "commit_hash": "6cdafc42e9f876adc14efa754cf21dc707fa87de", "date": 1635311095000, "env_name": "conda-py3.9-appdirs-cmake-conan-ess-dmsc__ess-streaming-data-types-h5py-ipykernel6.3.1-ipympl-ipywidgets-mantid-framework-matplotlib-base-ninja-numpy-pip-pooch-python-configuration-python-confluent-kafka-pythreejs-pyyaml-scipp__scipp-scipy-tbb", "python": "3.9", "profiles": {}, "started_at": {"load_nexus.LoadNexus.time_load_event_nexus": 1635444666088, "transform_coords.TransformCoords.time_energy_to_tof": 1635444681086, "transform_coords.TransformCoords.time_tof_to_dspacing": 1635444699841, "transform_coords.TransformCoords.time_tof_to_energy": 1635444718596, "transform_coords.TransformCoords.time_tof_to_wavelength": 1635444738204, "transform_coords.TransformCoords.time_wavelength_to_tof": 1635444756960}, "ended_at": {"load_nexus.LoadNexus.time_load_event_nexus": 1635444681085, "transform_coords.TransformCoords.time_energy_to_tof": 1635444699841, "transform_coords.TransformCoords.time_tof_to_dspacing": 1635444718596, "transform_coords.TransformCoords.time_tof_to_energy": 1635444738204, "transform_coords.TransformCoords.time_tof_to_wavelength": 1635444756960, "transform_coords.TransformCoords.time_wavelength_to_tof": 1635444775767}, "benchmark_version": {"load_nexus.LoadNexus.time_load_event_nexus": "9bb61e37c240f4221eff71f827efb0f1cfb5371f7c6b0e72f79b9ca92578e5e9", "transform_coords.TransformCoords.time_energy_to_tof": "f1ea8beffb41e75997f96056160ef6dd12d9afb53546d00f7e0cb2b307a616bb", "transform_coords.TransformCoords.time_tof_to_dspacing": "76d3e8bdf45621127e026f90298e8f292d01ddb57cb7caf05a5ce555a659d8ac", "transform_coords.TransformCoords.time_tof_to_energy": "32774381c7e0285d159959187b4537339285cc2573292bc6b39f5edd04d4bc0b", "transform_coords.TransformCoords.time_tof_to_wavelength": "46879c3a68b31604accd5a00f4187eb567d166242d70d944aa010a5d6f8de380", "transform_coords.TransformCoords.time_wavelength_to_tof": "d4710ab73daad9eb187b2c50c320802720ae09b880a656f3ac5284d75fea178b"}, "version": 1}