{"results": {"load_nexus.LoadNexus.time_load_event_nexus": {"result": [4.923526515999981], "stats": [{"ci_99": [4.387901972847294, 5.337774533152791], "q_25": 4.830392174000025, "q_75": 4.925628463500033, "min": 4.7372578320000684, "max": 4.927730411000084, "mean": 4.862838253000045, "std": 0.08881535072719285, "repeat": 3, "number": 1}]}, "transform_coords.TransformCoords.time_energy_to_tof": {"result": [0.0016096612500007268], "stats": [{"ci_99": [0.0007333992829704585, 0.002834855467027403], "q_25": 0.0015469167916724775, "q_75": 0.0018468718333271759, "min": 0.0014115846666603222, "max": 0.0025056023333339303, "mean": 0.0017841273749989266, "std": 0.0004245035161403299, "repeat": 4, "number": 6}]}, "transform_coords.TransformCoords.time_tof_to_dspacing": {"result": [0.0432669500000884], "stats": [{"ci_99": [0.042166997474864056, 0.04462273800004368], "q_25": 0.04296873999999207, "q_75": 0.04329628799996499, "min": 0.04262768499995673, "max": 0.04462273800004368, "mean": 0.04335648020000917, "std": 0.0006777215475578502, "repeat": 5, "number": 1}]}, "transform_coords.TransformCoords.time_tof_to_energy": {"result": [0.2989543674999595], "stats": [{"ci_99": [0.2652235917033307, 0.3364070982967052], "q_25": 0.28930144349996567, "q_75": 0.3104682690000118, "min": 0.2881607310000618, "max": 0.31719191400009095, "mean": 0.30081534500001794, "std": 0.012320949355356211, "repeat": 4, "number": 1}]}, "transform_coords.TransformCoords.time_tof_to_wavelength": {"result": [0.0015961024166604907], "stats": [{"ci_99": [0.0010699941002150035, 0.0022120492331087465], "q_25": 0.0015317219166680236, "q_75": 0.0017054021666543426, "min": 0.0013849556666703695, "max": 0.001986926166656152, "mean": 0.0016410216666618758, "std": 0.0002177918288185861, "repeat": 4, "number": 6}]}, "transform_coords.TransformCoords.time_wavelength_to_tof": {"result": [0.040623919499978456], "stats": [{"ci_99": [0.03414654057199224, 0.046582336927958316], "q_25": 0.03920043000002238, "q_75": 0.04178792824993138, "min": 0.036994727999967836, "max": 0.04321518799997648, "mean": 0.04036443874997531, "std": 0.0022673648587474885, "repeat": 4, "number": 1}]}}, "params": {"cpu": "2 Core CPU", "machine": "cloud-container", "os": "Ubuntu latest", "ram": "7GB", "python": "3.9", "appdirs": "", "cmake": "", "conan": "", "ess-dmsc::ess-streaming-data-types": "", "h5py": "", "ipykernel": "6.3.1", "ipympl": "", "ipywidgets": "", "mantid-framework": "", "matplotlib-base": "", "ninja": "", "numpy": "", "pip": "", "pooch": "", "python-configuration": "", "python-confluent-kafka": "", "pythreejs": "", "pyyaml": "", "scipp::scipp": "", "scipy": "", "tbb": ""}, "requirements": {"appdirs": "", "cmake": "", "conan": "", "ess-dmsc::ess-streaming-data-types": "", "h5py": "", "ipykernel": "6.3.1", "ipympl": "", "ipywidgets": "", "mantid-framework": "", "matplotlib-base": "", "ninja": "", "numpy": "", "pip": "", "pooch": "", "python-configuration": "", "python-confluent-kafka": "", "pythreejs": "", "pyyaml": "", "scipp::scipp": "", "scipy": "", "tbb": ""}, "commit_hash": "6cdafc42e9f876adc14efa754cf21dc707fa87de", "date": 1635311095000, "env_name": "conda-py3.9-appdirs-cmake-conan-ess-dmsc__ess-streaming-data-types-h5py-ipykernel6.3.1-ipympl-ipywidgets-mantid-framework-matplotlib-base-ninja-numpy-pip-pooch-python-configuration-python-confluent-kafka-pythreejs-pyyaml-scipp__scipp-scipy-tbb", "python": "3.9", "profiles": {}, "started_at": {"load_nexus.LoadNexus.time_load_event_nexus": 1635423289679, "transform_coords.TransformCoords.time_energy_to_tof": 1635423304928, "transform_coords.TransformCoords.time_tof_to_dspacing": 1635423321374, "transform_coords.TransformCoords.time_tof_to_energy": 1635423339590, "transform_coords.TransformCoords.time_tof_to_wavelength": 1635423357596, "transform_coords.TransformCoords.time_wavelength_to_tof": 1635423375006}, "ended_at": {"load_nexus.LoadNexus.time_load_event_nexus": 1635423304927, "transform_coords.TransformCoords.time_energy_to_tof": 1635423321374, "transform_coords.TransformCoords.time_tof_to_dspacing": 1635423339590, "transform_coords.TransformCoords.time_tof_to_energy": 1635423357595, "transform_coords.TransformCoords.time_tof_to_wavelength": 1635423375005, "transform_coords.TransformCoords.time_wavelength_to_tof": 1635423392111}, "benchmark_version": {"load_nexus.LoadNexus.time_load_event_nexus": "9bb61e37c240f4221eff71f827efb0f1cfb5371f7c6b0e72f79b9ca92578e5e9", "transform_coords.TransformCoords.time_energy_to_tof": "f1ea8beffb41e75997f96056160ef6dd12d9afb53546d00f7e0cb2b307a616bb", "transform_coords.TransformCoords.time_tof_to_dspacing": "76d3e8bdf45621127e026f90298e8f292d01ddb57cb7caf05a5ce555a659d8ac", "transform_coords.TransformCoords.time_tof_to_energy": "32774381c7e0285d159959187b4537339285cc2573292bc6b39f5edd04d4bc0b", "transform_coords.TransformCoords.time_tof_to_wavelength": "46879c3a68b31604accd5a00f4187eb567d166242d70d944aa010a5d6f8de380", "transform_coords.TransformCoords.time_wavelength_to_tof": "d4710ab73daad9eb187b2c50c320802720ae09b880a656f3ac5284d75fea178b"}, "version": 1}