{"results": {"load_nexus.LoadNexus.time_load_event_nexus": {"result": [5.507657298500021], "stats": [{"ci_99": [3.470269573500559, 7.5450450234994815], "q_25": 5.4872834212500265, "q_75": 5.528031175750016, "min": 5.466909544000032, "max": 5.54840505300001, "mean": 5.507657298500021, "std": 0.04074775449998924, "repeat": 2, "number": 1}]}, "transform_coords.TransformCoords.time_energy_to_tof": {"result": [0.0015814481999882448], "stats": [{"ci_99": [0.001328244950838654, 0.0019818036491466386], "q_25": 0.0015756512499933708, "q_75": 0.001660821249987521, "min": 0.001563540400002239, "max": 0.0018936603999918588, "mean": 0.0016550242999926468, "std": 0.00013797605984734192, "repeat": 4, "number": 5}]}, "transform_coords.TransformCoords.time_tof_to_dspacing": {"result": [0.03727380449998918], "stats": [{"ci_99": [0.03569465164723402, 0.03975401185279219], "q_25": 0.03722152100002063, "q_75": 0.03777661524998166, "min": 0.03714832100001786, "max": 0.039201397000056204, "mean": 0.03772433175001311, "std": 0.0008545488169443707, "repeat": 4, "number": 1}]}, "transform_coords.TransformCoords.time_tof_to_energy": {"result": [0.29914996100006874], "stats": [{"ci_99": [0.29637203819261454, 0.3016406678074623], "q_25": 0.29842978800007813, "q_75": 0.299726526000029, "min": 0.29763229200000296, "max": 0.3000931980000132, "mean": 0.2990063530000384, "std": 0.0009385325899553878, "repeat": 4, "number": 1}]}, "transform_coords.TransformCoords.time_tof_to_wavelength": {"result": [0.0015752659166613134], "stats": [{"ci_99": [0.0015583013201033531, 0.0015902022632199133], "q_25": 0.001570554541662735, "q_75": 0.0015789631666602115, "min": 0.0015660916666509668, "max": 0.0015803836666729392, "mean": 0.0015742517916616332, "std": 5.635369518275141e-06, "repeat": 4, "number": 6}]}, "transform_coords.TransformCoords.time_wavelength_to_tof": {"result": [0.034392641499948695], "stats": [{"ci_99": [0.034260487256606235, 0.03451799324332339], "q_25": 0.03436101374995815, "q_75": 0.03442086799995536, "min": 0.03432388800001718, "max": 0.03444778999994469, "mean": 0.034389240249964814, "std": 4.5998489953794566e-05, "repeat": 4, "number": 1}]}}, "params": {"cpu": "2 Core CPU", "machine": "cloud-container", "os": "Ubuntu latest", "ram": "7GB", "python": "3.9", "appdirs": "", "cmake": "", "conan": "", "ess-dmsc::ess-streaming-data-types": "", "h5py": "", "ipykernel": "6.3.1", "ipympl": "", "ipywidgets": "", "mantid-framework": "", "matplotlib-base": "", "ninja": "", "numpy": "", "pip": "", "pooch": "", "python-configuration": "", "python-confluent-kafka": "", "pythreejs": "", "pyyaml": "", "scipp::scipp": "", "scipy": "", "tbb": ""}, "requirements": {"appdirs": "", "cmake": "", "conan": "", "ess-dmsc::ess-streaming-data-types": "", "h5py": "", "ipykernel": "6.3.1", "ipympl": "", "ipywidgets": "", "mantid-framework": "", "matplotlib-base": "", "ninja": "", "numpy": "", "pip": "", "pooch": "", "python-configuration": "", "python-confluent-kafka": "", "pythreejs": "", "pyyaml": "", "scipp::scipp": "", "scipy": "", "tbb": ""}, "commit_hash": "6cdafc42e9f876adc14efa754cf21dc707fa87de", "date": 1635311095000, "env_name": "conda-py3.9-appdirs-cmake-conan-ess-dmsc__ess-streaming-data-types-h5py-ipykernel6.3.1-ipympl-ipywidgets-mantid-framework-matplotlib-base-ninja-numpy-pip-pooch-python-configuration-python-confluent-kafka-pythreejs-pyyaml-scipp__scipp-scipy-tbb", "python": "3.9", "profiles": {}, "started_at": {"load_nexus.LoadNexus.time_load_event_nexus": 1635372934948, "transform_coords.TransformCoords.time_energy_to_tof": 1635372946491, "transform_coords.TransformCoords.time_tof_to_dspacing": 1635372963091, "transform_coords.TransformCoords.time_tof_to_energy": 1635372979752, "transform_coords.TransformCoords.time_tof_to_wavelength": 1635372997108, "transform_coords.TransformCoords.time_wavelength_to_tof": 1635373013710}, "ended_at": {"load_nexus.LoadNexus.time_load_event_nexus": 1635372946490, "transform_coords.TransformCoords.time_energy_to_tof": 1635372963091, "transform_coords.TransformCoords.time_tof_to_dspacing": 1635372979752, "transform_coords.TransformCoords.time_tof_to_energy": 1635372997107, "transform_coords.TransformCoords.time_tof_to_wavelength": 1635373013710, "transform_coords.TransformCoords.time_wavelength_to_tof": 1635373030425}, "benchmark_version": {"load_nexus.LoadNexus.time_load_event_nexus": "9bb61e37c240f4221eff71f827efb0f1cfb5371f7c6b0e72f79b9ca92578e5e9", "transform_coords.TransformCoords.time_energy_to_tof": "f1ea8beffb41e75997f96056160ef6dd12d9afb53546d00f7e0cb2b307a616bb", "transform_coords.TransformCoords.time_tof_to_dspacing": "76d3e8bdf45621127e026f90298e8f292d01ddb57cb7caf05a5ce555a659d8ac", "transform_coords.TransformCoords.time_tof_to_energy": "32774381c7e0285d159959187b4537339285cc2573292bc6b39f5edd04d4bc0b", "transform_coords.TransformCoords.time_tof_to_wavelength": "46879c3a68b31604accd5a00f4187eb567d166242d70d944aa010a5d6f8de380", "transform_coords.TransformCoords.time_wavelength_to_tof": "d4710ab73daad9eb187b2c50c320802720ae09b880a656f3ac5284d75fea178b"}, "version": 1}