{"results": {"load_nexus.LoadNexus.time_load_event_nexus": {"result": [4.625922785500052], "stats": [{"ci_99": [4.491882355026175, 4.742104018973892], "q_25": 4.602642644750063, "q_75": 4.640273327750023, "min": 4.542025384999988, "max": 4.6741017920000445, "mean": 4.616993187000034, "std": 0.0475918671558183, "repeat": 4, "number": 1}]}, "transform_coords.TransformCoords.time_energy_to_tof": {"result": [0.0013129000833297746], "stats": [{"ci_99": [0.0012931408427235367, 0.0013621381666647874], "q_25": 0.0013083457499950175, "q_75": 0.0013176292916696752, "min": 0.0013009704999925968, "max": 0.0013621381666647874, "mean": 0.0013191570277750013, "std": 2.0013758926553257e-05, "repeat": 6, "number": 6}]}, "transform_coords.TransformCoords.time_tof_to_dspacing": {"result": [0.03341919249999137], "stats": [{"ci_99": [0.033092824008406636, 0.03391805100000056], "q_25": 0.033303612999986854, "q_75": 0.033638342499969554, "min": 0.03321013499999026, "max": 0.03391805100000056, "mean": 0.0334905083333202, "std": 0.0002454632428586999, "repeat": 6, "number": 1}]}, "transform_coords.TransformCoords.time_tof_to_energy": {"result": [0.25399709750001875], "stats": [{"ci_99": [0.25343736799999306, 0.25432821362457153], "q_25": 0.253817188750034, "q_75": 0.25410821550001117, "min": 0.25343736799999306, "max": 0.25420925499997793, "mean": 0.25392388200000937, "std": 0.00025849100461129243, "repeat": 6, "number": 1}]}, "transform_coords.TransformCoords.time_tof_to_wavelength": {"result": [0.0013127833333328454], "stats": [{"ci_99": [0.0013007166141226633, 0.0013254066666661402], "q_25": 0.00130650833333353, "q_75": 0.0013154459583356963, "min": 0.001303141500007617, "max": 0.0013254066666661402, "mean": 0.001312477500001642, "std": 7.387034734066492e-06, "repeat": 6, "number": 6}]}, "transform_coords.TransformCoords.time_wavelength_to_tof": {"result": [0.031361142999969616], "stats": [{"ci_99": [0.030943545415217658, 0.03201131399998758], "q_25": 0.031189947999990864, "q_75": 0.03150340599998458, "min": 0.031063390999975127, "max": 0.03201131399998758, "mean": 0.03141345016664824, "std": 0.00030940738899717013, "repeat": 6, "number": 1}]}}, "params": {"cpu": "2 Core CPU", "machine": "cloud-container", "os": "Ubuntu latest", "ram": "7GB", "python": "3.9", "appdirs": "", "cmake": "", "conan": "", "ess-dmsc::ess-streaming-data-types": "", "h5py": "", "ipykernel": "6.3.1", "ipympl": "", "ipywidgets": "", "mantid-framework": "", "matplotlib-base": "", "ninja": "", "numpy": "", "pip": "", "pooch": "", "python-configuration": "", "python-confluent-kafka": "", "pythreejs": "", "pyyaml": "", "scipp::scipp": "", "scipy": "", "tbb": ""}, "requirements": {"appdirs": "", "cmake": "", "conan": "", "ess-dmsc::ess-streaming-data-types": "", "h5py": "", "ipykernel": "6.3.1", "ipympl": "", "ipywidgets": "", "mantid-framework": "", "matplotlib-base": "", "ninja": "", "numpy": "", "pip": "", "pooch": "", "python-configuration": "", "python-confluent-kafka": "", "pythreejs": "", "pyyaml": "", "scipp::scipp": "", "scipy": "", "tbb": ""}, "commit_hash": "6cdafc42e9f876adc14efa754cf21dc707fa87de", "date": 1635311095000, "env_name": "conda-py3.9-appdirs-cmake-conan-ess-dmsc__ess-streaming-data-types-h5py-ipykernel6.3.1-ipympl-ipywidgets-mantid-framework-matplotlib-base-ninja-numpy-pip-pooch-python-configuration-python-confluent-kafka-pythreejs-pyyaml-scipp__scipp-scipy-tbb", "python": "3.9", "profiles": {}, "started_at": {"load_nexus.LoadNexus.time_load_event_nexus": 1635448198079, "transform_coords.TransformCoords.time_energy_to_tof": 1635448212676, "transform_coords.TransformCoords.time_tof_to_dspacing": 1635448231077, "transform_coords.TransformCoords.time_tof_to_energy": 1635448249532, "transform_coords.TransformCoords.time_tof_to_wavelength": 1635448268893, "transform_coords.TransformCoords.time_wavelength_to_tof": 1635448287301}, "ended_at": {"load_nexus.LoadNexus.time_load_event_nexus": 1635448212675, "transform_coords.TransformCoords.time_energy_to_tof": 1635448231077, "transform_coords.TransformCoords.time_tof_to_dspacing": 1635448249531, "transform_coords.TransformCoords.time_tof_to_energy": 1635448268893, "transform_coords.TransformCoords.time_tof_to_wavelength": 1635448287300, "transform_coords.TransformCoords.time_wavelength_to_tof": 1635448305808}, "benchmark_version": {"load_nexus.LoadNexus.time_load_event_nexus": "9bb61e37c240f4221eff71f827efb0f1cfb5371f7c6b0e72f79b9ca92578e5e9", "transform_coords.TransformCoords.time_energy_to_tof": "f1ea8beffb41e75997f96056160ef6dd12d9afb53546d00f7e0cb2b307a616bb", "transform_coords.TransformCoords.time_tof_to_dspacing": "76d3e8bdf45621127e026f90298e8f292d01ddb57cb7caf05a5ce555a659d8ac", "transform_coords.TransformCoords.time_tof_to_energy": "32774381c7e0285d159959187b4537339285cc2573292bc6b39f5edd04d4bc0b", "transform_coords.TransformCoords.time_tof_to_wavelength": "46879c3a68b31604accd5a00f4187eb567d166242d70d944aa010a5d6f8de380", "transform_coords.TransformCoords.time_wavelength_to_tof": "d4710ab73daad9eb187b2c50c320802720ae09b880a656f3ac5284d75fea178b"}, "version": 1}