{"results": {"load_nexus.LoadNexus.time_load_event_nexus": {"result": [4.69173686799968], "stats": [{"ci_99": [4.1020646601880735, 5.3202326784787175], "q_25": 4.6401504095001656, "q_75": 4.77244102849977, "min": 4.588563951000651, "max": 4.853145188999861, "mean": 4.711148669333397, "std": 0.10888348940821518, "repeat": 3, "number": 1}]}, "transform_coords.TransformCoords.time_energy_to_tof": {"result": [0.001334552000040882], "stats": [{"ci_99": [0.001307016571357986, 0.0013903713175461203], "q_25": 0.0013307930416506981, "q_75": 0.0013720738333518057, "min": 0.0013223851666831858, "max": 0.0013865533333046187, "mean": 0.0013486939444520534, "std": 2.6071457681531906e-05, "repeat": 6, "number": 6}]}, "transform_coords.TransformCoords.time_tof_to_dspacing": {"result": [0.03398982349972357], "stats": [{"ci_99": [0.03349719891474681, 0.0344722320000983], "q_25": 0.03379593375029799, "q_75": 0.03410365075001209, "min": 0.03351509100002659, "max": 0.0344722320000983, "mean": 0.03397331116669496, "std": 0.0003001396837517121, "repeat": 6, "number": 1}]}, "transform_coords.TransformCoords.time_tof_to_energy": {"result": [0.25675879350001196], "stats": [{"ci_99": [0.2527747393249186, 0.26884806200041567], "q_25": 0.25565271824996216, "q_75": 0.25757975849955983, "min": 0.2554450789994007, "max": 0.26884806200041567, "mean": 0.25849136133319917, "std": 0.0047071647103026585, "repeat": 6, "number": 1}]}, "transform_coords.TransformCoords.time_tof_to_wavelength": {"result": [0.0013347684999492535], "stats": [{"ci_99": [0.0012906103884714629, 0.0014096356665807737], "q_25": 0.001314726791671698, "q_75": 0.0013540479583298293, "min": 0.0013138516666610183, "max": 0.0014096356665807737, "mean": 0.0013435908333071388, "std": 3.420549507010529e-05, "repeat": 6, "number": 6}]}, "transform_coords.TransformCoords.time_wavelength_to_tof": {"result": [0.03217104500026835], "stats": [{"ci_99": [0.03155147862659174, 0.03405357100018591], "q_25": 0.032092519249999896, "q_75": 0.03245305249970443, "min": 0.03190604699921096, "max": 0.03405357100018591, "mean": 0.032485851166560074, "std": 0.0007259444128802437, "repeat": 6, "number": 1}]}}, "params": {"cpu": "2 Core CPU", "machine": "cloud-container", "os": "Ubuntu latest", "ram": "7GB", "python": "3.9", "appdirs": "", "cmake": "", "conan": "", "ess-dmsc::ess-streaming-data-types": "", "h5py": "", "ipykernel": "6.3.1", "ipympl": "", "ipywidgets": "", "mantid-framework": "", "matplotlib-base": "", "ninja": "", "numpy": "", "pip": "", "pooch": "", "python-configuration": "", "python-confluent-kafka": "", "pythreejs": "", "pyyaml": "", "scipp::scipp": "", "scipy": "", "tbb": ""}, "requirements": {"appdirs": "", "cmake": "", "conan": "", "ess-dmsc::ess-streaming-data-types": "", "h5py": "", "ipykernel": "6.3.1", "ipympl": "", "ipywidgets": "", "mantid-framework": "", "matplotlib-base": "", "ninja": "", "numpy": "", "pip": "", "pooch": "", "python-configuration": "", "python-confluent-kafka": "", "pythreejs": "", "pyyaml": "", "scipp::scipp": "", "scipy": "", "tbb": ""}, "commit_hash": "6cdafc42e9f876adc14efa754cf21dc707fa87de", "date": 1635311095000, "env_name": "conda-py3.9-appdirs-cmake-conan-ess-dmsc__ess-streaming-data-types-h5py-ipykernel6.3.1-ipympl-ipywidgets-mantid-framework-matplotlib-base-ninja-numpy-pip-pooch-python-configuration-python-confluent-kafka-pythreejs-pyyaml-scipp__scipp-scipy-tbb", "python": "3.9", "profiles": {}, "started_at": {"load_nexus.LoadNexus.time_load_event_nexus": 1635351048464, "transform_coords.TransformCoords.time_energy_to_tof": 1635351063168, "transform_coords.TransformCoords.time_tof_to_dspacing": 1635351082276, "transform_coords.TransformCoords.time_tof_to_energy": 1635351101032, "transform_coords.TransformCoords.time_tof_to_wavelength": 1635351120689, "transform_coords.TransformCoords.time_wavelength_to_tof": 1635351139899}, "ended_at": {"load_nexus.LoadNexus.time_load_event_nexus": 1635351063167, "transform_coords.TransformCoords.time_energy_to_tof": 1635351082276, "transform_coords.TransformCoords.time_tof_to_dspacing": 1635351101032, "transform_coords.TransformCoords.time_tof_to_energy": 1635351120689, "transform_coords.TransformCoords.time_tof_to_wavelength": 1635351139899, "transform_coords.TransformCoords.time_wavelength_to_tof": 1635351158805}, "benchmark_version": {"load_nexus.LoadNexus.time_load_event_nexus": "9bb61e37c240f4221eff71f827efb0f1cfb5371f7c6b0e72f79b9ca92578e5e9", "transform_coords.TransformCoords.time_energy_to_tof": "f1ea8beffb41e75997f96056160ef6dd12d9afb53546d00f7e0cb2b307a616bb", "transform_coords.TransformCoords.time_tof_to_dspacing": "76d3e8bdf45621127e026f90298e8f292d01ddb57cb7caf05a5ce555a659d8ac", "transform_coords.TransformCoords.time_tof_to_energy": "32774381c7e0285d159959187b4537339285cc2573292bc6b39f5edd04d4bc0b", "transform_coords.TransformCoords.time_tof_to_wavelength": "46879c3a68b31604accd5a00f4187eb567d166242d70d944aa010a5d6f8de380", "transform_coords.TransformCoords.time_wavelength_to_tof": "d4710ab73daad9eb187b2c50c320802720ae09b880a656f3ac5284d75fea178b"}, "version": 1}