{"results": {"load_nexus.LoadNexus.time_load_event_nexus": {"result": [5.823064203500024], "stats": [{"ci_99": [-1.3548874714998362, 13.001015878499878], "q_25": 5.751284686750026, "q_75": 5.894843720250023, "min": 5.679505170000027, "max": 5.966623237000022, "mean": 5.823064203500024, "std": 0.1435590334999972, "repeat": 2, "number": 1}]}, "transform_coords.TransformCoords.time_energy_to_tof": {"result": [0.0017734710000013366], "stats": [{"ci_99": [0.0015874790797701119, 0.0020097243202295586], "q_25": 0.0017362650999928064, "q_75": 0.0018358076000083655, "min": 0.0017247885999950086, "max": 0.0019226762000016605, "mean": 0.0017986016999998358, "std": 7.799753466842963e-05, "repeat": 4, "number": 5}]}, "transform_coords.TransformCoords.time_tof_to_dspacing": {"result": [0.043010809000008976], "stats": [{"ci_99": [0.04021385451556374, 0.044902877484396655], "q_25": 0.042393134999969107, "q_75": 0.043176040000020066, "min": 0.04092112499995437, "max": 0.04329072099994846, "mean": 0.0425583659999802, "std": 0.0009563696077803709, "repeat": 4, "number": 1}]}, "transform_coords.TransformCoords.time_tof_to_energy": {"result": [0.3345550170000138], "stats": [{"ci_99": [0.2904276275011398, 0.3954808224988592], "q_25": 0.33108076825004673, "q_75": 0.34642847374996677, "min": 0.32399151399999937, "max": 0.37871535199997197, "mean": 0.3429542249999997, "std": 0.021106902743541683, "repeat": 4, "number": 1}]}, "transform_coords.TransformCoords.time_tof_to_wavelength": {"result": [0.0016490457999907447], "stats": [{"ci_99": [0.0013540918529974925, 0.0020949755469951066], "q_25": 0.0016254797999863512, "q_75": 0.0017480997000006936, "min": 0.0016140041999960885, "max": 0.001986039000007622, "mean": 0.0017245336999963002, "std": 0.0001522974365909428, "repeat": 4, "number": 5}]}, "transform_coords.TransformCoords.time_wavelength_to_tof": {"result": [0.04058906649999017], "stats": [{"ci_99": [0.037127978065314225, 0.043845144434669435], "q_25": 0.03955337574998907, "q_75": 0.04152225199999293, "min": 0.038986647999990964, "max": 0.04178146399999605, "mean": 0.04048656124999184, "std": 0.0011599143674794958, "repeat": 4, "number": 1}]}}, "params": {"cpu": "2 Core CPU", "machine": "cloud-container", "os": "Ubuntu latest", "ram": "7GB", "python": "3.9", "appdirs": "", "cmake": "", "conan": "", "ess-dmsc::ess-streaming-data-types": "", "h5py": "", "ipykernel": "6.3.1", "ipympl": "", "ipywidgets": "", "mantid-framework": "", "matplotlib-base": "", "ninja": "", "numpy": "", "pip": "", "pooch": "", "python-configuration": "", "python-confluent-kafka": "", "pythreejs": "", "pyyaml": "", "scipp::scipp": "", "scipy": "", "tbb": ""}, "requirements": {"appdirs": "", "cmake": "", "conan": "", "ess-dmsc::ess-streaming-data-types": "", "h5py": "", "ipykernel": "6.3.1", "ipympl": "", "ipywidgets": "", "mantid-framework": "", "matplotlib-base": "", "ninja": "", "numpy": "", "pip": "", "pooch": "", "python-configuration": "", "python-confluent-kafka": "", "pythreejs": "", "pyyaml": "", "scipp::scipp": "", "scipy": "", "tbb": ""}, "commit_hash": "6cdafc42e9f876adc14efa754cf21dc707fa87de", "date": 1635311095000, "env_name": "conda-py3.9-appdirs-cmake-conan-ess-dmsc__ess-streaming-data-types-h5py-ipykernel6.3.1-ipympl-ipywidgets-mantid-framework-matplotlib-base-ninja-numpy-pip-pooch-python-configuration-python-confluent-kafka-pythreejs-pyyaml-scipp__scipp-scipy-tbb", "python": "3.9", "profiles": {}, "started_at": {"load_nexus.LoadNexus.time_load_event_nexus": 1635441591310, "transform_coords.TransformCoords.time_energy_to_tof": 1635441603614, "transform_coords.TransformCoords.time_tof_to_dspacing": 1635441622791, "transform_coords.TransformCoords.time_tof_to_energy": 1635441641514, "transform_coords.TransformCoords.time_tof_to_wavelength": 1635441661241, "transform_coords.TransformCoords.time_wavelength_to_tof": 1635441679856}, "ended_at": {"load_nexus.LoadNexus.time_load_event_nexus": 1635441603614, "transform_coords.TransformCoords.time_energy_to_tof": 1635441622791, "transform_coords.TransformCoords.time_tof_to_dspacing": 1635441641514, "transform_coords.TransformCoords.time_tof_to_energy": 1635441661241, "transform_coords.TransformCoords.time_tof_to_wavelength": 1635441679855, "transform_coords.TransformCoords.time_wavelength_to_tof": 1635441698627}, "benchmark_version": {"load_nexus.LoadNexus.time_load_event_nexus": "9bb61e37c240f4221eff71f827efb0f1cfb5371f7c6b0e72f79b9ca92578e5e9", "transform_coords.TransformCoords.time_energy_to_tof": "f1ea8beffb41e75997f96056160ef6dd12d9afb53546d00f7e0cb2b307a616bb", "transform_coords.TransformCoords.time_tof_to_dspacing": "76d3e8bdf45621127e026f90298e8f292d01ddb57cb7caf05a5ce555a659d8ac", "transform_coords.TransformCoords.time_tof_to_energy": "32774381c7e0285d159959187b4537339285cc2573292bc6b39f5edd04d4bc0b", "transform_coords.TransformCoords.time_tof_to_wavelength": "46879c3a68b31604accd5a00f4187eb567d166242d70d944aa010a5d6f8de380", "transform_coords.TransformCoords.time_wavelength_to_tof": "d4710ab73daad9eb187b2c50c320802720ae09b880a656f3ac5284d75fea178b"}, "version": 1}