{"results": {"load_nexus.LoadNexus.time_load_event_nexus": {"result": [4.680781886999995], "stats": [{"ci_99": [4.403131053922514, 4.912688102077491], "q_25": 4.605557958250003, "q_75": 4.733133506749994, "min": 4.518144859000017, "max": 4.751929679, "mean": 4.657909578000002, "std": 0.09174437600482256, "repeat": 4, "number": 1}]}, "transform_coords.TransformCoords.time_energy_to_tof": {"result": [0.001334066666672129], "stats": [{"ci_99": [0.001313706229085194, 0.00135401510424866], "q_25": 0.0013241870833340386, "q_75": 0.0013425079999933587, "min": 0.0013177075000025222, "max": 0.0013511074999996708, "mean": 0.0013338606666669268, "std": 1.1852429914619058e-05, "repeat": 6, "number": 6}]}, "transform_coords.TransformCoords.time_tof_to_dspacing": {"result": [0.03400063550000709], "stats": [{"ci_99": [0.033926648623362095, 0.03409674099998483], "q_25": 0.03397684274999335, "q_75": 0.034033789000019965, "min": 0.0339361280000503, "max": 0.03409674099998483, "mean": 0.034007982000010394, "std": 5.122932161410773e-05, "repeat": 6, "number": 1}]}, "transform_coords.TransformCoords.time_tof_to_energy": {"result": [0.2552642765000144], "stats": [{"ci_99": [0.2549198515764526, 0.25562879042353187], "q_25": 0.25514748324999914, "q_75": 0.2554161509999773, "min": 0.254945121999981, "max": 0.2555969229999846, "mean": 0.2552743209999922, "std": 0.000214587717552627, "repeat": 6, "number": 1}]}, "transform_coords.TransformCoords.time_tof_to_wavelength": {"result": [0.001324190916667097], "stats": [{"ci_99": [0.001314999284846547, 0.0013337578333221245], "q_25": 0.0013195326250041717, "q_75": 0.0013266368333357075, "min": 0.0013167904999988878, "max": 0.0013337578333221245, "mean": 0.001324060361110608, "std": 5.666663085470243e-06, "repeat": 6, "number": 6}]}, "transform_coords.TransformCoords.time_wavelength_to_tof": {"result": [0.03181622899995773], "stats": [{"ci_99": [0.03171848421211955, 0.03189730978784768], "q_25": 0.03176124624998522, "q_75": 0.031847133749963064, "min": 0.031733183000028475, "max": 0.03188138699999854, "mean": 0.03180789699998362, "std": 5.3848137241501485e-05, "repeat": 6, "number": 1}]}}, "params": {"cpu": "2 Core CPU", "machine": "cloud-container", "os": "Ubuntu latest", "ram": "7GB", "python": "3.9", "appdirs": "", "cmake": "", "conan": "", "ess-dmsc::ess-streaming-data-types": "", "h5py": "", "ipykernel": "6.3.1", "ipympl": "", "ipywidgets": "", "mantid-framework": "", "matplotlib-base": "", "ninja": "", "numpy": "", "pip": "", "pooch": "", "python-configuration": "", "python-confluent-kafka": "", "pythreejs": "", "pyyaml": "", "scipp::scipp": "", "scipy": "", "tbb": ""}, "requirements": {"appdirs": "", "cmake": "", "conan": "", "ess-dmsc::ess-streaming-data-types": "", "h5py": "", "ipykernel": "6.3.1", "ipympl": "", "ipywidgets": "", "mantid-framework": "", "matplotlib-base": "", "ninja": "", "numpy": "", "pip": "", "pooch": "", "python-configuration": "", "python-confluent-kafka": "", "pythreejs": "", "pyyaml": "", "scipp::scipp": "", "scipy": "", "tbb": ""}, "commit_hash": "6cdafc42e9f876adc14efa754cf21dc707fa87de", "date": 1635311095000, "env_name": "conda-py3.9-appdirs-cmake-conan-ess-dmsc__ess-streaming-data-types-h5py-ipykernel6.3.1-ipympl-ipywidgets-mantid-framework-matplotlib-base-ninja-numpy-pip-pooch-python-configuration-python-confluent-kafka-pythreejs-pyyaml-scipp__scipp-scipy-tbb", "python": "3.9", "profiles": {}, "started_at": {"load_nexus.LoadNexus.time_load_event_nexus": 1635358296922, "transform_coords.TransformCoords.time_energy_to_tof": 1635358311418, "transform_coords.TransformCoords.time_tof_to_dspacing": 1635358329617, "transform_coords.TransformCoords.time_tof_to_energy": 1635358347972, "transform_coords.TransformCoords.time_tof_to_wavelength": 1635358367031, "transform_coords.TransformCoords.time_wavelength_to_tof": 1635358385233}, "ended_at": {"load_nexus.LoadNexus.time_load_event_nexus": 1635358311417, "transform_coords.TransformCoords.time_energy_to_tof": 1635358329617, "transform_coords.TransformCoords.time_tof_to_dspacing": 1635358347971, "transform_coords.TransformCoords.time_tof_to_energy": 1635358367031, "transform_coords.TransformCoords.time_tof_to_wavelength": 1635358385233, "transform_coords.TransformCoords.time_wavelength_to_tof": 1635358403489}, "benchmark_version": {"load_nexus.LoadNexus.time_load_event_nexus": "9bb61e37c240f4221eff71f827efb0f1cfb5371f7c6b0e72f79b9ca92578e5e9", "transform_coords.TransformCoords.time_energy_to_tof": "f1ea8beffb41e75997f96056160ef6dd12d9afb53546d00f7e0cb2b307a616bb", "transform_coords.TransformCoords.time_tof_to_dspacing": "76d3e8bdf45621127e026f90298e8f292d01ddb57cb7caf05a5ce555a659d8ac", "transform_coords.TransformCoords.time_tof_to_energy": "32774381c7e0285d159959187b4537339285cc2573292bc6b39f5edd04d4bc0b", "transform_coords.TransformCoords.time_tof_to_wavelength": "46879c3a68b31604accd5a00f4187eb567d166242d70d944aa010a5d6f8de380", "transform_coords.TransformCoords.time_wavelength_to_tof": "d4710ab73daad9eb187b2c50c320802720ae09b880a656f3ac5284d75fea178b"}, "version": 1}