{"results": {"load_nexus.LoadNexus.time_load_event_nexus": {"result": [5.03034356149999], "stats": [{"ci_99": [-0.33101866349977627, 10.391705786499752], "q_25": 4.976729939249992, "q_75": 5.0839571837499875, "min": 4.9231163169999945, "max": 5.137570805999985, "mean": 5.03034356149999, "std": 0.10722724449999532, "repeat": 2, "number": 1}]}, "transform_coords.TransformCoords.time_energy_to_tof": {"result": [0.0013801079999922194], "stats": [{"ci_99": [0.0012871799077207894, 0.001728837000001704], "q_25": 0.001369603666667274, "q_75": 0.0014083373333306781, "min": 0.0013629829999975602, "max": 0.001728837000001704, "mean": 0.0014393142222199156, "std": 0.00013063241276716294, "repeat": 6, "number": 6}]}, "transform_coords.TransformCoords.time_tof_to_dspacing": {"result": [0.03785199749995627], "stats": [{"ci_99": [0.03565319920524936, 0.04445713099994464], "q_25": 0.0372686682499932, "q_75": 0.038044347250007604, "min": 0.03701483399999006, "max": 0.04445713099994464, "mean": 0.03872644149997958, "std": 0.00259352029437449, "repeat": 6, "number": 1}]}, "transform_coords.TransformCoords.time_tof_to_energy": {"result": [0.26028665900003034], "stats": [{"ci_99": [0.25929537647568374, 0.2613879575243393], "q_25": 0.2598322430000053, "q_75": 0.26058907699996325, "min": 0.2597832420000259, "max": 0.2612171140000328, "mean": 0.2603416670000115, "std": 0.0005295273987954848, "repeat": 5, "number": 1}]}, "transform_coords.TransformCoords.time_tof_to_wavelength": {"result": [0.0017529873333520147], "stats": [{"ci_99": [0.0003137668186426446, 0.0037744648480331506], "q_25": 0.0016620614166669156, "q_75": 0.0021350417500229923, "min": 0.0014335836666532487, "max": 0.0032369049999942945, "mean": 0.002044115833337893, "std": 0.0007009713329636389, "repeat": 4, "number": 3}]}, "transform_coords.TransformCoords.time_wavelength_to_tof": {"result": [0.036589031999938015], "stats": [{"ci_99": [0.0335876815476313, 0.041824096999903304], "q_25": 0.03603112799999053, "q_75": 0.03670883300003425, "min": 0.03540883300001951, "max": 0.041824096999903304, "mean": 0.03731238459997712, "std": 0.0023025285868425167, "repeat": 5, "number": 1}]}}, "params": {"cpu": "2 Core CPU", "machine": "cloud-container", "os": "Ubuntu latest", "ram": "7GB", "python": "3.9", "appdirs": "", "cmake": "", "conan": "", "ess-dmsc::ess-streaming-data-types": "", "h5py": "", "ipykernel": "6.3.1", "ipympl": "", "ipywidgets": "", "mantid-framework": "", "matplotlib-base": "", "ninja": "", "numpy": "", "pip": "", "pooch": "", "python-configuration": "", "python-confluent-kafka": "", "pythreejs": "", "pyyaml": "", "scipp::scipp": "", "scipy": "", "tbb": ""}, "requirements": {"appdirs": "", "cmake": "", "conan": "", "ess-dmsc::ess-streaming-data-types": "", "h5py": "", "ipykernel": "6.3.1", "ipympl": "", "ipywidgets": "", "mantid-framework": "", "matplotlib-base": "", "ninja": "", "numpy": "", "pip": "", "pooch": "", "python-configuration": "", "python-confluent-kafka": "", "pythreejs": "", "pyyaml": "", "scipp::scipp": "", "scipy": "", "tbb": ""}, "commit_hash": "6cdafc42e9f876adc14efa754cf21dc707fa87de", "date": 1635311095000, "env_name": "conda-py3.9-appdirs-cmake-conan-ess-dmsc__ess-streaming-data-types-h5py-ipykernel6.3.1-ipympl-ipywidgets-mantid-framework-matplotlib-base-ninja-numpy-pip-pooch-python-configuration-python-confluent-kafka-pythreejs-pyyaml-scipp__scipp-scipy-tbb", "python": "3.9", "profiles": {}, "started_at": {"load_nexus.LoadNexus.time_load_event_nexus": 1635394315966, "transform_coords.TransformCoords.time_energy_to_tof": 1635394326459, "transform_coords.TransformCoords.time_tof_to_dspacing": 1635394346272, "transform_coords.TransformCoords.time_tof_to_energy": 1635394366889, "transform_coords.TransformCoords.time_tof_to_wavelength": 1635394383589, "transform_coords.TransformCoords.time_wavelength_to_tof": 1635394405308}, "ended_at": {"load_nexus.LoadNexus.time_load_event_nexus": 1635394326458, "transform_coords.TransformCoords.time_energy_to_tof": 1635394346272, "transform_coords.TransformCoords.time_tof_to_dspacing": 1635394366889, "transform_coords.TransformCoords.time_tof_to_energy": 1635394383589, "transform_coords.TransformCoords.time_tof_to_wavelength": 1635394405307, "transform_coords.TransformCoords.time_wavelength_to_tof": 1635394429937}, "benchmark_version": {"load_nexus.LoadNexus.time_load_event_nexus": "9bb61e37c240f4221eff71f827efb0f1cfb5371f7c6b0e72f79b9ca92578e5e9", "transform_coords.TransformCoords.time_energy_to_tof": "f1ea8beffb41e75997f96056160ef6dd12d9afb53546d00f7e0cb2b307a616bb", "transform_coords.TransformCoords.time_tof_to_dspacing": "76d3e8bdf45621127e026f90298e8f292d01ddb57cb7caf05a5ce555a659d8ac", "transform_coords.TransformCoords.time_tof_to_energy": "32774381c7e0285d159959187b4537339285cc2573292bc6b39f5edd04d4bc0b", "transform_coords.TransformCoords.time_tof_to_wavelength": "46879c3a68b31604accd5a00f4187eb567d166242d70d944aa010a5d6f8de380", "transform_coords.TransformCoords.time_wavelength_to_tof": "d4710ab73daad9eb187b2c50c320802720ae09b880a656f3ac5284d75fea178b"}, "version": 1}