{"results": {"load_nexus.LoadNexus.time_load_event_nexus": {"result": [4.901773350999974], "stats": [{"ci_99": [4.6640207856128, 5.1417188803871445], "q_25": 4.876569564999954, "q_75": 4.928621859999993, "min": 4.851365778999934, "max": 4.955470369000011, "mean": 4.902869832999973, "std": 0.042507592414793086, "repeat": 3, "number": 1}]}, "transform_coords.TransformCoords.time_energy_to_tof": {"result": [0.0013424163333345027], "stats": [{"ci_99": [0.0013227954083729876, 0.0013953840000056061], "q_25": 0.001339261458326746, "q_75": 0.0013478075833314544, "min": 0.0013308648333349993, "max": 0.0013953840000056061, "mean": 0.0013498159999995906, "std": 2.1108374891869157e-05, "repeat": 6, "number": 6}]}, "transform_coords.TransformCoords.time_tof_to_dspacing": {"result": [0.03732718999998497], "stats": [{"ci_99": [0.0367846770000142, 0.037529029543254995], "q_25": 0.03729206050000755, "q_75": 0.03736819050003248, "min": 0.0367846770000142, "max": 0.03744145399991794, "mean": 0.03725711983332758, "std": 0.0002170995079764205, "repeat": 6, "number": 1}]}, "transform_coords.TransformCoords.time_tof_to_energy": {"result": [0.26096134849998975], "stats": [{"ci_99": [0.2592957686571739, 0.2643888869999955], "q_25": 0.26061521125005527, "q_75": 0.2630617807500073, "min": 0.26037992099998064, "max": 0.2643888869999955, "mean": 0.2618255436666743, "std": 0.001601274496666669, "repeat": 6, "number": 1}]}, "transform_coords.TransformCoords.time_tof_to_wavelength": {"result": [0.0013609839166643192], "stats": [{"ci_99": [0.0013267195556432485, 0.001392665166581609], "q_25": 0.0013428462083382442, "q_75": 0.0013728093749965826, "min": 0.001334017499999618, "max": 0.0013886173333427603, "mean": 0.0013596923611124288, "std": 1.9447490881115645e-05, "repeat": 6, "number": 6}]}, "transform_coords.TransformCoords.time_wavelength_to_tof": {"result": [0.034898682999994435], "stats": [{"ci_99": [0.0344266556558359, 0.03539833600007114], "q_25": 0.0347260672500056, "q_75": 0.03503983325003901, "min": 0.03445182399991609, "max": 0.03539833600007114, "mean": 0.034900489666673216, "std": 0.000297674934869294, "repeat": 6, "number": 1}]}}, "params": {"cpu": "2 Core CPU", "machine": "cloud-container", "os": "Ubuntu latest", "ram": "7GB", "python": "3.9", "appdirs": "", "cmake": "", "conan": "", "ess-dmsc::ess-streaming-data-types": "", "h5py": "", "ipykernel": "6.3.1", "ipympl": "", "ipywidgets": "", "mantid-framework": "", "matplotlib-base": "", "ninja": "", "numpy": "", "pip": "", "pooch": "", "python-configuration": "", "python-confluent-kafka": "", "pythreejs": "", "pyyaml": "", "scipp::scipp": "", "scipy": "", "tbb": ""}, "requirements": {"appdirs": "", "cmake": "", "conan": "", "ess-dmsc::ess-streaming-data-types": "", "h5py": "", "ipykernel": "6.3.1", "ipympl": "", "ipywidgets": "", "mantid-framework": "", "matplotlib-base": "", "ninja": "", "numpy": "", "pip": "", "pooch": "", "python-configuration": "", "python-confluent-kafka": "", "pythreejs": "", "pyyaml": "", "scipp::scipp": "", "scipy": "", "tbb": ""}, "commit_hash": "6cdafc42e9f876adc14efa754cf21dc707fa87de", "date": 1635311095000, "env_name": "conda-py3.9-appdirs-cmake-conan-ess-dmsc__ess-streaming-data-types-h5py-ipykernel6.3.1-ipympl-ipywidgets-mantid-framework-matplotlib-base-ninja-numpy-pip-pooch-python-configuration-python-confluent-kafka-pythreejs-pyyaml-scipp__scipp-scipy-tbb", "python": "3.9", "profiles": {}, "started_at": {"load_nexus.LoadNexus.time_load_event_nexus": 1635472383371, "transform_coords.TransformCoords.time_energy_to_tof": 1635472398773, "transform_coords.TransformCoords.time_tof_to_dspacing": 1635472417885, "transform_coords.TransformCoords.time_tof_to_energy": 1635472437194, "transform_coords.TransformCoords.time_tof_to_wavelength": 1635472457254, "transform_coords.TransformCoords.time_wavelength_to_tof": 1635472476313}, "ended_at": {"load_nexus.LoadNexus.time_load_event_nexus": 1635472398772, "transform_coords.TransformCoords.time_energy_to_tof": 1635472417884, "transform_coords.TransformCoords.time_tof_to_dspacing": 1635472437194, "transform_coords.TransformCoords.time_tof_to_energy": 1635472457254, "transform_coords.TransformCoords.time_tof_to_wavelength": 1635472476313, "transform_coords.TransformCoords.time_wavelength_to_tof": 1635472495528}, "benchmark_version": {"load_nexus.LoadNexus.time_load_event_nexus": "9bb61e37c240f4221eff71f827efb0f1cfb5371f7c6b0e72f79b9ca92578e5e9", "transform_coords.TransformCoords.time_energy_to_tof": "f1ea8beffb41e75997f96056160ef6dd12d9afb53546d00f7e0cb2b307a616bb", "transform_coords.TransformCoords.time_tof_to_dspacing": "76d3e8bdf45621127e026f90298e8f292d01ddb57cb7caf05a5ce555a659d8ac", "transform_coords.TransformCoords.time_tof_to_energy": "32774381c7e0285d159959187b4537339285cc2573292bc6b39f5edd04d4bc0b", "transform_coords.TransformCoords.time_tof_to_wavelength": "46879c3a68b31604accd5a00f4187eb567d166242d70d944aa010a5d6f8de380", "transform_coords.TransformCoords.time_wavelength_to_tof": "d4710ab73daad9eb187b2c50c320802720ae09b880a656f3ac5284d75fea178b"}, "version": 1}