{"results": {"load_nexus.LoadNexus.time_load_event_nexus": {"result": [4.741076213000014], "stats": [{"ci_99": [4.6120563700108805, 4.941332783489125], "q_25": 4.732269293500025, "q_75": 4.785501496249992, "min": 4.730254090000017, "max": 4.894371790999969, "mean": 4.776694576750003, "std": 0.06832705120526786, "repeat": 4, "number": 1}]}, "transform_coords.TransformCoords.time_energy_to_tof": {"result": [0.0013323567500028353], "stats": [{"ci_99": [0.0013060199955014834, 0.0013862989999987956], "q_25": 0.001324848583337257, "q_75": 0.0013470652916633223, "min": 0.0013166148333236076, "max": 0.0013862989999987956, "mean": 0.0013403235555544929, "std": 2.3187729116053506e-05, "repeat": 6, "number": 6}]}, "transform_coords.TransformCoords.time_tof_to_dspacing": {"result": [0.03664763899996615], "stats": [{"ci_99": [0.03638616519076692, 0.036950659142548165], "q_25": 0.03651986600002033, "q_75": 0.036796174249985825, "min": 0.03648471399998243, "max": 0.03690751999999975, "mean": 0.03666841216665754, "std": 0.00016376351540848587, "repeat": 6, "number": 1}]}, "transform_coords.TransformCoords.time_tof_to_energy": {"result": [0.25983644449996746], "stats": [{"ci_99": [0.25943080332588, 0.2601017916740691], "q_25": 0.2595756674999876, "q_75": 0.2599428684999765, "min": 0.25949173899994094, "max": 0.25996607199999744, "mean": 0.25976629749997454, "std": 0.00019831490835585754, "repeat": 6, "number": 1}]}, "transform_coords.TransformCoords.time_tof_to_wavelength": {"result": [0.0013202149999974229], "stats": [{"ci_99": [0.0013050315000005714, 0.0013324225138803577], "q_25": 0.0013142348333351113, "q_75": 0.0013233941666660105, "min": 0.0013050315000005714, "max": 0.0013314471666679613, "mean": 0.0013189339999999875, "std": 8.406966339976624e-06, "repeat": 6, "number": 6}]}, "transform_coords.TransformCoords.time_wavelength_to_tof": {"result": [0.034272844999975405], "stats": [{"ci_99": [0.03402385486002228, 0.03463587347328866], "q_25": 0.034202301500016574, "q_75": 0.03448288324997861, "min": 0.03409472200007713, "max": 0.034607089999894924, "mean": 0.034329864166655476, "std": 0.0001874983168657145, "repeat": 6, "number": 1}]}}, "params": {"cpu": "2 Core CPU", "machine": "cloud-container", "os": "Ubuntu latest", "ram": "7GB", "python": "3.9", "appdirs": "", "cmake": "", "conan": "", "ess-dmsc::ess-streaming-data-types": "", "h5py": "", "ipykernel": "6.3.1", "ipympl": "", "ipywidgets": "", "mantid-framework": "", "matplotlib-base": "", "ninja": "", "numpy": "", "pip": "", "pooch": "", "python-configuration": "", "python-confluent-kafka": "", "pythreejs": "", "pyyaml": "", "scipp::scipp": "", "scipy": "", "tbb": ""}, "requirements": {"appdirs": "", "cmake": "", "conan": "", "ess-dmsc::ess-streaming-data-types": "", "h5py": "", "ipykernel": "6.3.1", "ipympl": "", "ipywidgets": "", "mantid-framework": "", "matplotlib-base": "", "ninja": "", "numpy": "", "pip": "", "pooch": "", "python-configuration": "", "python-confluent-kafka": "", "pythreejs": "", "pyyaml": "", "scipp::scipp": "", "scipy": "", "tbb": ""}, "commit_hash": "6cdafc42e9f876adc14efa754cf21dc707fa87de", "date": 1635311095000, "env_name": "conda-py3.9-appdirs-cmake-conan-ess-dmsc__ess-streaming-data-types-h5py-ipykernel6.3.1-ipympl-ipywidgets-mantid-framework-matplotlib-base-ninja-numpy-pip-pooch-python-configuration-python-confluent-kafka-pythreejs-pyyaml-scipp__scipp-scipy-tbb", "python": "3.9", "profiles": {}, "started_at": {"load_nexus.LoadNexus.time_load_event_nexus": 1635480731089, "transform_coords.TransformCoords.time_energy_to_tof": 1635480746139, "transform_coords.TransformCoords.time_tof_to_dspacing": 1635480765048, "transform_coords.TransformCoords.time_tof_to_energy": 1635480784055, "transform_coords.TransformCoords.time_tof_to_wavelength": 1635480803873, "transform_coords.TransformCoords.time_wavelength_to_tof": 1635480822781}, "ended_at": {"load_nexus.LoadNexus.time_load_event_nexus": 1635480746139, "transform_coords.TransformCoords.time_energy_to_tof": 1635480765047, "transform_coords.TransformCoords.time_tof_to_dspacing": 1635480784055, "transform_coords.TransformCoords.time_tof_to_energy": 1635480803872, "transform_coords.TransformCoords.time_tof_to_wavelength": 1635480822781, "transform_coords.TransformCoords.time_wavelength_to_tof": 1635480841789}, "benchmark_version": {"load_nexus.LoadNexus.time_load_event_nexus": "9bb61e37c240f4221eff71f827efb0f1cfb5371f7c6b0e72f79b9ca92578e5e9", "transform_coords.TransformCoords.time_energy_to_tof": "f1ea8beffb41e75997f96056160ef6dd12d9afb53546d00f7e0cb2b307a616bb", "transform_coords.TransformCoords.time_tof_to_dspacing": "76d3e8bdf45621127e026f90298e8f292d01ddb57cb7caf05a5ce555a659d8ac", "transform_coords.TransformCoords.time_tof_to_energy": "32774381c7e0285d159959187b4537339285cc2573292bc6b39f5edd04d4bc0b", "transform_coords.TransformCoords.time_tof_to_wavelength": "46879c3a68b31604accd5a00f4187eb567d166242d70d944aa010a5d6f8de380", "transform_coords.TransformCoords.time_wavelength_to_tof": "d4710ab73daad9eb187b2c50c320802720ae09b880a656f3ac5284d75fea178b"}, "version": 1}