{"results": {"load_nexus.LoadNexus.time_load_event_nexus": {"result": [5.434270558500003], "stats": [{"ci_99": [1.3170301834975078, 9.551510933502495], "q_25": 5.393098154749978, "q_75": 5.475442962250028, "min": 5.351925750999953, "max": 5.516615366000053, "mean": 5.434270558500003, "std": 0.08234480750004991, "repeat": 2, "number": 1}]}, "transform_coords.TransformCoords.time_energy_to_tof": {"result": [0.001480117749996642], "stats": [{"ci_99": [0.0012457671792993827, 0.0017640355707009049], "q_25": 0.0014572466250015736, "q_75": 0.0015277724999952131, "min": 0.0013926835000006577, "max": 0.0016666865000066384, "mean": 0.001504901375000145, "std": 9.999922465872099e-05, "repeat": 4, "number": 6}]}, "transform_coords.TransformCoords.time_tof_to_dspacing": {"result": [0.04479778650002686], "stats": [{"ci_99": [0.04299583543825247, 0.04641598556177473], "q_25": 0.04425175625001998, "q_75": 0.04525194075002048, "min": 0.04390562300000056, "max": 0.04532244600000013, "mean": 0.0447059105000136, "std": 0.0005933762835863156, "repeat": 4, "number": 1}]}, "transform_coords.TransformCoords.time_tof_to_energy": {"result": [0.30575557650001883], "stats": [{"ci_99": [0.28876513850093705, 0.32004437599908675], "q_25": 0.3015929220000544, "q_75": 0.3085674117499764, "min": 0.29546032500002184, "max": 0.3106475509999882, "mean": 0.3044047572500119, "std": 0.005735862506684397, "repeat": 4, "number": 1}]}, "transform_coords.TransformCoords.time_tof_to_wavelength": {"result": [0.0015469185833296706], "stats": [{"ci_99": [0.0014320769640868833, 0.0016464683692463352], "q_25": 0.0015224807916638383, "q_75": 0.001563710458332442, "min": 0.001477017666672964, "max": 0.0015862358333341338, "mean": 0.0015392726666666097, "std": 3.990773039457168e-05, "repeat": 4, "number": 6}]}, "transform_coords.TransformCoords.time_wavelength_to_tof": {"result": [0.04055443749996357], "stats": [{"ci_99": [0.040189331876551944, 0.041029343123450406], "q_25": 0.04051961149994554, "q_75": 0.040644163500019204, "min": 0.04044408499999008, "max": 0.04088439000008748, "mean": 0.040609337500001175, "std": 0.0001652093753950343, "repeat": 4, "number": 1}]}}, "params": {"cpu": "2 Core CPU", "machine": "cloud-container", "os": "Ubuntu latest", "ram": "7GB", "python": "3.9", "appdirs": "", "cmake": "", "conan": "", "ess-dmsc::ess-streaming-data-types": "", "h5py": "", "ipykernel": "6.3.1", "ipympl": "", "ipywidgets": "", "mantid-framework": "", "matplotlib-base": "", "ninja": "", "numpy": "", "pip": "", "pooch": "", "python-configuration": "", "python-confluent-kafka": "", "pythreejs": "", "pyyaml": "", "scipp::scipp": "", "scipy": "", "tbb": ""}, "requirements": {"appdirs": "", "cmake": "", "conan": "", "ess-dmsc::ess-streaming-data-types": "", "h5py": "", "ipykernel": "6.3.1", "ipympl": "", "ipywidgets": "", "mantid-framework": "", "matplotlib-base": "", "ninja": "", "numpy": "", "pip": "", "pooch": "", "python-configuration": "", "python-confluent-kafka": "", "pythreejs": "", "pyyaml": "", "scipp::scipp": "", "scipy": "", "tbb": ""}, "commit_hash": "6cdafc42e9f876adc14efa754cf21dc707fa87de", "date": 1635311095000, "env_name": "conda-py3.9-appdirs-cmake-conan-ess-dmsc__ess-streaming-data-types-h5py-ipykernel6.3.1-ipympl-ipywidgets-mantid-framework-matplotlib-base-ninja-numpy-pip-pooch-python-configuration-python-confluent-kafka-pythreejs-pyyaml-scipp__scipp-scipy-tbb", "python": "3.9", "profiles": {}, "started_at": {"load_nexus.LoadNexus.time_load_event_nexus": 1635386057987, "transform_coords.TransformCoords.time_energy_to_tof": 1635386069476, "transform_coords.TransformCoords.time_tof_to_dspacing": 1635386086629, "transform_coords.TransformCoords.time_tof_to_energy": 1635386103836, "transform_coords.TransformCoords.time_tof_to_wavelength": 1635386121997, "transform_coords.TransformCoords.time_wavelength_to_tof": 1635386139304}, "ended_at": {"load_nexus.LoadNexus.time_load_event_nexus": 1635386069475, "transform_coords.TransformCoords.time_energy_to_tof": 1635386086629, "transform_coords.TransformCoords.time_tof_to_dspacing": 1635386103836, "transform_coords.TransformCoords.time_tof_to_energy": 1635386121996, "transform_coords.TransformCoords.time_tof_to_wavelength": 1635386139304, "transform_coords.TransformCoords.time_wavelength_to_tof": 1635386156761}, "benchmark_version": {"load_nexus.LoadNexus.time_load_event_nexus": "9bb61e37c240f4221eff71f827efb0f1cfb5371f7c6b0e72f79b9ca92578e5e9", "transform_coords.TransformCoords.time_energy_to_tof": "f1ea8beffb41e75997f96056160ef6dd12d9afb53546d00f7e0cb2b307a616bb", "transform_coords.TransformCoords.time_tof_to_dspacing": "76d3e8bdf45621127e026f90298e8f292d01ddb57cb7caf05a5ce555a659d8ac", "transform_coords.TransformCoords.time_tof_to_energy": "32774381c7e0285d159959187b4537339285cc2573292bc6b39f5edd04d4bc0b", "transform_coords.TransformCoords.time_tof_to_wavelength": "46879c3a68b31604accd5a00f4187eb567d166242d70d944aa010a5d6f8de380", "transform_coords.TransformCoords.time_wavelength_to_tof": "d4710ab73daad9eb187b2c50c320802720ae09b880a656f3ac5284d75fea178b"}, "version": 1}