{"results": {"load_nexus.LoadNexus.time_load_event_nexus": {"result": [4.758391165000035], "stats": [{"ci_99": [4.600245020304191, 4.986847598195846], "q_25": 4.745495876250004, "q_75": 4.806441598000049, "min": 4.729537832999995, "max": 4.92786507400001, "mean": 4.793546309250019, "std": 0.07862120212506232, "repeat": 4, "number": 1}]}, "transform_coords.TransformCoords.time_energy_to_tof": {"result": [0.001353591166662227], "stats": [{"ci_99": [0.001310258537615328, 0.0014200194999981857], "q_25": 0.0013364657500005706, "q_75": 0.0013797680833391723, "min": 0.0013267671666691665, "max": 0.0014200194999981857, "mean": 0.0013622033333338852, "std": 3.231415862890793e-05, "repeat": 6, "number": 6}]}, "transform_coords.TransformCoords.time_tof_to_dspacing": {"result": [0.03616674149998289], "stats": [{"ci_99": [0.035698528230170494, 0.03714827700002843], "q_25": 0.03604534924997438, "q_75": 0.036560967250039766, "min": 0.035940992999940136, "max": 0.03714827700002843, "mean": 0.03635333566666077, "std": 0.00042636764191089437, "repeat": 6, "number": 1}]}, "transform_coords.TransformCoords.time_tof_to_energy": {"result": [0.2589784245000146], "stats": [{"ci_99": [0.2498387263441277, 0.28207047800003693], "q_25": 0.25863998999992077, "q_75": 0.26126327624999135, "min": 0.2519044869999334, "max": 0.28207047800003693, "mean": 0.26208064766664546, "std": 0.009439202230868452, "repeat": 6, "number": 1}]}, "transform_coords.TransformCoords.time_tof_to_wavelength": {"result": [0.0013489088333358268], "stats": [{"ci_99": [0.0013227222128755652, 0.0013856678333278676], "q_25": 0.0013384625416724323, "q_75": 0.0013510542500038507, "min": 0.001326817166670935, "max": 0.0013856678333278676, "mean": 0.0013495087500024914, "std": 1.8435438587632923e-05, "repeat": 6, "number": 6}]}, "transform_coords.TransformCoords.time_wavelength_to_tof": {"result": [0.03415628950000382], "stats": [{"ci_99": [0.03351848735000491, 0.03547009800001888], "q_25": 0.03398124699995719, "q_75": 0.03473726424999768, "min": 0.0338886279999997, "max": 0.03547009800001888, "mean": 0.034420854499993915, "std": 0.0005747501202130135, "repeat": 6, "number": 1}]}}, "params": {"cpu": "2 Core CPU", "machine": "cloud-container", "os": "Ubuntu latest", "ram": "7GB", "python": "3.9", "appdirs": "", "cmake": "", "conan": "", "ess-dmsc::ess-streaming-data-types": "", "h5py": "", "ipykernel": "6.3.1", "ipympl": "", "ipywidgets": "", "mantid-framework": "", "matplotlib-base": "", "ninja": "", "numpy": "", "pip": "", "pooch": "", "python-configuration": "", "python-confluent-kafka": "", "pythreejs": "", "pyyaml": "", "scipp::scipp": "", "scipy": "", "tbb": ""}, "requirements": {"appdirs": "", "cmake": "", "conan": "", "ess-dmsc::ess-streaming-data-types": "", "h5py": "", "ipykernel": "6.3.1", "ipympl": "", "ipywidgets": "", "mantid-framework": "", "matplotlib-base": "", "ninja": "", "numpy": "", "pip": "", "pooch": "", "python-configuration": "", "python-confluent-kafka": "", "pythreejs": "", "pyyaml": "", "scipp::scipp": "", "scipy": "", "tbb": ""}, "commit_hash": "6cdafc42e9f876adc14efa754cf21dc707fa87de", "date": 1635311095000, "env_name": "conda-py3.9-appdirs-cmake-conan-ess-dmsc__ess-streaming-data-types-h5py-ipykernel6.3.1-ipympl-ipywidgets-mantid-framework-matplotlib-base-ninja-numpy-pip-pooch-python-configuration-python-confluent-kafka-pythreejs-pyyaml-scipp__scipp-scipy-tbb", "python": "3.9", "profiles": {}, "started_at": {"load_nexus.LoadNexus.time_load_event_nexus": 1635412232883, "transform_coords.TransformCoords.time_energy_to_tof": 1635412247936, "transform_coords.TransformCoords.time_tof_to_dspacing": 1635412266649, "transform_coords.TransformCoords.time_tof_to_energy": 1635412285459, "transform_coords.TransformCoords.time_tof_to_wavelength": 1635412305022, "transform_coords.TransformCoords.time_wavelength_to_tof": 1635412323728}, "ended_at": {"load_nexus.LoadNexus.time_load_event_nexus": 1635412247936, "transform_coords.TransformCoords.time_energy_to_tof": 1635412266648, "transform_coords.TransformCoords.time_tof_to_dspacing": 1635412285458, "transform_coords.TransformCoords.time_tof_to_energy": 1635412305021, "transform_coords.TransformCoords.time_tof_to_wavelength": 1635412323727, "transform_coords.TransformCoords.time_wavelength_to_tof": 1635412342482}, "benchmark_version": {"load_nexus.LoadNexus.time_load_event_nexus": "9bb61e37c240f4221eff71f827efb0f1cfb5371f7c6b0e72f79b9ca92578e5e9", "transform_coords.TransformCoords.time_energy_to_tof": "f1ea8beffb41e75997f96056160ef6dd12d9afb53546d00f7e0cb2b307a616bb", "transform_coords.TransformCoords.time_tof_to_dspacing": "76d3e8bdf45621127e026f90298e8f292d01ddb57cb7caf05a5ce555a659d8ac", "transform_coords.TransformCoords.time_tof_to_energy": "32774381c7e0285d159959187b4537339285cc2573292bc6b39f5edd04d4bc0b", "transform_coords.TransformCoords.time_tof_to_wavelength": "46879c3a68b31604accd5a00f4187eb567d166242d70d944aa010a5d6f8de380", "transform_coords.TransformCoords.time_wavelength_to_tof": "d4710ab73daad9eb187b2c50c320802720ae09b880a656f3ac5284d75fea178b"}, "version": 1}