{"results": {"load_nexus.LoadNexus.time_load_event_nexus": {"result": [4.741200021499935], "stats": [{"ci_99": [4.5908164493335395, 4.901715776166418], "q_25": 4.715708519749953, "q_75": 4.771757614499961, "min": 4.670847752000043, "max": 4.831816656000001, "mean": 4.746266112749979, "std": 0.05761998427066072, "repeat": 4, "number": 1}]}, "transform_coords.TransformCoords.time_energy_to_tof": {"result": [0.0013414323333336142], "stats": [{"ci_99": [0.0013099930081114813, 0.0013934498252250853], "q_25": 0.0013322155416659598, "q_75": 0.0013749497500015195, "min": 0.0013237988333401063, "max": 0.0013883995000014693, "mean": 0.0013517214166682834, "std": 2.5627157334926988e-05, "repeat": 6, "number": 6}]}, "transform_coords.TransformCoords.time_tof_to_dspacing": {"result": [0.03606602400003567], "stats": [{"ci_99": [0.035737472685461145, 0.03670793999998523], "q_25": 0.035938328250026075, "q_75": 0.036256200750045764, "min": 0.035921431000019766, "max": 0.03670793999998523, "mean": 0.036162795833358054, "std": 0.00027866674743320035, "repeat": 6, "number": 1}]}, "transform_coords.TransformCoords.time_tof_to_energy": {"result": [0.2586472135000122], "stats": [{"ci_99": [0.25756291124308833, 0.2612128570000323], "q_25": 0.2582481165000132, "q_75": 0.2590094127500038, "min": 0.25815451800008304, "max": 0.2612128570000323, "mean": 0.25898450533335904, "std": 0.0010494391597815924, "repeat": 6, "number": 1}]}, "transform_coords.TransformCoords.time_tof_to_wavelength": {"result": [0.0013432075000044583], "stats": [{"ci_99": [0.0013304154999976465, 0.0013510232686142862], "q_25": 0.0013419616666681122, "q_75": 0.001345990833331238, "min": 0.0013304154999976465, "max": 0.001349432499997268, "mean": 0.0013424546666666653, "std": 5.976025508709342e-06, "repeat": 6, "number": 6}]}, "transform_coords.TransformCoords.time_wavelength_to_tof": {"result": [0.03377569549996906], "stats": [{"ci_99": [0.03367746083356437, 0.033996997999963696], "q_25": 0.03376577174999795, "q_75": 0.03379011924997144, "min": 0.03369259399994462, "max": 0.033996997999963696, "mean": 0.033799728999971045, "std": 9.392951584402551e-05, "repeat": 6, "number": 1}]}}, "params": {"cpu": "2 Core CPU", "machine": "cloud-container", "os": "Ubuntu latest", "ram": "7GB", "python": "3.9", "appdirs": "", "cmake": "", "conan": "", "ess-dmsc::ess-streaming-data-types": "", "h5py": "", "ipykernel": "6.3.1", "ipympl": "", "ipywidgets": "", "mantid-framework": "", "matplotlib-base": "", "ninja": "", "numpy": "", "pip": "", "pooch": "", "python-configuration": "", "python-confluent-kafka": "", "pythreejs": "", "pyyaml": "", "scipp::scipp": "", "scipy": "", "tbb": ""}, "requirements": {"appdirs": "", "cmake": "", "conan": "", "ess-dmsc::ess-streaming-data-types": "", "h5py": "", "ipykernel": "6.3.1", "ipympl": "", "ipywidgets": "", "mantid-framework": "", "matplotlib-base": "", "ninja": "", "numpy": "", "pip": "", "pooch": "", "python-configuration": "", "python-confluent-kafka": "", "pythreejs": "", "pyyaml": "", "scipp::scipp": "", "scipy": "", "tbb": ""}, "commit_hash": "6cdafc42e9f876adc14efa754cf21dc707fa87de", "date": 1635311095000, "env_name": "conda-py3.9-appdirs-cmake-conan-ess-dmsc__ess-streaming-data-types-h5py-ipykernel6.3.1-ipympl-ipywidgets-mantid-framework-matplotlib-base-ninja-numpy-pip-pooch-python-configuration-python-confluent-kafka-pythreejs-pyyaml-scipp__scipp-scipy-tbb", "python": "3.9", "profiles": {}, "started_at": {"load_nexus.LoadNexus.time_load_event_nexus": 1635437567193, "transform_coords.TransformCoords.time_energy_to_tof": 1635437582141, "transform_coords.TransformCoords.time_tof_to_dspacing": 1635437600800, "transform_coords.TransformCoords.time_tof_to_energy": 1635437619554, "transform_coords.TransformCoords.time_tof_to_wavelength": 1635437639058, "transform_coords.TransformCoords.time_wavelength_to_tof": 1635437657864}, "ended_at": {"load_nexus.LoadNexus.time_load_event_nexus": 1635437582140, "transform_coords.TransformCoords.time_energy_to_tof": 1635437600800, "transform_coords.TransformCoords.time_tof_to_dspacing": 1635437619553, "transform_coords.TransformCoords.time_tof_to_energy": 1635437639058, "transform_coords.TransformCoords.time_tof_to_wavelength": 1635437657864, "transform_coords.TransformCoords.time_wavelength_to_tof": 1635437676619}, "benchmark_version": {"load_nexus.LoadNexus.time_load_event_nexus": "9bb61e37c240f4221eff71f827efb0f1cfb5371f7c6b0e72f79b9ca92578e5e9", "transform_coords.TransformCoords.time_energy_to_tof": "f1ea8beffb41e75997f96056160ef6dd12d9afb53546d00f7e0cb2b307a616bb", "transform_coords.TransformCoords.time_tof_to_dspacing": "76d3e8bdf45621127e026f90298e8f292d01ddb57cb7caf05a5ce555a659d8ac", "transform_coords.TransformCoords.time_tof_to_energy": "32774381c7e0285d159959187b4537339285cc2573292bc6b39f5edd04d4bc0b", "transform_coords.TransformCoords.time_tof_to_wavelength": "46879c3a68b31604accd5a00f4187eb567d166242d70d944aa010a5d6f8de380", "transform_coords.TransformCoords.time_wavelength_to_tof": "d4710ab73daad9eb187b2c50c320802720ae09b880a656f3ac5284d75fea178b"}, "version": 1}