{"results": {"load_nexus.LoadNexus.time_load_event_nexus": {"result": [5.690177566000017], "stats": [{"ci_99": [-1.3045400839979777, 12.684895215998004], "q_25": 5.620230389500037, "q_75": 5.760124742499997, "min": 5.550283213000057, "max": 5.830071918999977, "mean": 5.690177566000017, "std": 0.1398943529999599, "repeat": 2, "number": 1}]}, "transform_coords.TransformCoords.time_energy_to_tof": {"result": [0.001684567749999625], "stats": [{"ci_99": [0.0014399785753006844, 0.0019165119247051014], "q_25": 0.0016440216666661438, "q_75": 0.0017187913333363742, "min": 0.0015462581666649082, "max": 0.001797587333347413, "mean": 0.0016782452500028928, "std": 8.926048751213001e-05, "repeat": 4, "number": 6}]}, "transform_coords.TransformCoords.time_tof_to_dspacing": {"result": [0.04609203400008255], "stats": [{"ci_99": [0.041494781199996174, 0.04949480130007556], "q_25": 0.04512728125004628, "q_75": 0.04645954400007213, "min": 0.042835341999989396, "max": 0.046959754999988945, "mean": 0.04549479125003586, "std": 0.0015821509490475197, "repeat": 4, "number": 1}]}, "transform_coords.TransformCoords.time_tof_to_energy": {"result": [0.3215418914999759], "stats": [{"ci_99": [0.29884852966416464, 0.3469135773357743], "q_25": 0.31866754999992963, "q_75": 0.3257553950000158, "min": 0.3115059859999292, "max": 0.33693444499999714, "mean": 0.32288105349996954, "std": 0.009096033752042572, "repeat": 4, "number": 1}]}, "transform_coords.TransformCoords.time_tof_to_wavelength": {"result": [0.0017538097999931779], "stats": [{"ci_99": [0.0016969208695454601, 0.001813840830442592], "q_25": 0.001745585999992727, "q_75": 0.0017636046499944766, "min": 0.0017260739999983344, "max": 0.001787829799991414, "mean": 0.001755380849994026, "std": 2.192417406032231e-05, "repeat": 4, "number": 5}]}, "transform_coords.TransformCoords.time_wavelength_to_tof": {"result": [0.04216942900001186], "stats": [{"ci_99": [0.03930126360551034, 0.04555094789453885], "q_25": 0.041561273500008156, "q_75": 0.043034261250028294, "min": 0.0411999250000008, "max": 0.044165640000073836, "mean": 0.04242610575002459, "std": 0.0011332452108537595, "repeat": 4, "number": 1}]}}, "params": {"cpu": "2 Core CPU", "machine": "cloud-container", "os": "Ubuntu latest", "ram": "7GB", "python": "3.9", "appdirs": "", "cmake": "", "conan": "", "ess-dmsc::ess-streaming-data-types": "", "h5py": "", "ipykernel": "6.3.1", "ipympl": "", "ipywidgets": "", "mantid-framework": "", "matplotlib-base": "", "ninja": "", "numpy": "", "pip": "", "pooch": "", "python-configuration": "", "python-confluent-kafka": "", "pythreejs": "", "pyyaml": "", "scipp::scipp": "", "scipy": "", "tbb": ""}, "requirements": {"appdirs": "", "cmake": "", "conan": "", "ess-dmsc::ess-streaming-data-types": "", "h5py": "", "ipykernel": "6.3.1", "ipympl": "", "ipywidgets": "", "mantid-framework": "", "matplotlib-base": "", "ninja": "", "numpy": "", "pip": "", "pooch": "", "python-configuration": "", "python-confluent-kafka": "", "pythreejs": "", "pyyaml": "", "scipp::scipp": "", "scipy": "", "tbb": ""}, "commit_hash": "6cdafc42e9f876adc14efa754cf21dc707fa87de", "date": 1635311095000, "env_name": "conda-py3.9-appdirs-cmake-conan-ess-dmsc__ess-streaming-data-types-h5py-ipykernel6.3.1-ipympl-ipywidgets-mantid-framework-matplotlib-base-ninja-numpy-pip-pooch-python-configuration-python-confluent-kafka-pythreejs-pyyaml-scipp__scipp-scipy-tbb", "python": "3.9", "profiles": {}, "started_at": {"load_nexus.LoadNexus.time_load_event_nexus": 1635427286710, "transform_coords.TransformCoords.time_energy_to_tof": 1635427298404, "transform_coords.TransformCoords.time_tof_to_dspacing": 1635427316761, "transform_coords.TransformCoords.time_tof_to_energy": 1635427335075, "transform_coords.TransformCoords.time_tof_to_wavelength": 1635427354284, "transform_coords.TransformCoords.time_wavelength_to_tof": 1635427372642}, "ended_at": {"load_nexus.LoadNexus.time_load_event_nexus": 1635427298403, "transform_coords.TransformCoords.time_energy_to_tof": 1635427316761, "transform_coords.TransformCoords.time_tof_to_dspacing": 1635427335074, "transform_coords.TransformCoords.time_tof_to_energy": 1635427354283, "transform_coords.TransformCoords.time_tof_to_wavelength": 1635427372642, "transform_coords.TransformCoords.time_wavelength_to_tof": 1635427391266}, "benchmark_version": {"load_nexus.LoadNexus.time_load_event_nexus": "9bb61e37c240f4221eff71f827efb0f1cfb5371f7c6b0e72f79b9ca92578e5e9", "transform_coords.TransformCoords.time_energy_to_tof": "f1ea8beffb41e75997f96056160ef6dd12d9afb53546d00f7e0cb2b307a616bb", "transform_coords.TransformCoords.time_tof_to_dspacing": "76d3e8bdf45621127e026f90298e8f292d01ddb57cb7caf05a5ce555a659d8ac", "transform_coords.TransformCoords.time_tof_to_energy": "32774381c7e0285d159959187b4537339285cc2573292bc6b39f5edd04d4bc0b", "transform_coords.TransformCoords.time_tof_to_wavelength": "46879c3a68b31604accd5a00f4187eb567d166242d70d944aa010a5d6f8de380", "transform_coords.TransformCoords.time_wavelength_to_tof": "d4710ab73daad9eb187b2c50c320802720ae09b880a656f3ac5284d75fea178b"}, "version": 1}