{"results": {"load_nexus.LoadNexus.time_load_event_nexus": {"result": [4.701707521000003], "stats": [{"ci_99": [4.5675637572326915, 4.8636062247673095], "q_25": 4.680550208249997, "q_75": 4.736742303750006, "min": 4.654058117999966, "max": 4.804866804000028, "mean": 4.715584991, "std": 0.05578050175679352, "repeat": 4, "number": 1}]}, "transform_coords.TransformCoords.time_energy_to_tof": {"result": [0.0013331919166669575], "stats": [{"ci_99": [0.001297895332200391, 0.0014046846666720587], "q_25": 0.0013274627916667707, "q_75": 0.001374021416668351, "min": 0.0013168665000004391, "max": 0.0014046846666720587, "mean": 0.0013501865555569897, "std": 3.315327354322312e-05, "repeat": 6, "number": 6}]}, "transform_coords.TransformCoords.time_tof_to_dspacing": {"result": [0.035844756500011954], "stats": [{"ci_99": [0.035635098635478056, 0.036409770999966895], "q_25": 0.03582533175000435, "q_75": 0.035968738000008216, "min": 0.03573135399994953, "max": 0.036409770999966895, "mean": 0.03594325999999152, "std": 0.00022376841726816086, "repeat": 6, "number": 1}]}, "transform_coords.TransformCoords.time_tof_to_energy": {"result": [0.25865862050002875], "stats": [{"ci_99": [0.2579571907844736, 0.2592097288822], "q_25": 0.2582249362500022, "q_75": 0.25885520199999235, "min": 0.2580953379999755, "max": 0.25908707600001435, "mean": 0.2585834598333368, "std": 0.00037312597325895783, "repeat": 6, "number": 1}]}, "transform_coords.TransformCoords.time_tof_to_wavelength": {"result": [0.0013381669166581862], "stats": [{"ci_99": [0.0013270334999901934, 0.0013465336666627081], "q_25": 0.0013371921249974623, "q_75": 0.0013404420833230308, "min": 0.0013270334999901934, "max": 0.0013465336666627081, "mean": 0.0013379947777707457, "std": 5.827815541169383e-06, "repeat": 6, "number": 6}]}, "transform_coords.TransformCoords.time_wavelength_to_tof": {"result": [0.03379608650004684], "stats": [{"ci_99": [0.033552434824496144, 0.0342295439999134], "q_25": 0.033705256999951416, "q_75": 0.03386928575002912, "min": 0.033627829000010934, "max": 0.0342295439999134, "mean": 0.03383636866666014, "std": 0.0001950502367330757, "repeat": 6, "number": 1}]}}, "params": {"cpu": "2 Core CPU", "machine": "cloud-container", "os": "Ubuntu latest", "ram": "7GB", "python": "3.9", "appdirs": "", "cmake": "", "conan": "", "ess-dmsc::ess-streaming-data-types": "", "h5py": "", "ipykernel": "6.3.1", "ipympl": "", "ipywidgets": "", "mantid-framework": "", "matplotlib-base": "", "ninja": "", "numpy": "", "pip": "", "pooch": "", "python-configuration": "", "python-confluent-kafka": "", "pythreejs": "", "pyyaml": "", "scipp::scipp": "", "scipy": "", "tbb": ""}, "requirements": {"appdirs": "", "cmake": "", "conan": "", "ess-dmsc::ess-streaming-data-types": "", "h5py": "", "ipykernel": "6.3.1", "ipympl": "", "ipywidgets": "", "mantid-framework": "", "matplotlib-base": "", "ninja": "", "numpy": "", "pip": "", "pooch": "", "python-configuration": "", "python-confluent-kafka": "", "pythreejs": "", "pyyaml": "", "scipp::scipp": "", "scipy": "", "tbb": ""}, "commit_hash": "6cdafc42e9f876adc14efa754cf21dc707fa87de", "date": 1635311095000, "env_name": "conda-py3.9-appdirs-cmake-conan-ess-dmsc__ess-streaming-data-types-h5py-ipykernel6.3.1-ipympl-ipywidgets-mantid-framework-matplotlib-base-ninja-numpy-pip-pooch-python-configuration-python-confluent-kafka-pythreejs-pyyaml-scipp__scipp-scipy-tbb", "python": "3.9", "profiles": {}, "started_at": {"load_nexus.LoadNexus.time_load_event_nexus": 1635459054420, "transform_coords.TransformCoords.time_energy_to_tof": 1635459069272, "transform_coords.TransformCoords.time_tof_to_dspacing": 1635459088080, "transform_coords.TransformCoords.time_tof_to_energy": 1635459106890, "transform_coords.TransformCoords.time_tof_to_wavelength": 1635459126554, "transform_coords.TransformCoords.time_wavelength_to_tof": 1635459145361}, "ended_at": {"load_nexus.LoadNexus.time_load_event_nexus": 1635459069272, "transform_coords.TransformCoords.time_energy_to_tof": 1635459088079, "transform_coords.TransformCoords.time_tof_to_dspacing": 1635459106889, "transform_coords.TransformCoords.time_tof_to_energy": 1635459126553, "transform_coords.TransformCoords.time_tof_to_wavelength": 1635459145361, "transform_coords.TransformCoords.time_wavelength_to_tof": 1635459164267}, "benchmark_version": {"load_nexus.LoadNexus.time_load_event_nexus": "9bb61e37c240f4221eff71f827efb0f1cfb5371f7c6b0e72f79b9ca92578e5e9", "transform_coords.TransformCoords.time_energy_to_tof": "f1ea8beffb41e75997f96056160ef6dd12d9afb53546d00f7e0cb2b307a616bb", "transform_coords.TransformCoords.time_tof_to_dspacing": "76d3e8bdf45621127e026f90298e8f292d01ddb57cb7caf05a5ce555a659d8ac", "transform_coords.TransformCoords.time_tof_to_energy": "32774381c7e0285d159959187b4537339285cc2573292bc6b39f5edd04d4bc0b", "transform_coords.TransformCoords.time_tof_to_wavelength": "46879c3a68b31604accd5a00f4187eb567d166242d70d944aa010a5d6f8de380", "transform_coords.TransformCoords.time_wavelength_to_tof": "d4710ab73daad9eb187b2c50c320802720ae09b880a656f3ac5284d75fea178b"}, "version": 1}