{"results": {"load_nexus.LoadNexus.time_load_event_nexus": {"result": [5.040102350999973], "stats": [{"ci_99": [1.05876285099896, 9.021441851000983], "q_25": 5.000288955999963, "q_75": 5.079915745999983, "min": 4.960475560999953, "max": 5.119729140999993, "mean": 5.040102350999973, "std": 0.07962679000002026, "repeat": 2, "number": 1}]}, "transform_coords.TransformCoords.time_energy_to_tof": {"result": [0.0013973512500058405], "stats": [{"ci_99": [0.0013430843517100342, 0.0014289784816150979], "q_25": 0.0013660545833242093, "q_75": 0.0014014342916558082, "min": 0.0013435666666623547, "max": 0.0014195016666652311, "mean": 0.001386031416662566, "std": 2.6884042498917527e-05, "repeat": 6, "number": 6}]}, "transform_coords.TransformCoords.time_tof_to_dspacing": {"result": [0.03757726750001211], "stats": [{"ci_99": [0.037210847633448674, 0.03800889336658244], "q_25": 0.037474090750009736, "q_75": 0.037836979000019255, "min": 0.03722916599997461, "max": 0.03791227400006392, "mean": 0.03760987050001555, "std": 0.00024400999771414012, "repeat": 6, "number": 1}]}, "transform_coords.TransformCoords.time_tof_to_energy": {"result": [0.2619500159999859], "stats": [{"ci_99": [0.26065080490994474, 0.26398795075670817], "q_25": 0.2615169697499624, "q_75": 0.26323001550007064, "min": 0.261196699999914, "max": 0.2637902320000194, "mean": 0.26231937783332643, "std": 0.0010140883099770178, "repeat": 6, "number": 1}]}, "transform_coords.TransformCoords.time_tof_to_wavelength": {"result": [0.0013778587499947057], "stats": [{"ci_99": [0.0013322199831401237, 0.0014289198501848091], "q_25": 0.0013543787916627064, "q_75": 0.0014027885833343134, "min": 0.0013461334999836556, "max": 0.0014239178333355085, "mean": 0.0013805699166624663, "std": 2.903160988965922e-05, "repeat": 6, "number": 6}]}, "transform_coords.TransformCoords.time_wavelength_to_tof": {"result": [0.03568014900002936], "stats": [{"ci_99": [0.03491546209400709, 0.03662809399997968], "q_25": 0.035404417999984616, "q_75": 0.03573147250000375, "min": 0.03494493899995632, "max": 0.03662809399997968, "mean": 0.03566573649999327, "std": 0.0005120035508169849, "repeat": 6, "number": 1}]}}, "params": {"cpu": "2 Core CPU", "machine": "cloud-container", "os": "Ubuntu latest", "ram": "7GB", "python": "3.9", "appdirs": "", "cmake": "", "conan": "", "ess-dmsc::ess-streaming-data-types": "", "h5py": "", "ipykernel": "6.3.1", "ipympl": "", "ipywidgets": "", "mantid-framework": "", "matplotlib-base": "", "ninja": "", "numpy": "", "pip": "", "pooch": "", "python-configuration": "", "python-confluent-kafka": "", "pythreejs": "", "pyyaml": "", "scipp::scipp": "", "scipy": "", "tbb": ""}, "requirements": {"appdirs": "", "cmake": "", "conan": "", "ess-dmsc::ess-streaming-data-types": "", "h5py": "", "ipykernel": "6.3.1", "ipympl": "", "ipywidgets": "", "mantid-framework": "", "matplotlib-base": "", "ninja": "", "numpy": "", "pip": "", "pooch": "", "python-configuration": "", "python-confluent-kafka": "", "pythreejs": "", "pyyaml": "", "scipp::scipp": "", "scipy": "", "tbb": ""}, "commit_hash": "6cdafc42e9f876adc14efa754cf21dc707fa87de", "date": 1635311095000, "env_name": "conda-py3.9-appdirs-cmake-conan-ess-dmsc__ess-streaming-data-types-h5py-ipykernel6.3.1-ipympl-ipywidgets-mantid-framework-matplotlib-base-ninja-numpy-pip-pooch-python-configuration-python-confluent-kafka-pythreejs-pyyaml-scipp__scipp-scipy-tbb", "python": "3.9", "profiles": {}, "started_at": {"load_nexus.LoadNexus.time_load_event_nexus": 1635397840715, "transform_coords.TransformCoords.time_energy_to_tof": 1635397851204, "transform_coords.TransformCoords.time_tof_to_dspacing": 1635397870571, "transform_coords.TransformCoords.time_tof_to_energy": 1635397890048, "transform_coords.TransformCoords.time_tof_to_wavelength": 1635397910417, "transform_coords.TransformCoords.time_wavelength_to_tof": 1635397929929}, "ended_at": {"load_nexus.LoadNexus.time_load_event_nexus": 1635397851203, "transform_coords.TransformCoords.time_energy_to_tof": 1635397870571, "transform_coords.TransformCoords.time_tof_to_dspacing": 1635397890048, "transform_coords.TransformCoords.time_tof_to_energy": 1635397910417, "transform_coords.TransformCoords.time_tof_to_wavelength": 1635397929929, "transform_coords.TransformCoords.time_wavelength_to_tof": 1635397949391}, "benchmark_version": {"load_nexus.LoadNexus.time_load_event_nexus": "9bb61e37c240f4221eff71f827efb0f1cfb5371f7c6b0e72f79b9ca92578e5e9", "transform_coords.TransformCoords.time_energy_to_tof": "f1ea8beffb41e75997f96056160ef6dd12d9afb53546d00f7e0cb2b307a616bb", "transform_coords.TransformCoords.time_tof_to_dspacing": "76d3e8bdf45621127e026f90298e8f292d01ddb57cb7caf05a5ce555a659d8ac", "transform_coords.TransformCoords.time_tof_to_energy": "32774381c7e0285d159959187b4537339285cc2573292bc6b39f5edd04d4bc0b", "transform_coords.TransformCoords.time_tof_to_wavelength": "46879c3a68b31604accd5a00f4187eb567d166242d70d944aa010a5d6f8de380", "transform_coords.TransformCoords.time_wavelength_to_tof": "d4710ab73daad9eb187b2c50c320802720ae09b880a656f3ac5284d75fea178b"}, "version": 1}