{"results": {"load_nexus.LoadNexus.time_load_event_nexus": {"result": [4.7478151749999995], "stats": [{"ci_99": [4.601912375175465, 4.862077058324525], "q_25": 4.713203904749989, "q_75": 4.7666059870000055, "min": 4.651705440000001, "max": 4.780643076999979, "mean": 4.731994716749995, "std": 0.0492744596544741, "repeat": 4, "number": 1}]}, "transform_coords.TransformCoords.time_energy_to_tof": {"result": [0.0013320010833316094], "stats": [{"ci_99": [0.0012853512733379824, 0.0014557871666719773], "q_25": 0.0013252788750056272, "q_75": 0.0013816629166617151, "min": 0.0013192475000020447, "max": 0.0014557871666719773, "mean": 0.001360048638889882, "std": 5.0259957674524204e-05, "repeat": 6, "number": 6}]}, "transform_coords.TransformCoords.time_tof_to_dspacing": {"result": [0.03560358700005395], "stats": [{"ci_99": [0.03480893830417242, 0.036819411695834504], "q_25": 0.03534386474998996, "q_75": 0.03638445575002436, "min": 0.035130992000006245, "max": 0.03664484799992351, "mean": 0.035814175000003466, "std": 0.0005987026007633665, "repeat": 6, "number": 1}]}, "transform_coords.TransformCoords.time_tof_to_energy": {"result": [0.25789207249994206], "stats": [{"ci_99": [0.25704812532252214, 0.2593831910000972], "q_25": 0.2575672634999364, "q_75": 0.2585176809999439, "min": 0.2574709640000492, "max": 0.2593831910000972, "mean": 0.25813725183331826, "std": 0.0006906978290130419, "repeat": 6, "number": 1}]}, "transform_coords.TransformCoords.time_tof_to_wavelength": {"result": [0.001331808749995389], "stats": [{"ci_99": [0.001302745880057178, 0.0013598652310453255], "q_25": 0.0013165220833334008, "q_75": 0.0013436221666533281, "min": 0.0013086681666626039, "max": 0.0013565611666687498, "mean": 0.001331305555551252, "std": 1.70760617838427e-05, "repeat": 6, "number": 6}]}, "transform_coords.TransformCoords.time_wavelength_to_tof": {"result": [0.032915827500005435], "stats": [{"ci_99": [0.032717621315780224, 0.03332414700003028], "q_25": 0.03285135074997925, "q_75": 0.03304861800003778, "min": 0.032827077999968424, "max": 0.03332414700003028, "mean": 0.03298427000000478, "std": 0.0001746309511043865, "repeat": 6, "number": 1}]}}, "params": {"cpu": "2 Core CPU", "machine": "cloud-container", "os": "Ubuntu latest", "ram": "7GB", "python": "3.9", "appdirs": "", "cmake": "", "conan": "", "ess-dmsc::ess-streaming-data-types": "", "h5py": "", "ipykernel": "6.3.1", "ipympl": "", "ipywidgets": "", "mantid-framework": "", "matplotlib-base": "", "ninja": "", "numpy": "", "pip": "", "pooch": "", "python-configuration": "", "python-confluent-kafka": "", "pythreejs": "", "pyyaml": "", "scipp::scipp": "", "scipy": "", "tbb": ""}, "requirements": {"appdirs": "", "cmake": "", "conan": "", "ess-dmsc::ess-streaming-data-types": "", "h5py": "", "ipykernel": "6.3.1", "ipympl": "", "ipywidgets": "", "mantid-framework": "", "matplotlib-base": "", "ninja": "", "numpy": "", "pip": "", "pooch": "", "python-configuration": "", "python-confluent-kafka": "", "pythreejs": "", "pyyaml": "", "scipp::scipp": "", "scipy": "", "tbb": ""}, "commit_hash": "6cdafc42e9f876adc14efa754cf21dc707fa87de", "date": 1635311095000, "env_name": "conda-py3.9-appdirs-cmake-conan-ess-dmsc__ess-streaming-data-types-h5py-ipykernel6.3.1-ipympl-ipywidgets-mantid-framework-matplotlib-base-ninja-numpy-pip-pooch-python-configuration-python-confluent-kafka-pythreejs-pyyaml-scipp__scipp-scipy-tbb", "python": "3.9", "profiles": {}, "started_at": {"load_nexus.LoadNexus.time_load_event_nexus": 1635329494546, "transform_coords.TransformCoords.time_energy_to_tof": 1635329509451, "transform_coords.TransformCoords.time_tof_to_dspacing": 1635329528308, "transform_coords.TransformCoords.time_tof_to_energy": 1635329547367, "transform_coords.TransformCoords.time_tof_to_wavelength": 1635329567133, "transform_coords.TransformCoords.time_wavelength_to_tof": 1635329585991}, "ended_at": {"load_nexus.LoadNexus.time_load_event_nexus": 1635329509450, "transform_coords.TransformCoords.time_energy_to_tof": 1635329528308, "transform_coords.TransformCoords.time_tof_to_dspacing": 1635329547367, "transform_coords.TransformCoords.time_tof_to_energy": 1635329567133, "transform_coords.TransformCoords.time_tof_to_wavelength": 1635329585991, "transform_coords.TransformCoords.time_wavelength_to_tof": 1635329604951}, "benchmark_version": {"load_nexus.LoadNexus.time_load_event_nexus": "9bb61e37c240f4221eff71f827efb0f1cfb5371f7c6b0e72f79b9ca92578e5e9", "transform_coords.TransformCoords.time_energy_to_tof": "f1ea8beffb41e75997f96056160ef6dd12d9afb53546d00f7e0cb2b307a616bb", "transform_coords.TransformCoords.time_tof_to_dspacing": "76d3e8bdf45621127e026f90298e8f292d01ddb57cb7caf05a5ce555a659d8ac", "transform_coords.TransformCoords.time_tof_to_energy": "32774381c7e0285d159959187b4537339285cc2573292bc6b39f5edd04d4bc0b", "transform_coords.TransformCoords.time_tof_to_wavelength": "46879c3a68b31604accd5a00f4187eb567d166242d70d944aa010a5d6f8de380", "transform_coords.TransformCoords.time_wavelength_to_tof": "d4710ab73daad9eb187b2c50c320802720ae09b880a656f3ac5284d75fea178b"}, "version": 1}