{"results": {"load_nexus.LoadNexus.time_load_event_nexus": {"result": [5.5507520175000025], "stats": [{"ci_99": [3.4211130924974498, 7.680390942502553], "q_25": 5.529455628249977, "q_75": 5.572048406750028, "min": 5.508159238999951, "max": 5.5933447960000535, "mean": 5.5507520175000025, "std": 0.042592778500051054, "repeat": 2, "number": 1}]}, "transform_coords.TransformCoords.time_energy_to_tof": {"result": [0.0016141356999924028], "stats": [{"ci_99": [0.001539234844232255, 0.001677556455753034], "q_25": 0.0015920471499896395, "q_75": 0.0016304841999954078, "min": 0.0015730719999965004, "max": 0.0016322391999892716, "mean": 0.0016083956499926442, "std": 2.438825197871737e-05, "repeat": 4, "number": 5}]}, "transform_coords.TransformCoords.time_tof_to_dspacing": {"result": [0.04398776849996011], "stats": [{"ci_99": [0.04305244626300365, 0.04466938773697492], "q_25": 0.04374770574995068, "q_75": 0.044100979749998714, "min": 0.04334923900000831, "max": 0.04411889200002861, "mean": 0.043860916999989286, "std": 0.0003096567180331718, "repeat": 4, "number": 1}]}, "transform_coords.TransformCoords.time_tof_to_energy": {"result": [0.33302632399994536], "stats": [{"ci_99": [0.29981292026750295, 0.36332172673243307], "q_25": 0.32441413224992743, "q_75": 0.3401795152499858, "min": 0.31532353299996885, "max": 0.3448931130000119, "mean": 0.33156732349996787, "std": 0.011269561103943311, "repeat": 4, "number": 1}]}, "transform_coords.TransformCoords.time_tof_to_wavelength": {"result": [0.0017496318999974392], "stats": [{"ci_99": [0.0015143586853083489, 0.001998705114685793], "q_25": 0.0016934958500087304, "q_75": 0.0018126679499857802, "min": 0.0016499522000003708, "max": 0.0018769115999930364, "mean": 0.0017565318999970714, "std": 8.574733690420263e-05, "repeat": 4, "number": 5}]}, "transform_coords.TransformCoords.time_wavelength_to_tof": {"result": [0.04150731549998454], "stats": [{"ci_99": [0.0403039723227024, 0.04314750667731609], "q_25": 0.04130301175001705, "q_75": 0.041930043249976734, "min": 0.04126880500007246, "max": 0.04261952199999541, "mean": 0.04172573950000924, "std": 0.0005425579138399088, "repeat": 4, "number": 1}]}}, "params": {"cpu": "2 Core CPU", "machine": "cloud-container", "os": "Ubuntu latest", "ram": "7GB", "python": "3.9", "appdirs": "", "cmake": "", "conan": "", "ess-dmsc::ess-streaming-data-types": "", "h5py": "", "ipykernel": "6.3.1", "ipympl": "", "ipywidgets": "", "mantid-framework": "", "matplotlib-base": "", "ninja": "", "numpy": "", "pip": "", "pooch": "", "python-configuration": "", "python-confluent-kafka": "", "pythreejs": "", "pyyaml": "", "scipp::scipp": "", "scipy": "", "tbb": ""}, "requirements": {"appdirs": "", "cmake": "", "conan": "", "ess-dmsc::ess-streaming-data-types": "", "h5py": "", "ipykernel": "6.3.1", "ipympl": "", "ipywidgets": "", "mantid-framework": "", "matplotlib-base": "", "ninja": "", "numpy": "", "pip": "", "pooch": "", "python-configuration": "", "python-confluent-kafka": "", "pythreejs": "", "pyyaml": "", "scipp::scipp": "", "scipy": "", "tbb": ""}, "commit_hash": "6cdafc42e9f876adc14efa754cf21dc707fa87de", "date": 1635311095000, "env_name": "conda-py3.9-appdirs-cmake-conan-ess-dmsc__ess-streaming-data-types-h5py-ipykernel6.3.1-ipympl-ipywidgets-mantid-framework-matplotlib-base-ninja-numpy-pip-pooch-python-configuration-python-confluent-kafka-pythreejs-pyyaml-scipp__scipp-scipy-tbb", "python": "3.9", "profiles": {}, "started_at": {"load_nexus.LoadNexus.time_load_event_nexus": 1635318739892, "transform_coords.TransformCoords.time_energy_to_tof": 1635318751532, "transform_coords.TransformCoords.time_tof_to_dspacing": 1635318769798, "transform_coords.TransformCoords.time_tof_to_energy": 1635318788454, "transform_coords.TransformCoords.time_tof_to_wavelength": 1635318807769, "transform_coords.TransformCoords.time_wavelength_to_tof": 1635318826075}, "ended_at": {"load_nexus.LoadNexus.time_load_event_nexus": 1635318751532, "transform_coords.TransformCoords.time_energy_to_tof": 1635318769797, "transform_coords.TransformCoords.time_tof_to_dspacing": 1635318788454, "transform_coords.TransformCoords.time_tof_to_energy": 1635318807768, "transform_coords.TransformCoords.time_tof_to_wavelength": 1635318826074, "transform_coords.TransformCoords.time_wavelength_to_tof": 1635318844831}, "benchmark_version": {"load_nexus.LoadNexus.time_load_event_nexus": "9bb61e37c240f4221eff71f827efb0f1cfb5371f7c6b0e72f79b9ca92578e5e9", "transform_coords.TransformCoords.time_energy_to_tof": "f1ea8beffb41e75997f96056160ef6dd12d9afb53546d00f7e0cb2b307a616bb", "transform_coords.TransformCoords.time_tof_to_dspacing": "76d3e8bdf45621127e026f90298e8f292d01ddb57cb7caf05a5ce555a659d8ac", "transform_coords.TransformCoords.time_tof_to_energy": "32774381c7e0285d159959187b4537339285cc2573292bc6b39f5edd04d4bc0b", "transform_coords.TransformCoords.time_tof_to_wavelength": "46879c3a68b31604accd5a00f4187eb567d166242d70d944aa010a5d6f8de380", "transform_coords.TransformCoords.time_wavelength_to_tof": "d4710ab73daad9eb187b2c50c320802720ae09b880a656f3ac5284d75fea178b"}, "version": 1}