{"results": {"load_nexus.LoadNexus.time_load_event_nexus": {"result": [4.663772853999944], "stats": [{"ci_99": [4.2992415789435565, 5.110740238389713], "q_25": 4.652342086999965, "q_75": 4.737030702999959, "min": 4.6409113199999865, "max": 4.8102885519999745, "mean": 4.704990908666635, "std": 0.07503935724171315, "repeat": 3, "number": 1}]}, "transform_coords.TransformCoords.time_energy_to_tof": {"result": [0.0013617009166703533], "stats": [{"ci_99": [0.0013270396088394742, 0.0014001708356083176], "q_25": 0.0013444532083326521, "q_75": 0.0013817457500001258, "min": 0.001340039500007606, "max": 0.0013910586666649276, "mean": 0.001363605222223896, "std": 2.0967852993500812e-05, "repeat": 6, "number": 6}]}, "transform_coords.TransformCoords.time_tof_to_dspacing": {"result": [0.03549614249999422], "stats": [{"ci_99": [0.03533754499994757, 0.03558701243726957], "q_25": 0.03543937374999473, "q_75": 0.03551120300004129, "min": 0.03533754499994757, "max": 0.03556942800003071, "mean": 0.035472655333336434, "std": 7.443053459154804e-05, "repeat": 6, "number": 1}]}, "transform_coords.TransformCoords.time_tof_to_energy": {"result": [0.257838659999976], "stats": [{"ci_99": [0.25669016281526125, 0.26224730100000215], "q_25": 0.25771467424995365, "q_75": 0.2581890377499718, "min": 0.25766766000003827, "max": 0.26224730100000215, "mean": 0.2585952428333182, "std": 0.0016460356770130406, "repeat": 6, "number": 1}]}, "transform_coords.TransformCoords.time_tof_to_wavelength": {"result": [0.0013441399166680412], "stats": [{"ci_99": [0.0013323649136203655, 0.001366622500010332], "q_25": 0.001339763625004764, "q_75": 0.0013512899583361104, "min": 0.001338657166665295, "max": 0.001366622500010332, "mean": 0.0013475896111145858, "std": 9.862676306302598e-06, "repeat": 6, "number": 6}]}, "transform_coords.TransformCoords.time_wavelength_to_tof": {"result": [0.03330652549999513], "stats": [{"ci_99": [0.033051191319221095, 0.03368825299992295], "q_25": 0.03320689324999648, "q_75": 0.03344173249996629, "min": 0.03313113600006545, "max": 0.03368825299992295, "mean": 0.03334882066665538, "std": 0.000188231627203027, "repeat": 6, "number": 1}]}}, "params": {"cpu": "2 Core CPU", "machine": "cloud-container", "os": "Ubuntu latest", "ram": "7GB", "python": "3.9", "appdirs": "", "cmake": "", "conan": "", "ess-dmsc::ess-streaming-data-types": "", "h5py": "", "ipykernel": "6.3.1", "ipympl": "", "ipywidgets": "", "mantid-framework": "", "matplotlib-base": "", "ninja": "", "numpy": "", "pip": "", "pooch": "", "python-configuration": "", "python-confluent-kafka": "", "pythreejs": "", "pyyaml": "", "scipp::scipp": "", "scipy": "", "tbb": ""}, "requirements": {"appdirs": "", "cmake": "", "conan": "", "ess-dmsc::ess-streaming-data-types": "", "h5py": "", "ipykernel": "6.3.1", "ipympl": "", "ipywidgets": "", "mantid-framework": "", "matplotlib-base": "", "ninja": "", "numpy": "", "pip": "", "pooch": "", "python-configuration": "", "python-confluent-kafka": "", "pythreejs": "", "pyyaml": "", "scipp::scipp": "", "scipy": "", "tbb": ""}, "commit_hash": "6cdafc42e9f876adc14efa754cf21dc707fa87de", "date": 1635311095000, "env_name": "conda-py3.9-appdirs-cmake-conan-ess-dmsc__ess-streaming-data-types-h5py-ipykernel6.3.1-ipympl-ipywidgets-mantid-framework-matplotlib-base-ninja-numpy-pip-pooch-python-configuration-python-confluent-kafka-pythreejs-pyyaml-scipp__scipp-scipy-tbb", "python": "3.9", "profiles": {}, "started_at": {"load_nexus.LoadNexus.time_load_event_nexus": 1635390667795, "transform_coords.TransformCoords.time_energy_to_tof": 1635390682593, "transform_coords.TransformCoords.time_tof_to_dspacing": 1635390701297, "transform_coords.TransformCoords.time_tof_to_energy": 1635390720101, "transform_coords.TransformCoords.time_tof_to_wavelength": 1635390739657, "transform_coords.TransformCoords.time_wavelength_to_tof": 1635390758361}, "ended_at": {"load_nexus.LoadNexus.time_load_event_nexus": 1635390682592, "transform_coords.TransformCoords.time_energy_to_tof": 1635390701297, "transform_coords.TransformCoords.time_tof_to_dspacing": 1635390720101, "transform_coords.TransformCoords.time_tof_to_energy": 1635390739657, "transform_coords.TransformCoords.time_tof_to_wavelength": 1635390758361, "transform_coords.TransformCoords.time_wavelength_to_tof": 1635390777066}, "benchmark_version": {"load_nexus.LoadNexus.time_load_event_nexus": "9bb61e37c240f4221eff71f827efb0f1cfb5371f7c6b0e72f79b9ca92578e5e9", "transform_coords.TransformCoords.time_energy_to_tof": "f1ea8beffb41e75997f96056160ef6dd12d9afb53546d00f7e0cb2b307a616bb", "transform_coords.TransformCoords.time_tof_to_dspacing": "76d3e8bdf45621127e026f90298e8f292d01ddb57cb7caf05a5ce555a659d8ac", "transform_coords.TransformCoords.time_tof_to_energy": "32774381c7e0285d159959187b4537339285cc2573292bc6b39f5edd04d4bc0b", "transform_coords.TransformCoords.time_tof_to_wavelength": "46879c3a68b31604accd5a00f4187eb567d166242d70d944aa010a5d6f8de380", "transform_coords.TransformCoords.time_wavelength_to_tof": "d4710ab73daad9eb187b2c50c320802720ae09b880a656f3ac5284d75fea178b"}, "version": 1}