{"results": {"load_nexus.LoadNexus.time_load_event_nexus": {"result": [5.314923082000007], "stats": [{"ci_99": [3.0572715320008115, 7.572574631999201], "q_25": 5.292346566500015, "q_75": 5.337499597499999, "min": 5.269770051000023, "max": 5.360076112999991, "mean": 5.314923082000007, "std": 0.04515303099998391, "repeat": 2, "number": 1}]}, "transform_coords.TransformCoords.time_energy_to_tof": {"result": [0.0017169993999971212], "stats": [{"ci_99": [0.0015982123389460924, 0.0018233260610417742], "q_25": 0.0016929075500002, "q_75": 0.0017348610499908546, "min": 0.001646712199999456, "max": 0.0017623657999820352, "mean": 0.0017107691999939333, "std": 4.181593467145153e-05, "repeat": 4, "number": 5}]}, "transform_coords.TransformCoords.time_tof_to_dspacing": {"result": [0.03720342199997617], "stats": [{"ci_99": [0.0365370865669422, 0.03798032193301539], "q_25": 0.03703065299995956, "q_75": 0.037431473249995406, "min": 0.037004195999998046, "max": 0.037623776999964775, "mean": 0.03725870424997879, "std": 0.00025393110356974994, "repeat": 4, "number": 1}]}, "transform_coords.TransformCoords.time_tof_to_energy": {"result": [0.3225359209999965], "stats": [{"ci_99": [0.31111266528744164, 0.33433214471257333], "q_25": 0.31933152474999815, "q_75": 0.32592680125000584, "min": 0.31793854600005034, "max": 0.3278792319999866, "mean": 0.3227224050000075, "std": 0.004017576738958363, "repeat": 4, "number": 1}]}, "transform_coords.TransformCoords.time_tof_to_wavelength": {"result": [0.0016933651999920586], "stats": [{"ci_99": [0.001528246381808717, 0.0019407146181785852], "q_25": 0.0016791377999936683, "q_75": 0.0017487078999920413, "min": 0.0016720577999876697, "max": 0.001879133800002819, "mean": 0.0017344804999936516, "std": 8.438568722444831e-05, "repeat": 4, "number": 5}]}, "transform_coords.TransformCoords.time_wavelength_to_tof": {"result": [0.03426372900003116], "stats": [{"ci_99": [0.030403997466808216, 0.04023220203322113], "q_25": 0.034093591500010234, "q_75": 0.03548823725003558, "min": 0.03387665399998241, "max": 0.03886828700001388, "mean": 0.03531809975001465, "std": 0.002056947384988198, "repeat": 4, "number": 1}]}}, "params": {"cpu": "2 Core CPU", "machine": "cloud-container", "os": "Ubuntu latest", "ram": "7GB", "python": "3.9", "appdirs": "", "cmake": "", "conan": "", "ess-dmsc::ess-streaming-data-types": "", "h5py": "", "ipykernel": "6.3.1", "ipympl": "", "ipywidgets": "", "mantid-framework": "", "matplotlib-base": "", "ninja": "", "numpy": "", "pip": "", "pooch": "", "python-configuration": "", "python-confluent-kafka": "", "pythreejs": "", "pyyaml": "", "scipp::scipp": "", "scipy": "", "tbb": ""}, "requirements": {"appdirs": "", "cmake": "", "conan": "", "ess-dmsc::ess-streaming-data-types": "", "h5py": "", "ipykernel": "6.3.1", "ipympl": "", "ipywidgets": "", "mantid-framework": "", "matplotlib-base": "", "ninja": "", "numpy": "", "pip": "", "pooch": "", "python-configuration": "", "python-confluent-kafka": "", "pythreejs": "", "pyyaml": "", "scipp::scipp": "", "scipy": "", "tbb": ""}, "commit_hash": "6cdafc42e9f876adc14efa754cf21dc707fa87de", "date": 1635311095000, "env_name": "conda-py3.9-appdirs-cmake-conan-ess-dmsc__ess-streaming-data-types-h5py-ipykernel6.3.1-ipympl-ipywidgets-mantid-framework-matplotlib-base-ninja-numpy-pip-pooch-python-configuration-python-confluent-kafka-pythreejs-pyyaml-scipp__scipp-scipy-tbb", "python": "3.9", "profiles": {}, "started_at": {"load_nexus.LoadNexus.time_load_event_nexus": 1635361855153, "transform_coords.TransformCoords.time_energy_to_tof": 1635361866388, "transform_coords.TransformCoords.time_tof_to_dspacing": 1635361884383, "transform_coords.TransformCoords.time_tof_to_energy": 1635361902378, "transform_coords.TransformCoords.time_tof_to_wavelength": 1635361921175, "transform_coords.TransformCoords.time_wavelength_to_tof": 1635361939222}, "ended_at": {"load_nexus.LoadNexus.time_load_event_nexus": 1635361866387, "transform_coords.TransformCoords.time_energy_to_tof": 1635361884382, "transform_coords.TransformCoords.time_tof_to_dspacing": 1635361902378, "transform_coords.TransformCoords.time_tof_to_energy": 1635361921175, "transform_coords.TransformCoords.time_tof_to_wavelength": 1635361939222, "transform_coords.TransformCoords.time_wavelength_to_tof": 1635361957175}, "benchmark_version": {"load_nexus.LoadNexus.time_load_event_nexus": "9bb61e37c240f4221eff71f827efb0f1cfb5371f7c6b0e72f79b9ca92578e5e9", "transform_coords.TransformCoords.time_energy_to_tof": "f1ea8beffb41e75997f96056160ef6dd12d9afb53546d00f7e0cb2b307a616bb", "transform_coords.TransformCoords.time_tof_to_dspacing": "76d3e8bdf45621127e026f90298e8f292d01ddb57cb7caf05a5ce555a659d8ac", "transform_coords.TransformCoords.time_tof_to_energy": "32774381c7e0285d159959187b4537339285cc2573292bc6b39f5edd04d4bc0b", "transform_coords.TransformCoords.time_tof_to_wavelength": "46879c3a68b31604accd5a00f4187eb567d166242d70d944aa010a5d6f8de380", "transform_coords.TransformCoords.time_wavelength_to_tof": "d4710ab73daad9eb187b2c50c320802720ae09b880a656f3ac5284d75fea178b"}, "version": 1}