{"results": {"load_nexus.LoadNexus.time_load_event_nexus": {"result": [5.330029041999978], "stats": [{"ci_99": [0.965709041998025, 9.694349042001928], "q_25": 5.286385841999959, "q_75": 5.373672241999998, "min": 5.242742641999939, "max": 5.417315442000017, "mean": 5.330029041999978, "std": 0.08728640000003907, "repeat": 2, "number": 1}]}, "transform_coords.TransformCoords.time_energy_to_tof": {"result": [0.0016057941999918057], "stats": [{"ci_99": [0.0014956603426239685, 0.001722228257375728], "q_25": 0.0015797973499985575, "q_75": 0.0016349411499930965, "min": 0.0015587210000148843, "max": 0.001665467800000897, "mean": 0.001608944299999848, "std": 4.017760635506496e-05, "repeat": 4, "number": 5}]}, "transform_coords.TransformCoords.time_tof_to_dspacing": {"result": [0.03745833200002835], "stats": [{"ci_99": [0.036530904174723766, 0.03837710132532529], "q_25": 0.03716176275003136, "q_75": 0.03775057200002152, "min": 0.037097409000011794, "max": 0.03780193800002962, "mean": 0.03745400275002453, "std": 0.00031608359392451714, "repeat": 4, "number": 1}]}, "transform_coords.TransformCoords.time_tof_to_energy": {"result": [0.30742505899996786], "stats": [{"ci_99": [0.2933499696551577, 0.32520370084482003], "q_25": 0.3054950067499931, "q_75": 0.3112068874999636, "min": 0.30295167799999945, "max": 0.3193055450000202, "mean": 0.30927683524998884, "std": 0.006119301976696412, "repeat": 4, "number": 1}]}, "transform_coords.TransformCoords.time_tof_to_wavelength": {"result": [0.0016019641000070805], "stats": [{"ci_99": [0.001533940316757075, 0.0016963092832485889], "q_25": 0.0015969887000096604, "q_75": 0.0016201002000002518, "min": 0.0015859628000043813, "max": 0.0016706081999927846, "mean": 0.0016151248000028317, "std": 3.270557478132927e-05, "repeat": 4, "number": 5}]}, "transform_coords.TransformCoords.time_wavelength_to_tof": {"result": [0.035220836000007694], "stats": [{"ci_99": [0.03238087574535188, 0.03889115075467385], "q_25": 0.034797684000011486, "q_75": 0.03605916525000907, "min": 0.03441343500003313, "max": 0.03768894600000294, "mean": 0.035636013250012866, "std": 0.0012478086973445773, "repeat": 4, "number": 1}]}}, "params": {"cpu": "2 Core CPU", "machine": "cloud-container", "os": "Ubuntu latest", "ram": "7GB", "python": "3.9", "appdirs": "", "cmake": "", "conan": "", "ess-dmsc::ess-streaming-data-types": "", "h5py": "", "ipykernel": "6.3.1", "ipympl": "", "ipywidgets": "", "mantid-framework": "", "matplotlib-base": "", "ninja": "", "numpy": "", "pip": "", "pooch": "", "python-configuration": "", "python-confluent-kafka": "", "pythreejs": "", "pyyaml": "", "scipp::scipp": "", "scipy": "", "tbb": ""}, "requirements": {"appdirs": "", "cmake": "", "conan": "", "ess-dmsc::ess-streaming-data-types": "", "h5py": "", "ipykernel": "6.3.1", "ipympl": "", "ipywidgets": "", "mantid-framework": "", "matplotlib-base": "", "ninja": "", "numpy": "", "pip": "", "pooch": "", "python-configuration": "", "python-confluent-kafka": "", "pythreejs": "", "pyyaml": "", "scipp::scipp": "", "scipy": "", "tbb": ""}, "commit_hash": "6cdafc42e9f876adc14efa754cf21dc707fa87de", "date": 1635311095000, "env_name": "conda-py3.9-appdirs-cmake-conan-ess-dmsc__ess-streaming-data-types-h5py-ipykernel6.3.1-ipympl-ipywidgets-mantid-framework-matplotlib-base-ninja-numpy-pip-pooch-python-configuration-python-confluent-kafka-pythreejs-pyyaml-scipp__scipp-scipy-tbb", "python": "3.9", "profiles": {}, "started_at": {"load_nexus.LoadNexus.time_load_event_nexus": 1635415885739, "transform_coords.TransformCoords.time_energy_to_tof": 1635415896933, "transform_coords.TransformCoords.time_tof_to_dspacing": 1635415914146, "transform_coords.TransformCoords.time_tof_to_energy": 1635415931561, "transform_coords.TransformCoords.time_tof_to_wavelength": 1635415949864, "transform_coords.TransformCoords.time_wavelength_to_tof": 1635415967228}, "ended_at": {"load_nexus.LoadNexus.time_load_event_nexus": 1635415896932, "transform_coords.TransformCoords.time_energy_to_tof": 1635415914145, "transform_coords.TransformCoords.time_tof_to_dspacing": 1635415931561, "transform_coords.TransformCoords.time_tof_to_energy": 1635415949864, "transform_coords.TransformCoords.time_tof_to_wavelength": 1635415967228, "transform_coords.TransformCoords.time_wavelength_to_tof": 1635415984933}, "benchmark_version": {"load_nexus.LoadNexus.time_load_event_nexus": "9bb61e37c240f4221eff71f827efb0f1cfb5371f7c6b0e72f79b9ca92578e5e9", "transform_coords.TransformCoords.time_energy_to_tof": "f1ea8beffb41e75997f96056160ef6dd12d9afb53546d00f7e0cb2b307a616bb", "transform_coords.TransformCoords.time_tof_to_dspacing": "76d3e8bdf45621127e026f90298e8f292d01ddb57cb7caf05a5ce555a659d8ac", "transform_coords.TransformCoords.time_tof_to_energy": "32774381c7e0285d159959187b4537339285cc2573292bc6b39f5edd04d4bc0b", "transform_coords.TransformCoords.time_tof_to_wavelength": "46879c3a68b31604accd5a00f4187eb567d166242d70d944aa010a5d6f8de380", "transform_coords.TransformCoords.time_wavelength_to_tof": "d4710ab73daad9eb187b2c50c320802720ae09b880a656f3ac5284d75fea178b"}, "version": 1}