{"results": {"load_nexus.LoadNexus.time_load_event_nexus": {"result": [5.567346292999986], "stats": [{"ci_99": [3.310444092998665, 7.8242484930013045], "q_25": 5.5447772709999725, "q_75": 5.589915314999999, "min": 5.522208248999959, "max": 5.612484337000012, "mean": 5.567346292999986, "std": 0.04513804400002641, "repeat": 2, "number": 1}]}, "transform_coords.TransformCoords.time_energy_to_tof": {"result": [0.0016934374000015851], "stats": [{"ci_99": [0.001422216328478506, 0.001883094471526184], "q_25": 0.0016287739000006242, "q_75": 0.001717318900003306, "min": 0.001498177600001327, "max": 0.001725569200004884, "mean": 0.0016526554000023453, "std": 9.137727849944679e-05, "repeat": 4, "number": 5}]}, "transform_coords.TransformCoords.time_tof_to_dspacing": {"result": [0.03846118699999579], "stats": [{"ci_99": [0.0375917463417958, 0.03968828765813633], "q_25": 0.03830757999992329, "q_75": 0.03920622699990872, "min": 0.037965063000001464, "max": 0.03926002800000106, "mean": 0.03864001699996607, "std": 0.0005105026609439909, "repeat": 5, "number": 1}]}, "transform_coords.TransformCoords.time_tof_to_energy": {"result": [0.3010756794999736], "stats": [{"ci_99": [0.2733445110805102, 0.3271370584194661], "q_25": 0.29322794899997007, "q_75": 0.3080885152499917, "min": 0.2876640829999815, "max": 0.311147697000024, "mean": 0.30024078474998817, "std": 0.009358992456608638, "repeat": 4, "number": 1}]}, "transform_coords.TransformCoords.time_tof_to_wavelength": {"result": [0.0016223503333397578], "stats": [{"ci_99": [0.0014832359628382166, 0.0017689251704864695], "q_25": 0.0015842981666575422, "q_75": 0.0016562191666669908, "min": 0.001523062333319558, "max": 0.0017444728333278665, "mean": 0.001626080566662343, "std": 7.388843483023736e-05, "repeat": 5, "number": 6}]}, "transform_coords.TransformCoords.time_wavelength_to_tof": {"result": [0.03540902700001425], "stats": [{"ci_99": [0.03420757290105231, 0.03698889909896733], "q_25": 0.035042807999957404, "q_75": 0.03599905700002637, "min": 0.03479489400001512, "max": 0.03674539400003596, "mean": 0.03559823600000982, "std": 0.0007023229497824019, "repeat": 5, "number": 1}]}}, "params": {"cpu": "2 Core CPU", "machine": "cloud-container", "os": "Ubuntu latest", "ram": "7GB", "python": "3.9", "appdirs": "", "cmake": "", "conan": "", "ess-dmsc::ess-streaming-data-types": "", "h5py": "", "ipykernel": "6.3.1", "ipympl": "", "ipywidgets": "", "mantid-framework": "", "matplotlib-base": "", "ninja": "", "numpy": "", "pip": "", "pooch": "", "python-configuration": "", "python-confluent-kafka": "", "pythreejs": "", "pyyaml": "", "scipp::scipp": "", "scipy": "", "tbb": ""}, "requirements": {"appdirs": "", "cmake": "", "conan": "", "ess-dmsc::ess-streaming-data-types": "", "h5py": "", "ipykernel": "6.3.1", "ipympl": "", "ipywidgets": "", "mantid-framework": "", "matplotlib-base": "", "ninja": "", "numpy": "", "pip": "", "pooch": "", "python-configuration": "", "python-confluent-kafka": "", "pythreejs": "", "pyyaml": "", "scipp::scipp": "", "scipy": "", "tbb": ""}, "commit_hash": "6cdafc42e9f876adc14efa754cf21dc707fa87de", "date": 1635311095000, "env_name": "conda-py3.9-appdirs-cmake-conan-ess-dmsc__ess-streaming-data-types-h5py-ipykernel6.3.1-ipympl-ipywidgets-mantid-framework-matplotlib-base-ninja-numpy-pip-pooch-python-configuration-python-confluent-kafka-pythreejs-pyyaml-scipp__scipp-scipy-tbb", "python": "3.9", "profiles": {}, "started_at": {"load_nexus.LoadNexus.time_load_event_nexus": 1635477111000, "transform_coords.TransformCoords.time_energy_to_tof": 1635477122543, "transform_coords.TransformCoords.time_tof_to_dspacing": 1635477139552, "transform_coords.TransformCoords.time_tof_to_energy": 1635477160522, "transform_coords.TransformCoords.time_tof_to_wavelength": 1635477177526, "transform_coords.TransformCoords.time_wavelength_to_tof": 1635477193879}, "ended_at": {"load_nexus.LoadNexus.time_load_event_nexus": 1635477122542, "transform_coords.TransformCoords.time_energy_to_tof": 1635477139551, "transform_coords.TransformCoords.time_tof_to_dspacing": 1635477160522, "transform_coords.TransformCoords.time_tof_to_energy": 1635477177526, "transform_coords.TransformCoords.time_tof_to_wavelength": 1635477193879, "transform_coords.TransformCoords.time_wavelength_to_tof": 1635477214400}, "benchmark_version": {"load_nexus.LoadNexus.time_load_event_nexus": "9bb61e37c240f4221eff71f827efb0f1cfb5371f7c6b0e72f79b9ca92578e5e9", "transform_coords.TransformCoords.time_energy_to_tof": "f1ea8beffb41e75997f96056160ef6dd12d9afb53546d00f7e0cb2b307a616bb", "transform_coords.TransformCoords.time_tof_to_dspacing": "76d3e8bdf45621127e026f90298e8f292d01ddb57cb7caf05a5ce555a659d8ac", "transform_coords.TransformCoords.time_tof_to_energy": "32774381c7e0285d159959187b4537339285cc2573292bc6b39f5edd04d4bc0b", "transform_coords.TransformCoords.time_tof_to_wavelength": "46879c3a68b31604accd5a00f4187eb567d166242d70d944aa010a5d6f8de380", "transform_coords.TransformCoords.time_wavelength_to_tof": "d4710ab73daad9eb187b2c50c320802720ae09b880a656f3ac5284d75fea178b"}, "version": 1}