{"results": {"load_nexus.LoadNexus.time_load_event_nexus": {"result": [5.916893670500031], "stats": [{"ci_99": [3.0874959455027238, 8.746291395497336], "q_25": 5.8885996932500575, "q_75": 5.945187647750004, "min": 5.860305716000084, "max": 5.973481624999977, "mean": 5.916893670500031, "std": 0.056587954499946136, "repeat": 2, "number": 1}]}, "transform_coords.TransformCoords.time_energy_to_tof": {"result": [0.0017344873333513533], "stats": [{"ci_99": [0.0013784732782378725, 0.0020399677217511694], "q_25": 0.0016441652083472036, "q_75": 0.0017995426249986697, "min": 0.0015265518333080763, "max": 0.0018413554999672972, "mean": 0.00170922049999452, "std": 0.00011971879283517214, "repeat": 4, "number": 6}]}, "transform_coords.TransformCoords.time_tof_to_dspacing": {"result": [0.04590560550002465], "stats": [{"ci_99": [0.03945943204738199, 0.052704487952579725], "q_25": 0.04385200749993601, "q_75": 0.04813555800006952, "min": 0.0437883370000236, "max": 0.048728291999850626, "mean": 0.04608195999998088, "std": 0.0022686490228898196, "repeat": 4, "number": 1}]}, "transform_coords.TransformCoords.time_tof_to_energy": {"result": [0.3298927185001048], "stats": [{"ci_99": [0.2975198158826744, 0.3632923796172687], "q_25": 0.32351531299997305, "q_75": 0.3367835032501034, "min": 0.3143034769998394, "max": 0.34753547699983756, "mean": 0.33040609774997165, "std": 0.011990693386134434, "repeat": 4, "number": 1}]}, "transform_coords.TransformCoords.time_tof_to_wavelength": {"result": [0.001551577000005485], "stats": [{"ci_99": [0.0012528285041768482, 0.0018878759958306643], "q_25": 0.001465788500013332, "q_75": 0.0016561407499959084, "min": 0.0014611010000180613, "max": 0.0017171539999859913, "mean": 0.0015703522500037557, "std": 0.00010997686983653198, "repeat": 4, "number": 6}]}, "transform_coords.TransformCoords.time_wavelength_to_tof": {"result": [0.04228516099999524], "stats": [{"ci_99": [0.0367330931053725, 0.049646451394518856], "q_25": 0.04155002999999624, "q_75": 0.04392490324994469, "min": 0.04081659599978593, "max": 0.04737217100000635, "mean": 0.04318977224994569, "std": 0.0025120981558541637, "repeat": 4, "number": 1}]}}, "params": {"cpu": "2 Core CPU", "machine": "cloud-container", "os": "Ubuntu latest", "ram": "7GB", "python": "3.9", "appdirs": "", "cmake": "", "conan": "", "ess-dmsc::ess-streaming-data-types": "", "h5py": "", "ipykernel": "6.3.1", "ipympl": "", "ipywidgets": "", "mantid-framework": "", "matplotlib-base": "", "ninja": "", "numpy": "", "pip": "", "pooch": "", "python-configuration": "", "python-confluent-kafka": "", "pythreejs": "", "pyyaml": "", "scipp::scipp": "", "scipy": "", "tbb": ""}, "requirements": {"appdirs": "", "cmake": "", "conan": "", "ess-dmsc::ess-streaming-data-types": "", "h5py": "", "ipykernel": "6.3.1", "ipympl": "", "ipywidgets": "", "mantid-framework": "", "matplotlib-base": "", "ninja": "", "numpy": "", "pip": "", "pooch": "", "python-configuration": "", "python-confluent-kafka": "", "pythreejs": "", "pyyaml": "", "scipp::scipp": "", "scipy": "", "tbb": ""}, "commit_hash": "6cdafc42e9f876adc14efa754cf21dc707fa87de", "date": 1635311095000, "env_name": "conda-py3.9-appdirs-cmake-conan-ess-dmsc__ess-streaming-data-types-h5py-ipykernel6.3.1-ipympl-ipywidgets-mantid-framework-matplotlib-base-ninja-numpy-pip-pooch-python-configuration-python-confluent-kafka-pythreejs-pyyaml-scipp__scipp-scipy-tbb", "python": "3.9", "profiles": {}, "started_at": {"load_nexus.LoadNexus.time_load_event_nexus": 1635474975207, "transform_coords.TransformCoords.time_energy_to_tof": 1635474987251, "transform_coords.TransformCoords.time_tof_to_dspacing": 1635475005714, "transform_coords.TransformCoords.time_tof_to_energy": 1635475025239, "transform_coords.TransformCoords.time_tof_to_wavelength": 1635475044603, "transform_coords.TransformCoords.time_wavelength_to_tof": 1635475062126}, "ended_at": {"load_nexus.LoadNexus.time_load_event_nexus": 1635474987250, "transform_coords.TransformCoords.time_energy_to_tof": 1635475005714, "transform_coords.TransformCoords.time_tof_to_dspacing": 1635475025239, "transform_coords.TransformCoords.time_tof_to_energy": 1635475044603, "transform_coords.TransformCoords.time_tof_to_wavelength": 1635475062125, "transform_coords.TransformCoords.time_wavelength_to_tof": 1635475079482}, "benchmark_version": {"load_nexus.LoadNexus.time_load_event_nexus": "9bb61e37c240f4221eff71f827efb0f1cfb5371f7c6b0e72f79b9ca92578e5e9", "transform_coords.TransformCoords.time_energy_to_tof": "f1ea8beffb41e75997f96056160ef6dd12d9afb53546d00f7e0cb2b307a616bb", "transform_coords.TransformCoords.time_tof_to_dspacing": "76d3e8bdf45621127e026f90298e8f292d01ddb57cb7caf05a5ce555a659d8ac", "transform_coords.TransformCoords.time_tof_to_energy": "32774381c7e0285d159959187b4537339285cc2573292bc6b39f5edd04d4bc0b", "transform_coords.TransformCoords.time_tof_to_wavelength": "46879c3a68b31604accd5a00f4187eb567d166242d70d944aa010a5d6f8de380", "transform_coords.TransformCoords.time_wavelength_to_tof": "d4710ab73daad9eb187b2c50c320802720ae09b880a656f3ac5284d75fea178b"}, "version": 1}