{"results": {"load_nexus.LoadNexus.time_load_event_nexus": {"result": [4.134528726000042], "stats": [{"ci_99": [3.95840341810713, 4.295477333892913], "q_25": 4.078323461750017, "q_75": 4.183145640250046, "min": 4.053714224000032, "max": 4.184989827999971, "mean": 4.126940376000022, "std": 0.057998693638778936, "repeat": 4, "number": 1}]}, "transform_coords.TransformCoords.time_energy_to_tof": {"result": [0.0013088589999981082], "stats": [{"ci_99": [0.0012458351464889792, 0.0013980523535106852], "q_25": 0.0013001738750020309, "q_75": 0.0013306288749959094, "min": 0.001297858249998285, "max": 0.0013721987500048272, "mean": 0.001321943749999832, "std": 2.988869665945273e-05, "repeat": 4, "number": 8}]}, "transform_coords.TransformCoords.time_tof_to_dspacing": {"result": [0.042128783500004374], "stats": [{"ci_99": [0.02724812164674069, 0.06569273885325277], "q_25": 0.04161369950003291, "q_75": 0.04698551424996822, "min": 0.0411422480000283, "max": 0.06048190599994996, "mean": 0.04647043024999675, "std": 0.008103502399651737, "repeat": 4, "number": 1}]}, "transform_coords.TransformCoords.time_tof_to_energy": {"result": [0.3372652110000445], "stats": [{"ci_99": [0.29325100056171294, 0.3937073479383574], "q_25": 0.32747015325003304, "q_75": 0.3532742320000466, "min": 0.32743422900000496, "max": 0.3719520460000467, "mean": 0.34347917425003516, "std": 0.018281061226604174, "repeat": 4, "number": 1}]}, "transform_coords.TransformCoords.time_tof_to_wavelength": {"result": [0.0013399170000027993], "stats": [{"ci_99": [0.001176952523753326, 0.0015698787887465388], "q_25": 0.0013231651562541913, "q_75": 0.0013901674999985403, "min": 0.0013067961249930704, "max": 0.0015070325000010598, "mean": 0.0013734156562499322, "std": 7.87259796063123e-05, "repeat": 4, "number": 8}]}, "transform_coords.TransformCoords.time_wavelength_to_tof": {"result": [0.03893842399997993], "stats": [{"ci_99": [0.024496191062562185, 0.06167243293741889], "q_25": 0.03851989025002922, "q_75": 0.04350284574994134, "min": 0.03782984600002237, "max": 0.05663055399998029, "mean": 0.04308431199999063, "std": 0.007835144202742138, "repeat": 4, "number": 1}]}}, "params": {"cpu": "2 Core CPU", "machine": "cloud-container", "os": "Ubuntu latest", "ram": "7GB", "python": "3.9", "appdirs": "", "cmake": "", "conan": "", "ess-dmsc::ess-streaming-data-types": "", "h5py": "", "ipykernel": "6.3.1", "ipympl": "", "ipywidgets": "", "mantid-framework": "", "matplotlib-base": "", "ninja": "", "numpy": "", "pip": "", "pooch": "", "python-configuration": "", "python-confluent-kafka": "", "pythreejs": "", "pyyaml": "", "scipp::scipp": "", "scipy": "", "tbb": ""}, "requirements": {"appdirs": "", "cmake": "", "conan": "", "ess-dmsc::ess-streaming-data-types": "", "h5py": "", "ipykernel": "6.3.1", "ipympl": "", "ipywidgets": "", "mantid-framework": "", "matplotlib-base": "", "ninja": "", "numpy": "", "pip": "", "pooch": "", "python-configuration": "", "python-confluent-kafka": "", "pythreejs": "", "pyyaml": "", "scipp::scipp": "", "scipy": "", "tbb": ""}, "commit_hash": "6dcf6b446fec55a4be8d7da59ce2774d1d2b97ee", "date": 1636603646000, "env_name": "conda-py3.9-appdirs-cmake-conan-ess-dmsc__ess-streaming-data-types-h5py-ipykernel6.3.1-ipympl-ipywidgets-mantid-framework-matplotlib-base-ninja-numpy-pip-pooch-python-configuration-python-confluent-kafka-pythreejs-pyyaml-scipp__scipp-scipy-tbb", "python": "3.9", "profiles": {}, "started_at": {"load_nexus.LoadNexus.time_load_event_nexus": 1636607550806, "transform_coords.TransformCoords.time_energy_to_tof": 1636607563945, "transform_coords.TransformCoords.time_tof_to_dspacing": 1636607582591, "transform_coords.TransformCoords.time_tof_to_energy": 1636607601342, "transform_coords.TransformCoords.time_tof_to_wavelength": 1636607620844, "transform_coords.TransformCoords.time_wavelength_to_tof": 1636607639593}, "ended_at": {"load_nexus.LoadNexus.time_load_event_nexus": 1636607563945, "transform_coords.TransformCoords.time_energy_to_tof": 1636607582591, "transform_coords.TransformCoords.time_tof_to_dspacing": 1636607601342, "transform_coords.TransformCoords.time_tof_to_energy": 1636607620844, "transform_coords.TransformCoords.time_tof_to_wavelength": 1636607639593, "transform_coords.TransformCoords.time_wavelength_to_tof": 1636607658291}, "benchmark_version": {"load_nexus.LoadNexus.time_load_event_nexus": "9bb61e37c240f4221eff71f827efb0f1cfb5371f7c6b0e72f79b9ca92578e5e9", "transform_coords.TransformCoords.time_energy_to_tof": "f1ea8beffb41e75997f96056160ef6dd12d9afb53546d00f7e0cb2b307a616bb", "transform_coords.TransformCoords.time_tof_to_dspacing": "76d3e8bdf45621127e026f90298e8f292d01ddb57cb7caf05a5ce555a659d8ac", "transform_coords.TransformCoords.time_tof_to_energy": "32774381c7e0285d159959187b4537339285cc2573292bc6b39f5edd04d4bc0b", "transform_coords.TransformCoords.time_tof_to_wavelength": "46879c3a68b31604accd5a00f4187eb567d166242d70d944aa010a5d6f8de380", "transform_coords.TransformCoords.time_wavelength_to_tof": "d4710ab73daad9eb187b2c50c320802720ae09b880a656f3ac5284d75fea178b"}, "version": 1}