{"results": {"load_nexus.LoadNexus.time_load_event_nexus": {"result": [3.866707735499972], "stats": [{"ci_99": [3.7831615195245454, 3.9649300759753974], "q_25": 3.846131996999958, "q_75": 3.8946215362499856, "min": 3.841221176999966, "max": 3.9215465429999767, "mean": 3.8740457977499716, "std": 0.032244484098469486, "repeat": 4, "number": 1}]}, "transform_coords.TransformCoords.time_energy_to_tof": {"result": [0.0015255740000027019], "stats": [{"ci_99": [0.001467127529084339, 0.0015907131137749442], "q_25": 0.0015178668571443105, "q_75": 0.0015366274642880334, "min": 0.0014996311428571321, "max": 0.0015649021428560314, "mean": 0.0015289203214296418, "std": 2.334656119538067e-05, "repeat": 4, "number": 7}]}, "transform_coords.TransformCoords.time_tof_to_dspacing": {"result": [0.041832544499982305], "stats": [{"ci_99": [0.03775477736033221, 0.04567311813969074], "q_25": 0.040557100500009824, "q_75": 0.04298939174998395, "min": 0.04002287400004434, "max": 0.043167828000036934, "mean": 0.04171394775001147, "std": 0.001361071621642621, "repeat": 4, "number": 1}]}, "transform_coords.TransformCoords.time_tof_to_energy": {"result": [0.2849313069999937], "stats": [{"ci_99": [0.2544703052817008, 0.3223024287183014], "q_25": 0.27809732874999327, "q_75": 0.2952203452500015, "min": 0.2764315809999971, "max": 0.30725127300001986, "mean": 0.2883863670000011, "std": 0.012262966011671716, "repeat": 4, "number": 1}]}, "transform_coords.TransformCoords.time_tof_to_wavelength": {"result": [0.0016076687500022522], "stats": [{"ci_99": [0.0014394403001935017, 0.0017770730331297135], "q_25": 0.0015605956249965895, "q_75": 0.0016553297916672705, "min": 0.001535836499992153, "max": 0.0016818526666497746, "mean": 0.001608256666661608, "std": 5.847166148518037e-05, "repeat": 4, "number": 6}]}, "transform_coords.TransformCoords.time_wavelength_to_tof": {"result": [0.04028381349999677], "stats": [{"ci_99": [0.037781782639765046, 0.04239206086021264], "q_25": 0.03953999949999343, "q_75": 0.040830735749992186, "min": 0.038911635999966165, "max": 0.040868423999995684, "mean": 0.040086921749988846, "std": 0.0008125046513532561, "repeat": 4, "number": 1}]}}, "params": {"cpu": "2 Core CPU", "machine": "cloud-container", "os": "Ubuntu latest", "ram": "7GB", "python": "3.9", "appdirs": "", "cmake": "", "conan": "", "ess-dmsc::ess-streaming-data-types": "", "h5py": "", "ipykernel": "6.3.1", "ipympl": "", "ipywidgets": "", "mantid-framework": "", "matplotlib-base": "", "ninja": "", "numpy": "", "pip": "", "pooch": "", "python-configuration": "", "python-confluent-kafka": "", "pythreejs": "", "pyyaml": "", "scipp::scipp": "", "scipy": "", "tbb": ""}, "requirements": {"appdirs": "", "cmake": "", "conan": "", "ess-dmsc::ess-streaming-data-types": "", "h5py": "", "ipykernel": "6.3.1", "ipympl": "", "ipywidgets": "", "mantid-framework": "", "matplotlib-base": "", "ninja": "", "numpy": "", "pip": "", "pooch": "", "python-configuration": "", "python-confluent-kafka": "", "pythreejs": "", "pyyaml": "", "scipp::scipp": "", "scipy": "", "tbb": ""}, "commit_hash": "6eba9a332c76994c92309ec9233a44b101c3958d", "date": 1642411641000, "env_name": "conda-py3.9-appdirs-cmake-conan-ess-dmsc__ess-streaming-data-types-h5py-ipykernel6.3.1-ipympl-ipywidgets-mantid-framework-matplotlib-base-ninja-numpy-pip-pooch-python-configuration-python-confluent-kafka-pythreejs-pyyaml-scipp__scipp-scipy-tbb", "python": "3.9", "profiles": {}, "started_at": {"load_nexus.LoadNexus.time_load_event_nexus": 1642414262858, "transform_coords.TransformCoords.time_energy_to_tof": 1642414275402, "transform_coords.TransformCoords.time_tof_to_dspacing": 1642414292821, "transform_coords.TransformCoords.time_tof_to_energy": 1642414310328, "transform_coords.TransformCoords.time_tof_to_wavelength": 1642414327833, "transform_coords.TransformCoords.time_wavelength_to_tof": 1642414345942}, "ended_at": {"load_nexus.LoadNexus.time_load_event_nexus": 1642414275402, "transform_coords.TransformCoords.time_energy_to_tof": 1642414292821, "transform_coords.TransformCoords.time_tof_to_dspacing": 1642414310327, "transform_coords.TransformCoords.time_tof_to_energy": 1642414327833, "transform_coords.TransformCoords.time_tof_to_wavelength": 1642414345942, "transform_coords.TransformCoords.time_wavelength_to_tof": 1642414364307}, "benchmark_version": {"load_nexus.LoadNexus.time_load_event_nexus": "9bb61e37c240f4221eff71f827efb0f1cfb5371f7c6b0e72f79b9ca92578e5e9", "transform_coords.TransformCoords.time_energy_to_tof": "f1ea8beffb41e75997f96056160ef6dd12d9afb53546d00f7e0cb2b307a616bb", "transform_coords.TransformCoords.time_tof_to_dspacing": "76d3e8bdf45621127e026f90298e8f292d01ddb57cb7caf05a5ce555a659d8ac", "transform_coords.TransformCoords.time_tof_to_energy": "32774381c7e0285d159959187b4537339285cc2573292bc6b39f5edd04d4bc0b", "transform_coords.TransformCoords.time_tof_to_wavelength": "46879c3a68b31604accd5a00f4187eb567d166242d70d944aa010a5d6f8de380", "transform_coords.TransformCoords.time_wavelength_to_tof": "d4710ab73daad9eb187b2c50c320802720ae09b880a656f3ac5284d75fea178b"}, "version": 1}