{"results": {"load_nexus.LoadNexus.time_load_event_nexus": {"result": [4.542792087499947], "stats": [{"ci_99": [4.348788479757653, 4.727079049742304], "q_25": 4.503162432999986, "q_75": 4.577563419249941, "min": 4.436910811000018, "max": 4.629240073000005, "mean": 4.53793376474998, "std": 0.06929176454891241, "repeat": 4, "number": 1}]}, "transform_coords.TransformCoords.time_energy_to_tof": {"result": [0.0014907603124996172], "stats": [{"ci_99": [0.0011408347672810456, 0.0019411314827268505], "q_25": 0.0014522760937509815, "q_75": 0.001579467343752583, "min": 0.001382483250012001, "max": 0.0017999286250045543, "mean": 0.0015409831250039474, "std": 0.00015627134824550015, "repeat": 4, "number": 8}]}, "transform_coords.TransformCoords.time_tof_to_dspacing": {"result": [0.04136188500001481], "stats": [{"ci_99": [0.03380729354997097, 0.04961769345008668], "q_25": 0.03913018425001269, "q_75": 0.04394419425003093, "min": 0.03890795400002389, "max": 0.045218250000061744, "mean": 0.04171249350002881, "std": 0.0027254497672851014, "repeat": 4, "number": 1}]}, "transform_coords.TransformCoords.time_tof_to_energy": {"result": [0.3098577975000012], "stats": [{"ci_99": [0.255534214967098, 0.36983472453283767], "q_25": 0.2954212114999848, "q_75": 0.3271210557499842, "min": 0.2907208009999067, "max": 0.340301482999962, "mean": 0.3126844697499678, "std": 0.01995209839230165, "repeat": 4, "number": 1}]}, "transform_coords.TransformCoords.time_tof_to_wavelength": {"result": [0.0014333625000030484], "stats": [{"ci_99": [0.0013065892154829955, 0.0015592781416652888], "q_25": 0.001393541428565673, "q_75": 0.001472754750011518, "min": 0.0013832655714298067, "max": 0.0014817441428606668, "mean": 0.0014329336785741426, "std": 4.329854646505011e-05, "repeat": 4, "number": 7}]}, "transform_coords.TransformCoords.time_wavelength_to_tof": {"result": [0.037954068999965784], "stats": [{"ci_99": [0.03213301553469006, 0.045433861465291], "q_25": 0.03675395199999798, "q_75": 0.039983555499958356, "min": 0.036555568000039784, "max": 0.04267004799999086, "mean": 0.03878343849999055, "std": 0.002450342323500195, "repeat": 4, "number": 1}]}}, "params": {"cpu": "2 Core CPU", "machine": "cloud-container", "os": "Ubuntu latest", "ram": "7GB", "python": "3.9", "appdirs": "", "cmake": "", "conan": "", "ess-dmsc::ess-streaming-data-types": "", "h5py": "", "ipykernel": "6.3.1", "ipympl": "", "ipywidgets": "", "mantid-framework": "", "matplotlib-base": "", "ninja": "", "numpy": "", "pip": "", "pooch": "", "python-configuration": "", "python-confluent-kafka": "", "pythreejs": "", "pyyaml": "", "scipp::scipp": "", "scipy": "", "tbb": ""}, "requirements": {"appdirs": "", "cmake": "", "conan": "", "ess-dmsc::ess-streaming-data-types": "", "h5py": "", "ipykernel": "6.3.1", "ipympl": "", "ipywidgets": "", "mantid-framework": "", "matplotlib-base": "", "ninja": "", "numpy": "", "pip": "", "pooch": "", "python-configuration": "", "python-confluent-kafka": "", "pythreejs": "", "pyyaml": "", "scipp::scipp": "", "scipy": "", "tbb": ""}, "commit_hash": "7bb705660a60418a8ea59891efcdac6f4f25951d", "date": 1637843516000, "env_name": "conda-py3.9-appdirs-cmake-conan-ess-dmsc__ess-streaming-data-types-h5py-ipykernel6.3.1-ipympl-ipywidgets-mantid-framework-matplotlib-base-ninja-numpy-pip-pooch-python-configuration-python-confluent-kafka-pythreejs-pyyaml-scipp__scipp-scipy-tbb", "python": "3.9", "profiles": {}, "started_at": {"load_nexus.LoadNexus.time_load_event_nexus": 1637846533508, "transform_coords.TransformCoords.time_energy_to_tof": 1637846548263, "transform_coords.TransformCoords.time_tof_to_dspacing": 1637846566276, "transform_coords.TransformCoords.time_tof_to_energy": 1637846583985, "transform_coords.TransformCoords.time_tof_to_wavelength": 1637846602147, "transform_coords.TransformCoords.time_wavelength_to_tof": 1637846619807}, "ended_at": {"load_nexus.LoadNexus.time_load_event_nexus": 1637846548262, "transform_coords.TransformCoords.time_energy_to_tof": 1637846566276, "transform_coords.TransformCoords.time_tof_to_dspacing": 1637846583985, "transform_coords.TransformCoords.time_tof_to_energy": 1637846602147, "transform_coords.TransformCoords.time_tof_to_wavelength": 1637846619806, "transform_coords.TransformCoords.time_wavelength_to_tof": 1637846637363}, "benchmark_version": {"load_nexus.LoadNexus.time_load_event_nexus": "9bb61e37c240f4221eff71f827efb0f1cfb5371f7c6b0e72f79b9ca92578e5e9", "transform_coords.TransformCoords.time_energy_to_tof": "f1ea8beffb41e75997f96056160ef6dd12d9afb53546d00f7e0cb2b307a616bb", "transform_coords.TransformCoords.time_tof_to_dspacing": "76d3e8bdf45621127e026f90298e8f292d01ddb57cb7caf05a5ce555a659d8ac", "transform_coords.TransformCoords.time_tof_to_energy": "32774381c7e0285d159959187b4537339285cc2573292bc6b39f5edd04d4bc0b", "transform_coords.TransformCoords.time_tof_to_wavelength": "46879c3a68b31604accd5a00f4187eb567d166242d70d944aa010a5d6f8de380", "transform_coords.TransformCoords.time_wavelength_to_tof": "d4710ab73daad9eb187b2c50c320802720ae09b880a656f3ac5284d75fea178b"}, "version": 1}