{"results": {"load_nexus.LoadNexus.time_load_event_nexus": {"result": [4.743730709000033], "stats": [{"ci_99": [4.315375362631116, 5.299354506035583], "q_25": 4.74229817600002, "q_75": 4.840614580000022, "min": 4.7408656430000065, "max": 4.93749845100001, "mean": 4.80736493433335, "std": 0.09202572564531475, "repeat": 3, "number": 1}]}, "transform_coords.TransformCoords.time_energy_to_tof": {"result": [0.0013630102499983345], "stats": [{"ci_99": [0.0013218014694124107, 0.0014282616666605463], "q_25": 0.0013462633333224023, "q_75": 0.0013782187916717703, "min": 0.001335625833329838, "max": 0.0014282616666605463, "mean": 0.0013689795555522882, "std": 3.0707624720877266e-05, "repeat": 6, "number": 6}]}, "transform_coords.TransformCoords.time_tof_to_dspacing": {"result": [0.03659099750004202], "stats": [{"ci_99": [0.03633927148104564, 0.037078158852366296], "q_25": 0.03653422200002865, "q_75": 0.03692430100004174, "min": 0.03648784700004626, "max": 0.037031750000039665, "mean": 0.036708715166705964, "std": 0.00022854655921017078, "repeat": 6, "number": 1}]}, "transform_coords.TransformCoords.time_tof_to_energy": {"result": [0.2591841845000147], "stats": [{"ci_99": [0.25770317799998566, 0.2600980339323835], "q_25": 0.25903391975001, "q_75": 0.2596036542500286, "min": 0.25770317799998566, "max": 0.2597946369999704, "mean": 0.2590989155000045, "std": 0.0006921698715662185, "repeat": 6, "number": 1}]}, "transform_coords.TransformCoords.time_tof_to_wavelength": {"result": [0.0013607835833416477], "stats": [{"ci_99": [0.0013497859780095065, 0.001369631521997025], "q_25": 0.0013560663333341456, "q_75": 0.0013645757083414385, "min": 0.0013498589999964377, "max": 0.0013664926666668482, "mean": 0.0013597087500032657, "std": 5.93328896304072e-06, "repeat": 6, "number": 6}]}, "transform_coords.TransformCoords.time_wavelength_to_tof": {"result": [0.03462828999997214], "stats": [{"ci_99": [0.03427090950456316, 0.034970537828734244], "q_25": 0.03447817025002564, "q_75": 0.03479049300003112, "min": 0.034291432999907556, "max": 0.03490363799994611, "mean": 0.0346207236666487, "std": 0.00021133882375833494, "repeat": 6, "number": 1}]}}, "params": {"cpu": "2 Core CPU", "machine": "cloud-container", "os": "Ubuntu latest", "ram": "7GB", "python": "3.9", "appdirs": "", "cmake": "", "conan": "", "ess-dmsc::ess-streaming-data-types": "", "h5py": "", "ipykernel": "6.3.1", "ipympl": "", "ipywidgets": "", "mantid-framework": "", "matplotlib-base": "", "ninja": "", "numpy": "", "pip": "", "pooch": "", "python-configuration": "", "python-confluent-kafka": "", "pythreejs": "", "pyyaml": "", "scipp::scipp": "", "scipy": "", "tbb": ""}, "requirements": {"appdirs": "", "cmake": "", "conan": "", "ess-dmsc::ess-streaming-data-types": "", "h5py": "", "ipykernel": "6.3.1", "ipympl": "", "ipywidgets": "", "mantid-framework": "", "matplotlib-base": "", "ninja": "", "numpy": "", "pip": "", "pooch": "", "python-configuration": "", "python-confluent-kafka": "", "pythreejs": "", "pyyaml": "", "scipp::scipp": "", "scipy": "", "tbb": ""}, "commit_hash": "809229b2461c5bf0e2313554fa22d17d6304a2ab", "date": 1635148563000, "env_name": "conda-py3.9-appdirs-cmake-conan-ess-dmsc__ess-streaming-data-types-h5py-ipykernel6.3.1-ipympl-ipywidgets-mantid-framework-matplotlib-base-ninja-numpy-pip-pooch-python-configuration-python-confluent-kafka-pythreejs-pyyaml-scipp__scipp-scipy-tbb", "python": "3.9", "profiles": {}, "started_at": {"load_nexus.LoadNexus.time_load_event_nexus": 1635153029816, "transform_coords.TransformCoords.time_energy_to_tof": 1635153044816, "transform_coords.TransformCoords.time_tof_to_dspacing": 1635153063570, "transform_coords.TransformCoords.time_tof_to_energy": 1635153082382, "transform_coords.TransformCoords.time_tof_to_wavelength": 1635153102038, "transform_coords.TransformCoords.time_wavelength_to_tof": 1635153120793}, "ended_at": {"load_nexus.LoadNexus.time_load_event_nexus": 1635153044815, "transform_coords.TransformCoords.time_energy_to_tof": 1635153063569, "transform_coords.TransformCoords.time_tof_to_dspacing": 1635153082381, "transform_coords.TransformCoords.time_tof_to_energy": 1635153102038, "transform_coords.TransformCoords.time_tof_to_wavelength": 1635153120792, "transform_coords.TransformCoords.time_wavelength_to_tof": 1635153139597}, "benchmark_version": {"load_nexus.LoadNexus.time_load_event_nexus": "9bb61e37c240f4221eff71f827efb0f1cfb5371f7c6b0e72f79b9ca92578e5e9", "transform_coords.TransformCoords.time_energy_to_tof": "f1ea8beffb41e75997f96056160ef6dd12d9afb53546d00f7e0cb2b307a616bb", "transform_coords.TransformCoords.time_tof_to_dspacing": "76d3e8bdf45621127e026f90298e8f292d01ddb57cb7caf05a5ce555a659d8ac", "transform_coords.TransformCoords.time_tof_to_energy": "32774381c7e0285d159959187b4537339285cc2573292bc6b39f5edd04d4bc0b", "transform_coords.TransformCoords.time_tof_to_wavelength": "46879c3a68b31604accd5a00f4187eb567d166242d70d944aa010a5d6f8de380", "transform_coords.TransformCoords.time_wavelength_to_tof": "d4710ab73daad9eb187b2c50c320802720ae09b880a656f3ac5284d75fea178b"}, "version": 1}