{"results": {"load_nexus.LoadNexus.time_load_event_nexus": {"result": [4.985382423499999], "stats": [{"ci_99": [3.691857698498694, 6.278907148501303], "q_25": 4.972447176249986, "q_75": 4.998317670750012, "min": 4.959511928999973, "max": 5.011252918000025, "mean": 4.985382423499999, "std": 0.025870494500026098, "repeat": 2, "number": 1}]}, "transform_coords.TransformCoords.time_energy_to_tof": {"result": [0.0013573665833348514], "stats": [{"ci_99": [0.0013162459846454398, 0.0014194678333391646], "q_25": 0.0013429329166640969, "q_75": 0.0013857627499973546, "min": 0.0013317161666653494, "max": 0.0014194678333391646, "mean": 0.001366544499999931, "std": 3.07674273090888e-05, "repeat": 6, "number": 6}]}, "transform_coords.TransformCoords.time_tof_to_dspacing": {"result": [0.036714551500040216], "stats": [{"ci_99": [0.036375548048962675, 0.03709916761772861], "q_25": 0.036550625000032255, "q_75": 0.036931358999979125, "min": 0.03648379699995985, "max": 0.0370116360000452, "mean": 0.03673735783334564, "std": 0.00020897086661998769, "repeat": 6, "number": 1}]}, "transform_coords.TransformCoords.time_tof_to_energy": {"result": [0.2610101869998971], "stats": [{"ci_99": [0.2328821832742392, 0.33059427900002447], "q_25": 0.25929960700000265, "q_75": 0.2640180539999619, "min": 0.259076293000021, "max": 0.33059427900002447, "mean": 0.27479968399998145, "std": 0.02795320380827354, "repeat": 5, "number": 1}]}, "transform_coords.TransformCoords.time_tof_to_wavelength": {"result": [0.00136865016666358], "stats": [{"ci_99": [0.0013131026551505484, 0.001506401833334318], "q_25": 0.001349666541671013, "q_75": 0.001375333541664266, "min": 0.0013408163333300156, "max": 0.001506401833334318, "mean": 0.0013842364166660242, "std": 5.6205773085803885e-05, "repeat": 6, "number": 6}]}, "transform_coords.TransformCoords.time_wavelength_to_tof": {"result": [0.03485865400000421], "stats": [{"ci_99": [0.03169802798829472, 0.04236891034506018], "q_25": 0.03449800749999099, "q_75": 0.04011742150001396, "min": 0.0343356240000503, "max": 0.04189974700000221, "mean": 0.037033469166677456, "std": 0.0034096557169400713, "repeat": 6, "number": 1}]}}, "params": {"cpu": "2 Core CPU", "machine": "cloud-container", "os": "Ubuntu latest", "ram": "7GB", "python": "3.9", "appdirs": "", "cmake": "", "conan": "", "ess-dmsc::ess-streaming-data-types": "", "h5py": "", "ipykernel": "6.3.1", "ipympl": "", "ipywidgets": "", "mantid-framework": "", "matplotlib-base": "", "ninja": "", "numpy": "", "pip": "", "pooch": "", "python-configuration": "", "python-confluent-kafka": "", "pythreejs": "", "pyyaml": "", "scipp::scipp": "", "scipy": "", "tbb": ""}, "requirements": {"appdirs": "", "cmake": "", "conan": "", "ess-dmsc::ess-streaming-data-types": "", "h5py": "", "ipykernel": "6.3.1", "ipympl": "", "ipywidgets": "", "mantid-framework": "", "matplotlib-base": "", "ninja": "", "numpy": "", "pip": "", "pooch": "", "python-configuration": "", "python-confluent-kafka": "", "pythreejs": "", "pyyaml": "", "scipp::scipp": "", "scipy": "", "tbb": ""}, "commit_hash": "809229b2461c5bf0e2313554fa22d17d6304a2ab", "date": 1635148563000, "env_name": "conda-py3.9-appdirs-cmake-conan-ess-dmsc__ess-streaming-data-types-h5py-ipykernel6.3.1-ipympl-ipywidgets-mantid-framework-matplotlib-base-ninja-numpy-pip-pooch-python-configuration-python-confluent-kafka-pythreejs-pyyaml-scipp__scipp-scipy-tbb", "python": "3.9", "profiles": {}, "started_at": {"load_nexus.LoadNexus.time_load_event_nexus": 1635149616600, "transform_coords.TransformCoords.time_energy_to_tof": 1635149627091, "transform_coords.TransformCoords.time_tof_to_dspacing": 1635149646251, "transform_coords.TransformCoords.time_tof_to_energy": 1635149665464, "transform_coords.TransformCoords.time_tof_to_wavelength": 1635149685578, "transform_coords.TransformCoords.time_wavelength_to_tof": 1635149704797}, "ended_at": {"load_nexus.LoadNexus.time_load_event_nexus": 1635149627091, "transform_coords.TransformCoords.time_energy_to_tof": 1635149646251, "transform_coords.TransformCoords.time_tof_to_dspacing": 1635149665464, "transform_coords.TransformCoords.time_tof_to_energy": 1635149685578, "transform_coords.TransformCoords.time_tof_to_wavelength": 1635149704797, "transform_coords.TransformCoords.time_wavelength_to_tof": 1635149724007}, "benchmark_version": {"load_nexus.LoadNexus.time_load_event_nexus": "9bb61e37c240f4221eff71f827efb0f1cfb5371f7c6b0e72f79b9ca92578e5e9", "transform_coords.TransformCoords.time_energy_to_tof": "f1ea8beffb41e75997f96056160ef6dd12d9afb53546d00f7e0cb2b307a616bb", "transform_coords.TransformCoords.time_tof_to_dspacing": "76d3e8bdf45621127e026f90298e8f292d01ddb57cb7caf05a5ce555a659d8ac", "transform_coords.TransformCoords.time_tof_to_energy": "32774381c7e0285d159959187b4537339285cc2573292bc6b39f5edd04d4bc0b", "transform_coords.TransformCoords.time_tof_to_wavelength": "46879c3a68b31604accd5a00f4187eb567d166242d70d944aa010a5d6f8de380", "transform_coords.TransformCoords.time_wavelength_to_tof": "d4710ab73daad9eb187b2c50c320802720ae09b880a656f3ac5284d75fea178b"}, "version": 1}