{"results": {"load_nexus.LoadNexus.time_load_event_nexus": {"result": [4.731691501000029], "stats": [{"ci_99": [4.563085749294206, 4.920342562705825], "q_25": 4.6888967557500365, "q_75": 4.784508901250007, "min": 4.672369371000002, "max": 4.831104250999999, "mean": 4.741714156000015, "std": 0.06281048874877555, "repeat": 4, "number": 1}]}, "transform_coords.TransformCoords.time_energy_to_tof": {"result": [0.0013091885000070154], "stats": [{"ci_99": [0.0012835894390568236, 0.0013728651666629805], "q_25": 0.001300240708336749, "q_75": 0.0013145380416735482, "min": 0.0012975476666667873, "max": 0.0013728651666629805, "mean": 0.001317061527781031, "std": 2.582060206263141e-05, "repeat": 6, "number": 6}]}, "transform_coords.TransformCoords.time_tof_to_dspacing": {"result": [0.03447213550001038], "stats": [{"ci_99": [0.034268809130520196, 0.03474961653616373], "q_25": 0.034376431999973533, "q_75": 0.03463366724999162, "min": 0.03437399900008131, "max": 0.034704965000003085, "mean": 0.03450921283334196, "std": 0.00013941532045457088, "repeat": 6, "number": 1}]}, "transform_coords.TransformCoords.time_tof_to_energy": {"result": [0.25678228300000683], "stats": [{"ci_99": [0.25323036387255254, 0.2691817030000152], "q_25": 0.25640471500000217, "q_75": 0.2592131319999993, "min": 0.2562412039999913, "max": 0.2691817030000152, "mean": 0.25921495783333626, "std": 0.004633138667266377, "repeat": 6, "number": 1}]}, "transform_coords.TransformCoords.time_tof_to_wavelength": {"result": [0.0013087571666687836], "stats": [{"ci_99": [0.0012978989703358607, 0.0013233497518883228], "q_25": 0.0013056742916622472, "q_75": 0.0013167407916678069, "min": 0.001299884333339681, "max": 0.0013222988333344194, "mean": 0.0013106243611120917, "std": 7.786031958113078e-06, "repeat": 6, "number": 6}]}, "transform_coords.TransformCoords.time_wavelength_to_tof": {"result": [0.03256634750002263], "stats": [{"ci_99": [0.03201537049156074, 0.033143982508452005], "q_25": 0.032338527250004745, "q_75": 0.03288535274998594, "min": 0.03210850499999651, "max": 0.03298258400002396, "mean": 0.03257967650000637, "std": 0.00032839463411695233, "repeat": 6, "number": 1}]}}, "params": {"cpu": "2 Core CPU", "machine": "cloud-container", "os": "Ubuntu latest", "ram": "7GB", "python": "3.9", "appdirs": "", "cmake": "", "conan": "", "ess-dmsc::ess-streaming-data-types": "", "h5py": "", "ipykernel": "6.3.1", "ipympl": "", "ipywidgets": "", "mantid-framework": "", "matplotlib-base": "", "ninja": "", "numpy": "", "pip": "", "pooch": "", "python-configuration": "", "python-confluent-kafka": "", "pythreejs": "", "pyyaml": "", "scipp::scipp": "", "scipy": "", "tbb": ""}, "requirements": {"appdirs": "", "cmake": "", "conan": "", "ess-dmsc::ess-streaming-data-types": "", "h5py": "", "ipykernel": "6.3.1", "ipympl": "", "ipywidgets": "", "mantid-framework": "", "matplotlib-base": "", "ninja": "", "numpy": "", "pip": "", "pooch": "", "python-configuration": "", "python-confluent-kafka": "", "pythreejs": "", "pyyaml": "", "scipp::scipp": "", "scipy": "", "tbb": ""}, "commit_hash": "809229b2461c5bf0e2313554fa22d17d6304a2ab", "date": 1635148563000, "env_name": "conda-py3.9-appdirs-cmake-conan-ess-dmsc__ess-streaming-data-types-h5py-ipykernel6.3.1-ipympl-ipywidgets-mantid-framework-matplotlib-base-ninja-numpy-pip-pooch-python-configuration-python-confluent-kafka-pythreejs-pyyaml-scipp__scipp-scipy-tbb", "python": "3.9", "profiles": {}, "started_at": {"load_nexus.LoadNexus.time_load_event_nexus": 1635156682602, "transform_coords.TransformCoords.time_energy_to_tof": 1635156697399, "transform_coords.TransformCoords.time_tof_to_dspacing": 1635156716002, "transform_coords.TransformCoords.time_tof_to_energy": 1635156734708, "transform_coords.TransformCoords.time_tof_to_wavelength": 1635156754215, "transform_coords.TransformCoords.time_wavelength_to_tof": 1635156772820}, "ended_at": {"load_nexus.LoadNexus.time_load_event_nexus": 1635156697398, "transform_coords.TransformCoords.time_energy_to_tof": 1635156716002, "transform_coords.TransformCoords.time_tof_to_dspacing": 1635156734708, "transform_coords.TransformCoords.time_tof_to_energy": 1635156754215, "transform_coords.TransformCoords.time_tof_to_wavelength": 1635156772820, "transform_coords.TransformCoords.time_wavelength_to_tof": 1635156791474}, "benchmark_version": {"load_nexus.LoadNexus.time_load_event_nexus": "9bb61e37c240f4221eff71f827efb0f1cfb5371f7c6b0e72f79b9ca92578e5e9", "transform_coords.TransformCoords.time_energy_to_tof": "f1ea8beffb41e75997f96056160ef6dd12d9afb53546d00f7e0cb2b307a616bb", "transform_coords.TransformCoords.time_tof_to_dspacing": "76d3e8bdf45621127e026f90298e8f292d01ddb57cb7caf05a5ce555a659d8ac", "transform_coords.TransformCoords.time_tof_to_energy": "32774381c7e0285d159959187b4537339285cc2573292bc6b39f5edd04d4bc0b", "transform_coords.TransformCoords.time_tof_to_wavelength": "46879c3a68b31604accd5a00f4187eb567d166242d70d944aa010a5d6f8de380", "transform_coords.TransformCoords.time_wavelength_to_tof": "d4710ab73daad9eb187b2c50c320802720ae09b880a656f3ac5284d75fea178b"}, "version": 1}