{"results": {"load_nexus.LoadNexus.time_load_event_nexus": {"result": [4.90586366499997], "stats": [{"ci_99": [4.437578740945326, 5.350648899721352], "q_25": 4.847412324999993, "q_75": 4.946690238000002, "min": 4.788960985000017, "max": 4.9875168110000345, "mean": 4.894113820333341, "std": 0.08148475582137944, "repeat": 3, "number": 1}]}, "transform_coords.TransformCoords.time_energy_to_tof": {"result": [0.0013638599166606962], "stats": [{"ci_99": [0.0012910496606966283, 0.0016095118333320595], "q_25": 0.00135513858333051, "q_75": 0.0014078305000021867, "min": 0.0013472100000058163, "max": 0.0016095118333320595, "mean": 0.001409860083332622, "std": 9.250995521399962e-05, "repeat": 6, "number": 6}]}, "transform_coords.TransformCoords.time_tof_to_dspacing": {"result": [0.038156758000013724], "stats": [{"ci_99": [0.036610579510131656, 0.039257221823232435], "q_25": 0.037367935000020225, "q_75": 0.0382570577500303, "min": 0.036655442999972365, "max": 0.03923896000003424, "mean": 0.03793390066668204, "std": 0.0008397242791331472, "repeat": 6, "number": 1}]}, "transform_coords.TransformCoords.time_tof_to_energy": {"result": [0.2598654100000317], "stats": [{"ci_99": [0.2581795082384531, 0.26209462000008443], "q_25": 0.2590443507499458, "q_75": 0.26066620725003986, "min": 0.2587704869999925, "max": 0.26209462000008443, "mean": 0.26004995516668333, "std": 0.00116109236914745, "repeat": 6, "number": 1}]}, "transform_coords.TransformCoords.time_tof_to_wavelength": {"result": [0.001353013250006067], "stats": [{"ci_99": [0.0013298199688884197, 0.0013775880311099247], "q_25": 0.0013447543333266292, "q_75": 0.001363428166664941, "min": 0.0013312701666639744, "max": 0.0013760261666675433, "mean": 0.0013537039999991722, "std": 1.4622634438284633e-05, "repeat": 6, "number": 6}]}, "transform_coords.TransformCoords.time_wavelength_to_tof": {"result": [0.03591447949997928], "stats": [{"ci_99": [0.034423246883133043, 0.03705054645019233], "q_25": 0.03515491250004743, "q_75": 0.036281057750017, "min": 0.034479507000014564, "max": 0.03680793999990328, "mean": 0.03573689666666269, "std": 0.0007979276730189582, "repeat": 6, "number": 1}]}}, "params": {"cpu": "2 Core CPU", "machine": "cloud-container", "os": "Ubuntu latest", "ram": "7GB", "python": "3.9", "appdirs": "", "cmake": "", "conan": "", "ess-dmsc::ess-streaming-data-types": "", "h5py": "", "ipykernel": "6.3.1", "ipympl": "", "ipywidgets": "", "mantid-framework": "", "matplotlib-base": "", "ninja": "", "numpy": "", "pip": "", "pooch": "", "python-configuration": "", "python-confluent-kafka": "", "pythreejs": "", "pyyaml": "", "scipp::scipp": "", "scipy": "", "tbb": ""}, "requirements": {"appdirs": "", "cmake": "", "conan": "", "ess-dmsc::ess-streaming-data-types": "", "h5py": "", "ipykernel": "6.3.1", "ipympl": "", "ipywidgets": "", "mantid-framework": "", "matplotlib-base": "", "ninja": "", "numpy": "", "pip": "", "pooch": "", "python-configuration": "", "python-confluent-kafka": "", "pythreejs": "", "pyyaml": "", "scipp::scipp": "", "scipy": "", "tbb": ""}, "commit_hash": "809229b2461c5bf0e2313554fa22d17d6304a2ab", "date": 1635148563000, "env_name": "conda-py3.9-appdirs-cmake-conan-ess-dmsc__ess-streaming-data-types-h5py-ipykernel6.3.1-ipympl-ipywidgets-mantid-framework-matplotlib-base-ninja-numpy-pip-pooch-python-configuration-python-confluent-kafka-pythreejs-pyyaml-scipp__scipp-scipy-tbb", "python": "3.9", "profiles": {}, "started_at": {"load_nexus.LoadNexus.time_load_event_nexus": 1635164162011, "transform_coords.TransformCoords.time_energy_to_tof": 1635164177367, "transform_coords.TransformCoords.time_tof_to_dspacing": 1635164196476, "transform_coords.TransformCoords.time_tof_to_energy": 1635164215580, "transform_coords.TransformCoords.time_tof_to_wavelength": 1635164235241, "transform_coords.TransformCoords.time_wavelength_to_tof": 1635164253895}, "ended_at": {"load_nexus.LoadNexus.time_load_event_nexus": 1635164177366, "transform_coords.TransformCoords.time_energy_to_tof": 1635164196476, "transform_coords.TransformCoords.time_tof_to_dspacing": 1635164215580, "transform_coords.TransformCoords.time_tof_to_energy": 1635164235241, "transform_coords.TransformCoords.time_tof_to_wavelength": 1635164253895, "transform_coords.TransformCoords.time_wavelength_to_tof": 1635164272597}, "benchmark_version": {"load_nexus.LoadNexus.time_load_event_nexus": "9bb61e37c240f4221eff71f827efb0f1cfb5371f7c6b0e72f79b9ca92578e5e9", "transform_coords.TransformCoords.time_energy_to_tof": "f1ea8beffb41e75997f96056160ef6dd12d9afb53546d00f7e0cb2b307a616bb", "transform_coords.TransformCoords.time_tof_to_dspacing": "76d3e8bdf45621127e026f90298e8f292d01ddb57cb7caf05a5ce555a659d8ac", "transform_coords.TransformCoords.time_tof_to_energy": "32774381c7e0285d159959187b4537339285cc2573292bc6b39f5edd04d4bc0b", "transform_coords.TransformCoords.time_tof_to_wavelength": "46879c3a68b31604accd5a00f4187eb567d166242d70d944aa010a5d6f8de380", "transform_coords.TransformCoords.time_wavelength_to_tof": "d4710ab73daad9eb187b2c50c320802720ae09b880a656f3ac5284d75fea178b"}, "version": 1}