{"results": {"load_nexus.LoadNexus.time_load_event_nexus": {"result": [5.169940744499996], "stats": [{"ci_99": [4.510333019500507, 5.829548469499485], "q_25": 5.163344667250001, "q_75": 5.176536821749991, "min": 5.1567485900000065, "max": 5.183132898999986, "mean": 5.169940744499996, "std": 0.013192154499989783, "repeat": 2, "number": 1}]}, "transform_coords.TransformCoords.time_energy_to_tof": {"result": [0.0016789039000059346], "stats": [{"ci_99": [0.0015035009395387494, 0.0018645067604711625], "q_25": 0.0016291776000002755, "q_75": 0.0017337301500106152, "min": 0.001613171400003921, "max": 0.001765036200004033, "mean": 0.0016840038500049559, "std": 6.240312633664218e-05, "repeat": 4, "number": 5}]}, "transform_coords.TransformCoords.time_tof_to_dspacing": {"result": [0.04192565649998414], "stats": [{"ci_99": [0.012987959078058536, 0.0879113034219206], "q_25": 0.04073652900001434, "q_75": 0.05163875874995938, "min": 0.04023790500002633, "max": 0.0777093069999637, "mean": 0.05044963124998958, "std": 0.01577005306492522, "repeat": 4, "number": 1}]}, "transform_coords.TransformCoords.time_tof_to_energy": {"result": [0.3341828909999549], "stats": [{"ci_99": [0.3177994976652835, 0.3497309708347067], "q_25": 0.3301165514999411, "q_75": 0.33783157375000883, "min": 0.3257978940000612, "max": 0.34089726100000917, "mean": 0.33376523424999505, "std": 0.0056677422848522814, "repeat": 4, "number": 1}]}, "transform_coords.TransformCoords.time_tof_to_wavelength": {"result": [0.0016802219999931367], "stats": [{"ci_99": [0.0013034554950385952, 0.0021508128049540927], "q_25": 0.0016190928999947117, "q_75": 0.0017882632499947703, "min": 0.0015616923999914433, "max": 0.001986400200007665, "mean": 0.0017271341499963454, "std": 0.00016009264334072016, "repeat": 4, "number": 5}]}, "transform_coords.TransformCoords.time_wavelength_to_tof": {"result": [0.03726969650000456], "stats": [{"ci_99": [0.03209434554225796, 0.044747506957709536], "q_25": 0.03701757774996395, "q_75": 0.03867304500002433, "min": 0.03628944699994463, "max": 0.042854864999981146, "mean": 0.03842092624998372, "std": 0.0025910351959350097, "repeat": 4, "number": 1}]}}, "params": {"cpu": "2 Core CPU", "machine": "cloud-container", "os": "Ubuntu latest", "ram": "7GB", "python": "3.9", "appdirs": "", "cmake": "", "conan": "", "ess-dmsc::ess-streaming-data-types": "", "h5py": "", "ipykernel": "6.3.1", "ipympl": "", "ipywidgets": "", "mantid-framework": "", "matplotlib-base": "", "ninja": "", "numpy": "", "pip": "", "pooch": "", "python-configuration": "", "python-confluent-kafka": "", "pythreejs": "", "pyyaml": "", "scipp::scipp": "", "scipy": "", "tbb": ""}, "requirements": {"appdirs": "", "cmake": "", "conan": "", "ess-dmsc::ess-streaming-data-types": "", "h5py": "", "ipykernel": "6.3.1", "ipympl": "", "ipywidgets": "", "mantid-framework": "", "matplotlib-base": "", "ninja": "", "numpy": "", "pip": "", "pooch": "", "python-configuration": "", "python-confluent-kafka": "", "pythreejs": "", "pyyaml": "", "scipp::scipp": "", "scipy": "", "tbb": ""}, "commit_hash": "809229b2461c5bf0e2313554fa22d17d6304a2ab", "date": 1635148563000, "env_name": "conda-py3.9-appdirs-cmake-conan-ess-dmsc__ess-streaming-data-types-h5py-ipykernel6.3.1-ipympl-ipywidgets-mantid-framework-matplotlib-base-ninja-numpy-pip-pooch-python-configuration-python-confluent-kafka-pythreejs-pyyaml-scipp__scipp-scipy-tbb", "python": "3.9", "profiles": {}, "started_at": {"load_nexus.LoadNexus.time_load_event_nexus": 1635160272248, "transform_coords.TransformCoords.time_energy_to_tof": 1635160283341, "transform_coords.TransformCoords.time_tof_to_dspacing": 1635160301399, "transform_coords.TransformCoords.time_tof_to_energy": 1635160319463, "transform_coords.TransformCoords.time_tof_to_wavelength": 1635160338379, "transform_coords.TransformCoords.time_wavelength_to_tof": 1635160356638}, "ended_at": {"load_nexus.LoadNexus.time_load_event_nexus": 1635160283340, "transform_coords.TransformCoords.time_energy_to_tof": 1635160301399, "transform_coords.TransformCoords.time_tof_to_dspacing": 1635160319463, "transform_coords.TransformCoords.time_tof_to_energy": 1635160338379, "transform_coords.TransformCoords.time_tof_to_wavelength": 1635160356637, "transform_coords.TransformCoords.time_wavelength_to_tof": 1635160374900}, "benchmark_version": {"load_nexus.LoadNexus.time_load_event_nexus": "9bb61e37c240f4221eff71f827efb0f1cfb5371f7c6b0e72f79b9ca92578e5e9", "transform_coords.TransformCoords.time_energy_to_tof": "f1ea8beffb41e75997f96056160ef6dd12d9afb53546d00f7e0cb2b307a616bb", "transform_coords.TransformCoords.time_tof_to_dspacing": "76d3e8bdf45621127e026f90298e8f292d01ddb57cb7caf05a5ce555a659d8ac", "transform_coords.TransformCoords.time_tof_to_energy": "32774381c7e0285d159959187b4537339285cc2573292bc6b39f5edd04d4bc0b", "transform_coords.TransformCoords.time_tof_to_wavelength": "46879c3a68b31604accd5a00f4187eb567d166242d70d944aa010a5d6f8de380", "transform_coords.TransformCoords.time_wavelength_to_tof": "d4710ab73daad9eb187b2c50c320802720ae09b880a656f3ac5284d75fea178b"}, "version": 1}