{"results": {"load_nexus.LoadNexus.time_load_event_nexus": {"result": [5.131244500500003], "stats": [{"ci_99": [-5.070260974499803, 15.3327499754998], "q_25": 5.029229445750005, "q_75": 5.233259555250001, "min": 4.927214391000007, "max": 5.335274609999999, "mean": 5.131244500500003, "std": 0.20403010949999612, "repeat": 2, "number": 1}]}, "transform_coords.TransformCoords.time_energy_to_tof": {"result": [0.001399900666664659], "stats": [{"ci_99": [0.0013265533777387702, 0.0014779812889270884], "q_25": 0.0013659089583294797, "q_75": 0.0014415676250033964, "min": 0.0013442665000032623, "max": 0.0014595011666642677, "mean": 0.0014022673333329294, "std": 4.38388061879989e-05, "repeat": 6, "number": 6}]}, "transform_coords.TransformCoords.time_tof_to_dspacing": {"result": [0.03693735600000991], "stats": [{"ci_99": [0.03522446761696326, 0.04302642899995135], "q_25": 0.036660254499992107, "q_75": 0.03715745524993963, "min": 0.0364957440000353, "max": 0.04302642899995135, "mean": 0.03786593233331814, "std": 0.002320193473550113, "repeat": 6, "number": 1}]}, "transform_coords.TransformCoords.time_tof_to_energy": {"result": [0.2597894945000121], "stats": [{"ci_99": [0.2522750788545033, 0.2899382580000065], "q_25": 0.25920387825001967, "q_75": 0.2603210439999941, "min": 0.2588565099999869, "max": 0.2899382580000065, "mean": 0.2646467761666713, "std": 0.011322995398959878, "repeat": 6, "number": 1}]}, "transform_coords.TransformCoords.time_tof_to_wavelength": {"result": [0.0013549076666758233], "stats": [{"ci_99": [0.0013233916324277932, 0.0014173163333263499], "q_25": 0.0013499290833370499, "q_75": 0.0013565872500009846, "min": 0.0013262833333366568, "max": 0.0014173163333263499, "mean": 0.0013598052777802473, "std": 2.7740999907084007e-05, "repeat": 6, "number": 6}]}, "transform_coords.TransformCoords.time_wavelength_to_tof": {"result": [0.03522833000005221], "stats": [{"ci_99": [0.034442477426258306, 0.03593217990714941], "q_25": 0.03478630100002533, "q_75": 0.03560960000007185, "min": 0.03460352999991301, "max": 0.03568813400011095, "mean": 0.035187328666703856, "std": 0.0004353633018525842, "repeat": 6, "number": 1}]}}, "params": {"cpu": "2 Core CPU", "machine": "cloud-container", "os": "Ubuntu latest", "ram": "7GB", "python": "3.9", "appdirs": "", "cmake": "", "conan": "", "ess-dmsc::ess-streaming-data-types": "", "h5py": "", "ipykernel": "6.3.1", "ipympl": "", "ipywidgets": "", "mantid-framework": "", "matplotlib-base": "", "ninja": "", "numpy": "", "pip": "", "pooch": "", "python-configuration": "", "python-confluent-kafka": "", "pythreejs": "", "pyyaml": "", "scipp::scipp": "", "scipy": "", "tbb": ""}, "requirements": {"appdirs": "", "cmake": "", "conan": "", "ess-dmsc::ess-streaming-data-types": "", "h5py": "", "ipykernel": "6.3.1", "ipympl": "", "ipywidgets": "", "mantid-framework": "", "matplotlib-base": "", "ninja": "", "numpy": "", "pip": "", "pooch": "", "python-configuration": "", "python-confluent-kafka": "", "pythreejs": "", "pyyaml": "", "scipp::scipp": "", "scipy": "", "tbb": ""}, "commit_hash": "86de9dcf5ed56f05ce6f2a8b738bbbdba213ac93", "date": 1636104268000, "env_name": "conda-py3.9-appdirs-cmake-conan-ess-dmsc__ess-streaming-data-types-h5py-ipykernel6.3.1-ipympl-ipywidgets-mantid-framework-matplotlib-base-ninja-numpy-pip-pooch-python-configuration-python-confluent-kafka-pythreejs-pyyaml-scipp__scipp-scipy-tbb", "python": "3.9", "profiles": {}, "started_at": {"load_nexus.LoadNexus.time_load_event_nexus": 1636107105059, "transform_coords.TransformCoords.time_energy_to_tof": 1636107115447, "transform_coords.TransformCoords.time_tof_to_dspacing": 1636107134516, "transform_coords.TransformCoords.time_tof_to_energy": 1636107153580, "transform_coords.TransformCoords.time_tof_to_wavelength": 1636107173492, "transform_coords.TransformCoords.time_wavelength_to_tof": 1636107192351}, "ended_at": {"load_nexus.LoadNexus.time_load_event_nexus": 1636107115447, "transform_coords.TransformCoords.time_energy_to_tof": 1636107134516, "transform_coords.TransformCoords.time_tof_to_dspacing": 1636107153580, "transform_coords.TransformCoords.time_tof_to_energy": 1636107173492, "transform_coords.TransformCoords.time_tof_to_wavelength": 1636107192351, "transform_coords.TransformCoords.time_wavelength_to_tof": 1636107211309}, "benchmark_version": {"load_nexus.LoadNexus.time_load_event_nexus": "9bb61e37c240f4221eff71f827efb0f1cfb5371f7c6b0e72f79b9ca92578e5e9", "transform_coords.TransformCoords.time_energy_to_tof": "f1ea8beffb41e75997f96056160ef6dd12d9afb53546d00f7e0cb2b307a616bb", "transform_coords.TransformCoords.time_tof_to_dspacing": "76d3e8bdf45621127e026f90298e8f292d01ddb57cb7caf05a5ce555a659d8ac", "transform_coords.TransformCoords.time_tof_to_energy": "32774381c7e0285d159959187b4537339285cc2573292bc6b39f5edd04d4bc0b", "transform_coords.TransformCoords.time_tof_to_wavelength": "46879c3a68b31604accd5a00f4187eb567d166242d70d944aa010a5d6f8de380", "transform_coords.TransformCoords.time_wavelength_to_tof": "d4710ab73daad9eb187b2c50c320802720ae09b880a656f3ac5284d75fea178b"}, "version": 1}