{"results": {"load_nexus.LoadNexus.time_load_event_nexus": {"result": [3.796716037500005], "stats": [{"ci_99": [3.7567075561838883, 3.851913980816145], "q_25": 3.794195039999977, "q_75": 3.8068317660000446, "min": 3.787022868000122, "max": 3.8367881309999348, "mean": 3.8043107685000166, "std": 0.019164057496652905, "repeat": 4, "number": 1}]}, "transform_coords.TransformCoords.time_energy_to_tof": {"result": [0.0013863319999976348], "stats": [{"ci_99": [0.0013376521390935287, 0.0014454491942351847], "q_25": 0.0013664995357243826, "q_75": 0.001413994249986672, "min": 0.0013511958571338514, "max": 0.0014423404285740357, "mean": 0.0013915506666643566, "std": 3.2058654870107954e-05, "repeat": 6, "number": 7}]}, "transform_coords.TransformCoords.time_tof_to_dspacing": {"result": [0.03467370949999804], "stats": [{"ci_99": [0.033544948495688044, 0.0377144799999769], "q_25": 0.03434558450004488, "q_75": 0.0348878224999396, "min": 0.034153520000018034, "max": 0.0377144799999769, "mean": 0.035068470333328605, "std": 0.0012132573870833638, "repeat": 6, "number": 1}]}, "transform_coords.TransformCoords.time_tof_to_energy": {"result": [0.2503706099998908], "stats": [{"ci_99": [0.24066158010610775, 0.273431745000039], "q_25": 0.25001468899995416, "q_75": 0.25309132000006684, "min": 0.24899727499996516, "max": 0.273431745000039, "mean": 0.2551811277999832, "std": 0.009225242887374892, "repeat": 5, "number": 1}]}, "transform_coords.TransformCoords.time_tof_to_wavelength": {"result": [0.0014032597142902758], "stats": [{"ci_99": [0.001358188714285851, 0.0014414672274520458], "q_25": 0.001384902678568421, "q_75": 0.0014174693571403297, "min": 0.001358188714285851, "max": 0.0014355594285819148, "mean": 0.001400209523811078, "std": 2.545420202829883e-05, "repeat": 6, "number": 7}]}, "transform_coords.TransformCoords.time_wavelength_to_tof": {"result": [0.03273287899992283], "stats": [{"ci_99": [0.03222905497632981, 0.03337595869027314], "q_25": 0.03260928649996231, "q_75": 0.033035503999940374, "min": 0.03227351300006376, "max": 0.03337130199997773, "mean": 0.03280250683330147, "std": 0.00035678794630275866, "repeat": 6, "number": 1}]}}, "params": {"cpu": "2 Core CPU", "machine": "cloud-container", "os": "Ubuntu latest", "ram": "7GB", "python": "3.9", "appdirs": "", "cmake": "", "conan": "", "ess-dmsc::ess-streaming-data-types": "", "h5py": "", "ipykernel": "6.3.1", "ipympl": "", "ipywidgets": "", "mantid-framework": "", "matplotlib-base": "", "ninja": "", "numpy": "", "pip": "", "pooch": "", "python-configuration": "", "python-confluent-kafka": "", "pythreejs": "", "pyyaml": "", "scipp::scipp": "", "scipy": "", "tbb": ""}, "requirements": {"appdirs": "", "cmake": "", "conan": "", "ess-dmsc::ess-streaming-data-types": "", "h5py": "", "ipykernel": "6.3.1", "ipympl": "", "ipywidgets": "", "mantid-framework": "", "matplotlib-base": "", "ninja": "", "numpy": "", "pip": "", "pooch": "", "python-configuration": "", "python-confluent-kafka": "", "pythreejs": "", "pyyaml": "", "scipp::scipp": "", "scipy": "", "tbb": ""}, "commit_hash": "8c3c87d96e43a09e44e9b57c520a39b8fdb28888", "date": 1643005060000, "env_name": "conda-py3.9-appdirs-cmake-conan-ess-dmsc__ess-streaming-data-types-h5py-ipykernel6.3.1-ipympl-ipywidgets-mantid-framework-matplotlib-base-ninja-numpy-pip-pooch-python-configuration-python-confluent-kafka-pythreejs-pyyaml-scipp__scipp-scipy-tbb", "python": "3.9", "profiles": {}, "started_at": {"load_nexus.LoadNexus.time_load_event_nexus": 1643008423007, "transform_coords.TransformCoords.time_energy_to_tof": 1643008435251, "transform_coords.TransformCoords.time_tof_to_dspacing": 1643008455462, "transform_coords.TransformCoords.time_tof_to_energy": 1643008475271, "transform_coords.TransformCoords.time_tof_to_wavelength": 1643008495787, "transform_coords.TransformCoords.time_wavelength_to_tof": 1643008515243}, "ended_at": {"load_nexus.LoadNexus.time_load_event_nexus": 1643008435251, "transform_coords.TransformCoords.time_energy_to_tof": 1643008455462, "transform_coords.TransformCoords.time_tof_to_dspacing": 1643008475271, "transform_coords.TransformCoords.time_tof_to_energy": 1643008495787, "transform_coords.TransformCoords.time_tof_to_wavelength": 1643008515243, "transform_coords.TransformCoords.time_wavelength_to_tof": 1643008534852}, "benchmark_version": {"load_nexus.LoadNexus.time_load_event_nexus": "9bb61e37c240f4221eff71f827efb0f1cfb5371f7c6b0e72f79b9ca92578e5e9", "transform_coords.TransformCoords.time_energy_to_tof": "f1ea8beffb41e75997f96056160ef6dd12d9afb53546d00f7e0cb2b307a616bb", "transform_coords.TransformCoords.time_tof_to_dspacing": "76d3e8bdf45621127e026f90298e8f292d01ddb57cb7caf05a5ce555a659d8ac", "transform_coords.TransformCoords.time_tof_to_energy": "32774381c7e0285d159959187b4537339285cc2573292bc6b39f5edd04d4bc0b", "transform_coords.TransformCoords.time_tof_to_wavelength": "46879c3a68b31604accd5a00f4187eb567d166242d70d944aa010a5d6f8de380", "transform_coords.TransformCoords.time_wavelength_to_tof": "d4710ab73daad9eb187b2c50c320802720ae09b880a656f3ac5284d75fea178b"}, "version": 1}