{"results": {"load_nexus.LoadNexus.time_load_event_nexus": {"result": [5.079879024499974], "stats": [{"ci_99": [-2.458404250499484, 12.618162299499424], "q_25": 5.004496191749979, "q_75": 5.155261857249968, "min": 4.9291133589999845, "max": 5.230644689999963, "mean": 5.079879024499974, "std": 0.15076566549998915, "repeat": 2, "number": 1}]}, "transform_coords.TransformCoords.time_energy_to_tof": {"result": [0.0013697944166703262], "stats": [{"ci_99": [0.001319877166660414, 0.001408079602071699], "q_25": 0.001359965374997311, "q_75": 0.0013810864583400455, "min": 0.001319877166660414, "max": 0.001407195166668392, "mean": 0.0013680334444453972, "std": 2.6589620806440186e-05, "repeat": 6, "number": 6}]}, "transform_coords.TransformCoords.time_tof_to_dspacing": {"result": [0.036952906499976734], "stats": [{"ci_99": [0.0365592050000032, 0.037198278767565936], "q_25": 0.036893481999982214, "q_75": 0.037067155999977786, "min": 0.0365592050000032, "max": 0.03710660700005519, "mean": 0.03692508966666234, "std": 0.00018346477364489838, "repeat": 6, "number": 1}]}, "transform_coords.TransformCoords.time_tof_to_energy": {"result": [0.2599390579999863], "stats": [{"ci_99": [0.2594840452654548, 0.2613743590000013], "q_25": 0.25991888400000107, "q_75": 0.2602603389999558, "min": 0.2597804840000322, "max": 0.2613743590000013, "mean": 0.26021875849999293, "std": 0.0005469870985028934, "repeat": 6, "number": 1}]}, "transform_coords.TransformCoords.time_tof_to_wavelength": {"result": [0.001353461250005239], "stats": [{"ci_99": [0.0013357123267909977, 0.0014055283333315554], "q_25": 0.0013514363333371193, "q_75": 0.0013736865416831279, "min": 0.001350777999997869, "max": 0.0014055283333315554, "mean": 0.001365736416671679, "std": 2.052096307440132e-05, "repeat": 6, "number": 6}]}, "transform_coords.TransformCoords.time_wavelength_to_tof": {"result": [0.034990741000001435], "stats": [{"ci_99": [0.03448138600003858, 0.03546319399993081], "q_25": 0.03491198999998346, "q_75": 0.035101066999999375, "min": 0.03448138600003858, "max": 0.03546319399993081, "mean": 0.03499160733332474, "std": 0.0002930539726578449, "repeat": 6, "number": 1}]}}, "params": {"cpu": "2 Core CPU", "machine": "cloud-container", "os": "Ubuntu latest", "ram": "7GB", "python": "3.9", "appdirs": "", "cmake": "", "conan": "", "ess-dmsc::ess-streaming-data-types": "", "h5py": "", "ipykernel": "6.3.1", "ipympl": "", "ipywidgets": "", "mantid-framework": "", "matplotlib-base": "", "ninja": "", "numpy": "", "pip": "", "pooch": "", "python-configuration": "", "python-confluent-kafka": "", "pythreejs": "", "pyyaml": "", "scipp::scipp": "", "scipy": "", "tbb": ""}, "requirements": {"appdirs": "", "cmake": "", "conan": "", "ess-dmsc::ess-streaming-data-types": "", "h5py": "", "ipykernel": "6.3.1", "ipympl": "", "ipywidgets": "", "mantid-framework": "", "matplotlib-base": "", "ninja": "", "numpy": "", "pip": "", "pooch": "", "python-configuration": "", "python-confluent-kafka": "", "pythreejs": "", "pyyaml": "", "scipp::scipp": "", "scipy": "", "tbb": ""}, "commit_hash": "900a1b6dceffbec7783f7705f5beb84b8ac2cc5e", "date": 1635774763000, "env_name": "conda-py3.9-appdirs-cmake-conan-ess-dmsc__ess-streaming-data-types-h5py-ipykernel6.3.1-ipympl-ipywidgets-mantid-framework-matplotlib-base-ninja-numpy-pip-pooch-python-configuration-python-confluent-kafka-pythreejs-pyyaml-scipp__scipp-scipy-tbb", "python": "3.9", "profiles": {}, "started_at": {"load_nexus.LoadNexus.time_load_event_nexus": 1635775884406, "transform_coords.TransformCoords.time_energy_to_tof": 1635775894795, "transform_coords.TransformCoords.time_tof_to_dspacing": 1635775913860, "transform_coords.TransformCoords.time_tof_to_energy": 1635775932971, "transform_coords.TransformCoords.time_tof_to_wavelength": 1635775952985, "transform_coords.TransformCoords.time_wavelength_to_tof": 1635775972003}, "ended_at": {"load_nexus.LoadNexus.time_load_event_nexus": 1635775894795, "transform_coords.TransformCoords.time_energy_to_tof": 1635775913860, "transform_coords.TransformCoords.time_tof_to_dspacing": 1635775932971, "transform_coords.TransformCoords.time_tof_to_energy": 1635775952985, "transform_coords.TransformCoords.time_tof_to_wavelength": 1635775972002, "transform_coords.TransformCoords.time_wavelength_to_tof": 1635775991163}, "benchmark_version": {"load_nexus.LoadNexus.time_load_event_nexus": "9bb61e37c240f4221eff71f827efb0f1cfb5371f7c6b0e72f79b9ca92578e5e9", "transform_coords.TransformCoords.time_energy_to_tof": "f1ea8beffb41e75997f96056160ef6dd12d9afb53546d00f7e0cb2b307a616bb", "transform_coords.TransformCoords.time_tof_to_dspacing": "76d3e8bdf45621127e026f90298e8f292d01ddb57cb7caf05a5ce555a659d8ac", "transform_coords.TransformCoords.time_tof_to_energy": "32774381c7e0285d159959187b4537339285cc2573292bc6b39f5edd04d4bc0b", "transform_coords.TransformCoords.time_tof_to_wavelength": "46879c3a68b31604accd5a00f4187eb567d166242d70d944aa010a5d6f8de380", "transform_coords.TransformCoords.time_wavelength_to_tof": "d4710ab73daad9eb187b2c50c320802720ae09b880a656f3ac5284d75fea178b"}, "version": 1}