{"results": {"load_nexus.LoadNexus.time_load_event_nexus": {"result": [3.465365222999992], "stats": [{"ci_99": [3.0829554513412614, 3.9036670166587153], "q_25": 3.37229677874997, "q_75": 3.5863796782500117, "min": 3.336394532999975, "max": 3.7061199569999985, "mean": 3.4933112339999894, "std": 0.14545370097471902, "repeat": 4, "number": 1}]}, "transform_coords.TransformCoords.time_energy_to_tof": {"result": [0.0013141302142847572], "stats": [{"ci_99": [0.0012515186539011909, 0.0013882845365763494], "q_25": 0.0012824527499982912, "q_75": 0.0013492575714317517, "min": 0.001273199571431048, "max": 0.0013850892857151717, "mean": 0.00131990159523877, "std": 4.103888029082633e-05, "repeat": 6, "number": 7}]}, "transform_coords.TransformCoords.time_tof_to_dspacing": {"result": [0.03315809450000984], "stats": [{"ci_99": [0.03262360849408944, 0.03388822099998379], "q_25": 0.032991925499985086, "q_75": 0.03335596750001457, "min": 0.032678863999990426, "max": 0.03388822099998379, "mean": 0.033206955833331143, "std": 0.00037787408456817407, "repeat": 6, "number": 1}]}, "transform_coords.TransformCoords.time_tof_to_energy": {"result": [0.23572837950001713], "stats": [{"ci_99": [0.23321427753774282, 0.23989949199994953], "q_25": 0.2353895657500118, "q_75": 0.23673619699999904, "min": 0.23328597400001172, "max": 0.23989949199994953, "mean": 0.23616516483333308, "std": 0.002003187199300604, "repeat": 6, "number": 1}]}, "transform_coords.TransformCoords.time_tof_to_wavelength": {"result": [0.0013150223124966942], "stats": [{"ci_99": [0.0012469143750024614, 0.0013502783137882516], "q_25": 0.001303326250001291, "q_75": 0.0013299364374965705, "min": 0.0012469143750024614, "max": 0.0013342963749991554, "mean": 0.001307598458332393, "std": 2.960927398751785e-05, "repeat": 6, "number": 8}]}, "transform_coords.TransformCoords.time_wavelength_to_tof": {"result": [0.03188456949999363], "stats": [{"ci_99": [0.03153282099998478, 0.03220659670596976], "q_25": 0.03176008999999169, "q_75": 0.032008298999997464, "min": 0.03153282099998478, "max": 0.03215242900000703, "mean": 0.031870421333328146, "std": 0.00020446457849349333, "repeat": 6, "number": 1}]}}, "params": {"cpu": "2 Core CPU", "machine": "cloud-container", "os": "Ubuntu latest", "ram": "7GB", "python": "3.9", "appdirs": "", "cmake": "", "conan": "", "ess-dmsc::ess-streaming-data-types": "", "h5py": "", "ipykernel": "6.3.1", "ipympl": "", "ipywidgets": "", "mantid-framework": "", "matplotlib-base": "", "ninja": "", "numpy": "", "pip": "", "pooch": "", "python-configuration": "", "python-confluent-kafka": "", "pythreejs": "", "pyyaml": "", "scipp::scipp": "", "scipy": "", "tbb": ""}, "requirements": {"appdirs": "", "cmake": "", "conan": "", "ess-dmsc::ess-streaming-data-types": "", "h5py": "", "ipykernel": "6.3.1", "ipympl": "", "ipywidgets": "", "mantid-framework": "", "matplotlib-base": "", "ninja": "", "numpy": "", "pip": "", "pooch": "", "python-configuration": "", "python-confluent-kafka": "", "pythreejs": "", "pyyaml": "", "scipp::scipp": "", "scipy": "", "tbb": ""}, "commit_hash": "939fa9a16cdac52cb10ac798e2c6eccfa3b31923", "date": 1642425270000, "env_name": "conda-py3.9-appdirs-cmake-conan-ess-dmsc__ess-streaming-data-types-h5py-ipykernel6.3.1-ipympl-ipywidgets-mantid-framework-matplotlib-base-ninja-numpy-pip-pooch-python-configuration-python-confluent-kafka-pythreejs-pyyaml-scipp__scipp-scipy-tbb", "python": "3.9", "profiles": {}, "started_at": {"load_nexus.LoadNexus.time_load_event_nexus": 1642425762721, "transform_coords.TransformCoords.time_energy_to_tof": 1642425773560, "transform_coords.TransformCoords.time_tof_to_dspacing": 1642425791914, "transform_coords.TransformCoords.time_tof_to_energy": 1642425810468, "transform_coords.TransformCoords.time_tof_to_wavelength": 1642425829774, "transform_coords.TransformCoords.time_wavelength_to_tof": 1642425848479}, "ended_at": {"load_nexus.LoadNexus.time_load_event_nexus": 1642425773560, "transform_coords.TransformCoords.time_energy_to_tof": 1642425791914, "transform_coords.TransformCoords.time_tof_to_dspacing": 1642425810467, "transform_coords.TransformCoords.time_tof_to_energy": 1642425829774, "transform_coords.TransformCoords.time_tof_to_wavelength": 1642425848479, "transform_coords.TransformCoords.time_wavelength_to_tof": 1642425866982}, "benchmark_version": {"load_nexus.LoadNexus.time_load_event_nexus": "9bb61e37c240f4221eff71f827efb0f1cfb5371f7c6b0e72f79b9ca92578e5e9", "transform_coords.TransformCoords.time_energy_to_tof": "f1ea8beffb41e75997f96056160ef6dd12d9afb53546d00f7e0cb2b307a616bb", "transform_coords.TransformCoords.time_tof_to_dspacing": "76d3e8bdf45621127e026f90298e8f292d01ddb57cb7caf05a5ce555a659d8ac", "transform_coords.TransformCoords.time_tof_to_energy": "32774381c7e0285d159959187b4537339285cc2573292bc6b39f5edd04d4bc0b", "transform_coords.TransformCoords.time_tof_to_wavelength": "46879c3a68b31604accd5a00f4187eb567d166242d70d944aa010a5d6f8de380", "transform_coords.TransformCoords.time_wavelength_to_tof": "d4710ab73daad9eb187b2c50c320802720ae09b880a656f3ac5284d75fea178b"}, "version": 1}