{"results": {"load_nexus.LoadNexus.time_load_event_nexus": {"result": [5.411151659999973], "stats": [{"ci_99": [2.750072209998393, 8.072231110001551], "q_25": 5.384540865499957, "q_75": 5.437762454499989, "min": 5.357930070999942, "max": 5.464373249000005, "mean": 5.411151659999973, "std": 0.0532215890000316, "repeat": 2, "number": 1}]}, "transform_coords.TransformCoords.time_energy_to_tof": {"result": [0.0016221120000011525], "stats": [{"ci_99": [0.0014728040957668095, 0.001774670204241169], "q_25": 0.0015781893000081483, "q_75": 0.001667659849996994, "min": 0.0015630384000132834, "max": 0.0016876862000003712, "mean": 0.0016237371500039898, "std": 5.196447929508144e-05, "repeat": 4, "number": 5}]}, "transform_coords.TransformCoords.time_tof_to_dspacing": {"result": [0.03828825799999436], "stats": [{"ci_99": [0.03587683966204311, 0.04043530783793328], "q_25": 0.037534688999997456, "q_75": 0.038909642749985096, "min": 0.03711053699998956, "max": 0.0389372419999745, "mean": 0.038156073749988195, "std": 0.0007886471376223534, "repeat": 4, "number": 1}]}, "transform_coords.TransformCoords.time_tof_to_energy": {"result": [0.3024707239999884], "stats": [{"ci_99": [0.2860110812814226, 0.319168184218576], "q_25": 0.2970794639999781, "q_75": 0.3079808927500096, "min": 0.2966431620000094, "max": 0.3087739210000109, "mean": 0.3025896327499993, "std": 0.005671675126590974, "repeat": 4, "number": 1}]}, "transform_coords.TransformCoords.time_tof_to_wavelength": {"result": [0.0016318826999963676], "stats": [{"ci_99": [0.0014638149253838268, 0.0018178415746123622], "q_25": 0.001583874650003736, "q_75": 0.0016888362999907258, "min": 0.001577319200009697, "max": 0.0017222283999899445, "mean": 0.0016408282499980943, "std": 6.12758229374051e-05, "repeat": 4, "number": 5}]}, "transform_coords.TransformCoords.time_wavelength_to_tof": {"result": [0.034930296999959864], "stats": [{"ci_99": [0.03153444442404312, 0.039234151575950435], "q_25": 0.034206249249962184, "q_75": 0.03610834574999444, "min": 0.03407993500002249, "max": 0.03759666300004483, "mean": 0.03538429799999676, "std": 0.0014087448363485735, "repeat": 4, "number": 1}]}}, "params": {"cpu": "2 Core CPU", "machine": "cloud-container", "os": "Ubuntu latest", "ram": "7GB", "python": "3.9", "appdirs": "", "cmake": "", "conan": "", "ess-dmsc::ess-streaming-data-types": "", "h5py": "", "ipykernel": "6.3.1", "ipympl": "", "ipywidgets": "", "mantid-framework": "", "matplotlib-base": "", "ninja": "", "numpy": "", "pip": "", "pooch": "", "python-configuration": "", "python-confluent-kafka": "", "pythreejs": "", "pyyaml": "", "scipp::scipp": "", "scipy": "", "tbb": ""}, "requirements": {"appdirs": "", "cmake": "", "conan": "", "ess-dmsc::ess-streaming-data-types": "", "h5py": "", "ipykernel": "6.3.1", "ipympl": "", "ipywidgets": "", "mantid-framework": "", "matplotlib-base": "", "ninja": "", "numpy": "", "pip": "", "pooch": "", "python-configuration": "", "python-confluent-kafka": "", "pythreejs": "", "pyyaml": "", "scipp::scipp": "", "scipy": "", "tbb": ""}, "commit_hash": "94f877830e5c8c50a5559ea2089674a6ac3de8dc", "date": 1635490360000, "env_name": "conda-py3.9-appdirs-cmake-conan-ess-dmsc__ess-streaming-data-types-h5py-ipykernel6.3.1-ipympl-ipywidgets-mantid-framework-matplotlib-base-ninja-numpy-pip-pooch-python-configuration-python-confluent-kafka-pythreejs-pyyaml-scipp__scipp-scipy-tbb", "python": "3.9", "profiles": {}, "started_at": {"load_nexus.LoadNexus.time_load_event_nexus": 1635513657814, "transform_coords.TransformCoords.time_energy_to_tof": 1635513669160, "transform_coords.TransformCoords.time_tof_to_dspacing": 1635513686161, "transform_coords.TransformCoords.time_tof_to_energy": 1635513703212, "transform_coords.TransformCoords.time_tof_to_wavelength": 1635513721118, "transform_coords.TransformCoords.time_wavelength_to_tof": 1635513737972}, "ended_at": {"load_nexus.LoadNexus.time_load_event_nexus": 1635513669159, "transform_coords.TransformCoords.time_energy_to_tof": 1635513686160, "transform_coords.TransformCoords.time_tof_to_dspacing": 1635513703212, "transform_coords.TransformCoords.time_tof_to_energy": 1635513721118, "transform_coords.TransformCoords.time_tof_to_wavelength": 1635513737972, "transform_coords.TransformCoords.time_wavelength_to_tof": 1635513754883}, "benchmark_version": {"load_nexus.LoadNexus.time_load_event_nexus": "9bb61e37c240f4221eff71f827efb0f1cfb5371f7c6b0e72f79b9ca92578e5e9", "transform_coords.TransformCoords.time_energy_to_tof": "f1ea8beffb41e75997f96056160ef6dd12d9afb53546d00f7e0cb2b307a616bb", "transform_coords.TransformCoords.time_tof_to_dspacing": "76d3e8bdf45621127e026f90298e8f292d01ddb57cb7caf05a5ce555a659d8ac", "transform_coords.TransformCoords.time_tof_to_energy": "32774381c7e0285d159959187b4537339285cc2573292bc6b39f5edd04d4bc0b", "transform_coords.TransformCoords.time_tof_to_wavelength": "46879c3a68b31604accd5a00f4187eb567d166242d70d944aa010a5d6f8de380", "transform_coords.TransformCoords.time_wavelength_to_tof": "d4710ab73daad9eb187b2c50c320802720ae09b880a656f3ac5284d75fea178b"}, "version": 1}