{"results": {"load_nexus.LoadNexus.time_load_event_nexus": {"result": [4.7070115124999745], "stats": [{"ci_99": [4.566158706097927, 4.865395647402033], "q_25": 4.680502330499991, "q_75": 4.742286358749965, "min": 4.649641031999977, "max": 4.799444649999998, "mean": 4.715777176749981, "std": 0.05489585909518992, "repeat": 4, "number": 1}]}, "transform_coords.TransformCoords.time_energy_to_tof": {"result": [0.0013534928333361527], "stats": [{"ci_99": [0.0013275339999836433, 0.0013636285397192773], "q_25": 0.0013512310416672335, "q_75": 0.001355817500000948, "min": 0.0013275339999836433, "max": 0.001359417666662921, "mean": 0.0013501678055531684, "std": 1.0484466833363456e-05, "repeat": 6, "number": 6}]}, "transform_coords.TransformCoords.time_tof_to_dspacing": {"result": [0.036832825999994157], "stats": [{"ci_99": [0.036231474733058586, 0.03748618493355456], "q_25": 0.03652134899999737, "q_75": 0.037163925249970475, "min": 0.03646012999990944, "max": 0.037335381999980655, "mean": 0.03685882983330657, "std": 0.000359928076599355, "repeat": 6, "number": 1}]}, "transform_coords.TransformCoords.time_tof_to_energy": {"result": [0.25995885850005607], "stats": [{"ci_99": [0.2581951540893101, 0.2638109440000562], "q_25": 0.25938724175001937, "q_75": 0.26066914574998634, "min": 0.2590344810000147, "max": 0.2638109440000562, "mean": 0.26047762550002557, "std": 0.0016078706223251222, "repeat": 6, "number": 1}]}, "transform_coords.TransformCoords.time_tof_to_wavelength": {"result": [0.0013452449166682832], "stats": [{"ci_99": [0.0013281168333492133, 0.001357768444308986], "q_25": 0.001340868583329306, "q_75": 0.001350205874999233, "min": 0.0013281168333492133, "max": 0.0013551505000085247, "mean": 0.0013441710833366944, "std": 8.75329677511184e-06, "repeat": 6, "number": 6}]}, "transform_coords.TransformCoords.time_wavelength_to_tof": {"result": [0.0346645145000366], "stats": [{"ci_99": [0.034164054244493786, 0.035044671088845986], "q_25": 0.03438876374998756, "q_75": 0.03480885099997977, "min": 0.03420598000002428, "max": 0.03493735699998979, "mean": 0.034604362666669886, "std": 0.00026675142608988513, "repeat": 6, "number": 1}]}}, "params": {"cpu": "2 Core CPU", "machine": "cloud-container", "os": "Ubuntu latest", "ram": "7GB", "python": "3.9", "appdirs": "", "cmake": "", "conan": "", "ess-dmsc::ess-streaming-data-types": "", "h5py": "", "ipykernel": "6.3.1", "ipympl": "", "ipywidgets": "", "mantid-framework": "", "matplotlib-base": "", "ninja": "", "numpy": "", "pip": "", "pooch": "", "python-configuration": "", "python-confluent-kafka": "", "pythreejs": "", "pyyaml": "", "scipp::scipp": "", "scipy": "", "tbb": ""}, "requirements": {"appdirs": "", "cmake": "", "conan": "", "ess-dmsc::ess-streaming-data-types": "", "h5py": "", "ipykernel": "6.3.1", "ipympl": "", "ipywidgets": "", "mantid-framework": "", "matplotlib-base": "", "ninja": "", "numpy": "", "pip": "", "pooch": "", "python-configuration": "", "python-confluent-kafka": "", "pythreejs": "", "pyyaml": "", "scipp::scipp": "", "scipy": "", "tbb": ""}, "commit_hash": "94f877830e5c8c50a5559ea2089674a6ac3de8dc", "date": 1635490360000, "env_name": "conda-py3.9-appdirs-cmake-conan-ess-dmsc__ess-streaming-data-types-h5py-ipykernel6.3.1-ipympl-ipywidgets-mantid-framework-matplotlib-base-ninja-numpy-pip-pooch-python-configuration-python-confluent-kafka-pythreejs-pyyaml-scipp__scipp-scipy-tbb", "python": "3.9", "profiles": {}, "started_at": {"load_nexus.LoadNexus.time_load_event_nexus": 1635495142293, "transform_coords.TransformCoords.time_energy_to_tof": 1635495157241, "transform_coords.TransformCoords.time_tof_to_dspacing": 1635495175945, "transform_coords.TransformCoords.time_tof_to_energy": 1635495194699, "transform_coords.TransformCoords.time_tof_to_wavelength": 1635495214255, "transform_coords.TransformCoords.time_wavelength_to_tof": 1635495232974}, "ended_at": {"load_nexus.LoadNexus.time_load_event_nexus": 1635495157240, "transform_coords.TransformCoords.time_energy_to_tof": 1635495175944, "transform_coords.TransformCoords.time_tof_to_dspacing": 1635495194699, "transform_coords.TransformCoords.time_tof_to_energy": 1635495214255, "transform_coords.TransformCoords.time_tof_to_wavelength": 1635495232973, "transform_coords.TransformCoords.time_wavelength_to_tof": 1635495251728}, "benchmark_version": {"load_nexus.LoadNexus.time_load_event_nexus": "9bb61e37c240f4221eff71f827efb0f1cfb5371f7c6b0e72f79b9ca92578e5e9", "transform_coords.TransformCoords.time_energy_to_tof": "f1ea8beffb41e75997f96056160ef6dd12d9afb53546d00f7e0cb2b307a616bb", "transform_coords.TransformCoords.time_tof_to_dspacing": "76d3e8bdf45621127e026f90298e8f292d01ddb57cb7caf05a5ce555a659d8ac", "transform_coords.TransformCoords.time_tof_to_energy": "32774381c7e0285d159959187b4537339285cc2573292bc6b39f5edd04d4bc0b", "transform_coords.TransformCoords.time_tof_to_wavelength": "46879c3a68b31604accd5a00f4187eb567d166242d70d944aa010a5d6f8de380", "transform_coords.TransformCoords.time_wavelength_to_tof": "d4710ab73daad9eb187b2c50c320802720ae09b880a656f3ac5284d75fea178b"}, "version": 1}