{"results": {"load_nexus.LoadNexus.time_load_event_nexus": {"result": [5.099703517499961], "stats": [{"ci_99": [4.0138733925017505, 6.185533642498171], "q_25": 5.088845216249979, "q_75": 5.110561818749943, "min": 5.077986914999997, "max": 5.121420119999925, "mean": 5.099703517499961, "std": 0.02171660249996421, "repeat": 2, "number": 1}]}, "transform_coords.TransformCoords.time_energy_to_tof": {"result": [0.0014523429166691435], "stats": [{"ci_99": [0.0012782255052173064, 0.0016200187447831344], "q_25": 0.0013982972916745477, "q_75": 0.001503167749994816, "min": 0.0013777846666679732, "max": 0.0015140179999946213, "mean": 0.0014491221250002204, "std": 5.8690844288361455e-05, "repeat": 4, "number": 6}]}, "transform_coords.TransformCoords.time_tof_to_dspacing": {"result": [0.042668143000014425], "stats": [{"ci_99": [0.03608669658759713, 0.05075824041239796], "q_25": 0.04164379249996841, "q_75": 0.04444681900004355, "min": 0.04045143799999096, "max": 0.047902149999970334, "mean": 0.043422468499997535, "std": 0.0027757245543080116, "repeat": 4, "number": 1}]}, "transform_coords.TransformCoords.time_tof_to_energy": {"result": [0.3060635099999729], "stats": [{"ci_99": [0.294860483723145, 0.3168459857768333], "q_25": 0.30266674974997443, "q_75": 0.3092499949999876, "min": 0.30115132000003086, "max": 0.31013459899997997, "mean": 0.30585323474998916, "std": 0.003783167035304681, "repeat": 4, "number": 1}]}, "transform_coords.TransformCoords.time_tof_to_wavelength": {"result": [0.0014708514999976312], "stats": [{"ci_99": [0.0014091155092354327, 0.0015970543574283591], "q_25": 0.0014667848333260736, "q_75": 0.0015551183333286644, "min": 0.0014592016666673164, "max": 0.001563468333339794, "mean": 0.001503084933331896, "std": 4.612171351942451e-05, "repeat": 5, "number": 6}]}, "transform_coords.TransformCoords.time_wavelength_to_tof": {"result": [0.04101154350001934], "stats": [{"ci_99": [0.03772171126452098, 0.04483437673552565], "q_25": 0.04015546800002312, "q_75": 0.04213411950001955, "min": 0.04001874300001873, "max": 0.0430703460000359, "mean": 0.04127804400002333, "std": 0.0012504051965113044, "repeat": 4, "number": 1}]}}, "params": {"cpu": "2 Core CPU", "machine": "cloud-container", "os": "Ubuntu latest", "ram": "7GB", "python": "3.9", "appdirs": "", "cmake": "", "conan": "", "ess-dmsc::ess-streaming-data-types": "", "h5py": "", "ipykernel": "6.3.1", "ipympl": "", "ipywidgets": "", "mantid-framework": "", "matplotlib-base": "", "ninja": "", "numpy": "", "pip": "", "pooch": "", "python-configuration": "", "python-confluent-kafka": "", "pythreejs": "", "pyyaml": "", "scipp::scipp": "", "scipy": "", "tbb": ""}, "requirements": {"appdirs": "", "cmake": "", "conan": "", "ess-dmsc::ess-streaming-data-types": "", "h5py": "", "ipykernel": "6.3.1", "ipympl": "", "ipywidgets": "", "mantid-framework": "", "matplotlib-base": "", "ninja": "", "numpy": "", "pip": "", "pooch": "", "python-configuration": "", "python-confluent-kafka": "", "pythreejs": "", "pyyaml": "", "scipp::scipp": "", "scipy": "", "tbb": ""}, "commit_hash": "94f877830e5c8c50a5559ea2089674a6ac3de8dc", "date": 1635490360000, "env_name": "conda-py3.9-appdirs-cmake-conan-ess-dmsc__ess-streaming-data-types-h5py-ipykernel6.3.1-ipympl-ipywidgets-mantid-framework-matplotlib-base-ninja-numpy-pip-pooch-python-configuration-python-confluent-kafka-pythreejs-pyyaml-scipp__scipp-scipy-tbb", "python": "3.9", "profiles": {}, "started_at": {"load_nexus.LoadNexus.time_load_event_nexus": 1635502313992, "transform_coords.TransformCoords.time_energy_to_tof": 1635502324676, "transform_coords.TransformCoords.time_tof_to_dspacing": 1635502340976, "transform_coords.TransformCoords.time_tof_to_energy": 1635502357376, "transform_coords.TransformCoords.time_tof_to_wavelength": 1635502374630, "transform_coords.TransformCoords.time_wavelength_to_tof": 1635502390980}, "ended_at": {"load_nexus.LoadNexus.time_load_event_nexus": 1635502324675, "transform_coords.TransformCoords.time_energy_to_tof": 1635502340975, "transform_coords.TransformCoords.time_tof_to_dspacing": 1635502357376, "transform_coords.TransformCoords.time_tof_to_energy": 1635502374630, "transform_coords.TransformCoords.time_tof_to_wavelength": 1635502390980, "transform_coords.TransformCoords.time_wavelength_to_tof": 1635502407328}, "benchmark_version": {"load_nexus.LoadNexus.time_load_event_nexus": "9bb61e37c240f4221eff71f827efb0f1cfb5371f7c6b0e72f79b9ca92578e5e9", "transform_coords.TransformCoords.time_energy_to_tof": "f1ea8beffb41e75997f96056160ef6dd12d9afb53546d00f7e0cb2b307a616bb", "transform_coords.TransformCoords.time_tof_to_dspacing": "76d3e8bdf45621127e026f90298e8f292d01ddb57cb7caf05a5ce555a659d8ac", "transform_coords.TransformCoords.time_tof_to_energy": "32774381c7e0285d159959187b4537339285cc2573292bc6b39f5edd04d4bc0b", "transform_coords.TransformCoords.time_tof_to_wavelength": "46879c3a68b31604accd5a00f4187eb567d166242d70d944aa010a5d6f8de380", "transform_coords.TransformCoords.time_wavelength_to_tof": "d4710ab73daad9eb187b2c50c320802720ae09b880a656f3ac5284d75fea178b"}, "version": 1}