{"results": {"load_nexus.LoadNexus.time_load_event_nexus": {"result": [4.915563826000039], "stats": [{"ci_99": [4.802766672907155, 5.05268984109287], "q_25": 4.911588234500016, "q_75": 4.937786064000022, "min": 4.907612642999993, "max": 4.960008302000006, "mean": 4.9277282570000125, "std": 0.02305509786975888, "repeat": 3, "number": 1}]}, "transform_coords.TransformCoords.time_energy_to_tof": {"result": [0.0013434075000020584], "stats": [{"ci_99": [0.0012966380661728779, 0.0014243091666609569], "q_25": 0.001332324000003382, "q_75": 0.0013723290000058341, "min": 0.0013086068333336698, "max": 0.0014243091666609569, "mean": 0.00135505500000161, "std": 3.7658990132579324e-05, "repeat": 6, "number": 6}]}, "transform_coords.TransformCoords.time_tof_to_dspacing": {"result": [0.03746747450009025], "stats": [{"ci_99": [0.03703766900002847, 0.03769690827590026], "q_25": 0.03744177550004224, "q_75": 0.037552200750042175, "min": 0.03703766900002847, "max": 0.0376288800000566, "mean": 0.03743585833338633, "std": 0.00019046236155530777, "repeat": 6, "number": 1}]}, "transform_coords.TransformCoords.time_tof_to_energy": {"result": [0.26100160350006263], "stats": [{"ci_99": [0.2600487790000443, 0.26206035835016533], "q_25": 0.26086562775000743, "q_75": 0.2615081580000549, "min": 0.2600487790000443, "max": 0.2619881289999739, "mean": 0.26108957116669745, "std": 0.0006194184804240424, "repeat": 6, "number": 1}]}, "transform_coords.TransformCoords.time_tof_to_wavelength": {"result": [0.0013371987499984546], "stats": [{"ci_99": [0.0013190764189999972, 0.001367508000006031], "q_25": 0.001329694166675684, "q_75": 0.0013434408333286758, "min": 0.0013262240000055197, "max": 0.001367508000006031, "mean": 0.0013401406111136617, "std": 1.3898476676031139e-05, "repeat": 6, "number": 6}]}, "transform_coords.TransformCoords.time_wavelength_to_tof": {"result": [0.03522703350000711], "stats": [{"ci_99": [0.034963780501371985, 0.03563054100004592], "q_25": 0.03512865774996499, "q_75": 0.03536201074999212, "min": 0.03504623200001333, "max": 0.03563054100004592, "mean": 0.035272284833335256, "std": 0.00019668797057133855, "repeat": 6, "number": 1}]}}, "params": {"cpu": "2 Core CPU", "machine": "cloud-container", "os": "Ubuntu latest", "ram": "7GB", "python": "3.9", "appdirs": "", "cmake": "", "conan": "", "ess-dmsc::ess-streaming-data-types": "", "h5py": "", "ipykernel": "6.3.1", "ipympl": "", "ipywidgets": "", "mantid-framework": "", "matplotlib-base": "", "ninja": "", "numpy": "", "pip": "", "pooch": "", "python-configuration": "", "python-confluent-kafka": "", "pythreejs": "", "pyyaml": "", "scipp::scipp": "", "scipy": "", "tbb": ""}, "requirements": {"appdirs": "", "cmake": "", "conan": "", "ess-dmsc::ess-streaming-data-types": "", "h5py": "", "ipykernel": "6.3.1", "ipympl": "", "ipywidgets": "", "mantid-framework": "", "matplotlib-base": "", "ninja": "", "numpy": "", "pip": "", "pooch": "", "python-configuration": "", "python-confluent-kafka": "", "pythreejs": "", "pyyaml": "", "scipp::scipp": "", "scipy": "", "tbb": ""}, "commit_hash": "94f877830e5c8c50a5559ea2089674a6ac3de8dc", "date": 1635490360000, "env_name": "conda-py3.9-appdirs-cmake-conan-ess-dmsc__ess-streaming-data-types-h5py-ipykernel6.3.1-ipympl-ipywidgets-mantid-framework-matplotlib-base-ninja-numpy-pip-pooch-python-configuration-python-confluent-kafka-pythreejs-pyyaml-scipp__scipp-scipy-tbb", "python": "3.9", "profiles": {}, "started_at": {"load_nexus.LoadNexus.time_load_event_nexus": 1635509667570, "transform_coords.TransformCoords.time_energy_to_tof": 1635509683071, "transform_coords.TransformCoords.time_tof_to_dspacing": 1635509702080, "transform_coords.TransformCoords.time_tof_to_energy": 1635509721142, "transform_coords.TransformCoords.time_tof_to_wavelength": 1635509741002, "transform_coords.TransformCoords.time_wavelength_to_tof": 1635509759962}, "ended_at": {"load_nexus.LoadNexus.time_load_event_nexus": 1635509683070, "transform_coords.TransformCoords.time_energy_to_tof": 1635509702079, "transform_coords.TransformCoords.time_tof_to_dspacing": 1635509721142, "transform_coords.TransformCoords.time_tof_to_energy": 1635509741002, "transform_coords.TransformCoords.time_tof_to_wavelength": 1635509759962, "transform_coords.TransformCoords.time_wavelength_to_tof": 1635509778974}, "benchmark_version": {"load_nexus.LoadNexus.time_load_event_nexus": "9bb61e37c240f4221eff71f827efb0f1cfb5371f7c6b0e72f79b9ca92578e5e9", "transform_coords.TransformCoords.time_energy_to_tof": "f1ea8beffb41e75997f96056160ef6dd12d9afb53546d00f7e0cb2b307a616bb", "transform_coords.TransformCoords.time_tof_to_dspacing": "76d3e8bdf45621127e026f90298e8f292d01ddb57cb7caf05a5ce555a659d8ac", "transform_coords.TransformCoords.time_tof_to_energy": "32774381c7e0285d159959187b4537339285cc2573292bc6b39f5edd04d4bc0b", "transform_coords.TransformCoords.time_tof_to_wavelength": "46879c3a68b31604accd5a00f4187eb567d166242d70d944aa010a5d6f8de380", "transform_coords.TransformCoords.time_wavelength_to_tof": "d4710ab73daad9eb187b2c50c320802720ae09b880a656f3ac5284d75fea178b"}, "version": 1}