{"results": {"load_nexus.LoadNexus.time_load_event_nexus": {"result": [5.400382295500009], "stats": [{"ci_99": [1.293669970498371, 9.507094620501643], "q_25": 5.3593151722499925, "q_75": 5.441449418750025, "min": 5.318248048999976, "max": 5.482516542000042, "mean": 5.400382295500009, "std": 0.08213424650003276, "repeat": 2, "number": 1}]}, "transform_coords.TransformCoords.time_energy_to_tof": {"result": [0.0016402506000019912], "stats": [{"ci_99": [0.0014711746332304598, 0.0018467667667598727], "q_25": 0.0016094047499962017, "q_75": 0.0016898165500009556, "min": 0.0015853901999889786, "max": 0.0017699913999877025, "mean": 0.0016589706999951658, "std": 6.979253659563328e-05, "repeat": 4, "number": 5}]}, "transform_coords.TransformCoords.time_tof_to_dspacing": {"result": [0.045478552999952626], "stats": [{"ci_99": [0.040193218615805874, 0.05025446388417882], "q_25": 0.043811712250004575, "q_75": 0.0468906819999404, "min": 0.04297804600003019, "max": 0.046960213000033946, "mean": 0.04522384124999235, "std": 0.0017354188706618916, "repeat": 4, "number": 1}]}, "transform_coords.TransformCoords.time_tof_to_energy": {"result": [0.31073746800001345], "stats": [{"ci_99": [0.2829550094582305, 0.34416151054172794], "q_25": 0.30624649674999205, "q_75": 0.31804923125000073, "min": 0.30084337899995717, "max": 0.33191472499993324, "mean": 0.3135582599999793, "std": 0.01150014358043796, "repeat": 4, "number": 1}]}, "transform_coords.TransformCoords.time_tof_to_wavelength": {"result": [0.0015844935833323839], "stats": [{"ci_99": [0.0014537186408121795, 0.001719609942508095], "q_25": 0.0015587182083341606, "q_75": 0.0016124396666583607, "min": 0.0015216928333264452, "max": 0.0016559771666493361, "mean": 0.0015866642916601372, "std": 4.846625451970913e-05, "repeat": 4, "number": 6}]}, "transform_coords.TransformCoords.time_wavelength_to_tof": {"result": [0.041372063499977685], "stats": [{"ci_99": [0.03975075033652853, 0.04280817366348277], "q_25": 0.0411168102500028, "q_75": 0.041534715249980536, "min": 0.04037625500006925, "max": 0.041997465999997985, "mean": 0.04127946200000565, "std": 0.0005806470258981886, "repeat": 4, "number": 1}]}}, "params": {"cpu": "2 Core CPU", "machine": "cloud-container", "os": "Ubuntu latest", "ram": "7GB", "python": "3.9", "appdirs": "", "cmake": "", "conan": "", "ess-dmsc::ess-streaming-data-types": "", "h5py": "", "ipykernel": "6.3.1", "ipympl": "", "ipywidgets": "", "mantid-framework": "", "matplotlib-base": "", "ninja": "", "numpy": "", "pip": "", "pooch": "", "python-configuration": "", "python-confluent-kafka": "", "pythreejs": "", "pyyaml": "", "scipp::scipp": "", "scipy": "", "tbb": ""}, "requirements": {"appdirs": "", "cmake": "", "conan": "", "ess-dmsc::ess-streaming-data-types": "", "h5py": "", "ipykernel": "6.3.1", "ipympl": "", "ipywidgets": "", "mantid-framework": "", "matplotlib-base": "", "ninja": "", "numpy": "", "pip": "", "pooch": "", "python-configuration": "", "python-confluent-kafka": "", "pythreejs": "", "pyyaml": "", "scipp::scipp": "", "scipy": "", "tbb": ""}, "commit_hash": "94f877830e5c8c50a5559ea2089674a6ac3de8dc", "date": 1635490360000, "env_name": "conda-py3.9-appdirs-cmake-conan-ess-dmsc__ess-streaming-data-types-h5py-ipykernel6.3.1-ipympl-ipywidgets-mantid-framework-matplotlib-base-ninja-numpy-pip-pooch-python-configuration-python-confluent-kafka-pythreejs-pyyaml-scipp__scipp-scipy-tbb", "python": "3.9", "profiles": {}, "started_at": {"load_nexus.LoadNexus.time_load_event_nexus": 1635491511922, "transform_coords.TransformCoords.time_energy_to_tof": 1635491523162, "transform_coords.TransformCoords.time_tof_to_dspacing": 1635491540665, "transform_coords.TransformCoords.time_tof_to_energy": 1635491558221, "transform_coords.TransformCoords.time_tof_to_wavelength": 1635491576438, "transform_coords.TransformCoords.time_wavelength_to_tof": 1635491593389}, "ended_at": {"load_nexus.LoadNexus.time_load_event_nexus": 1635491523161, "transform_coords.TransformCoords.time_energy_to_tof": 1635491540665, "transform_coords.TransformCoords.time_tof_to_dspacing": 1635491558221, "transform_coords.TransformCoords.time_tof_to_energy": 1635491576437, "transform_coords.TransformCoords.time_tof_to_wavelength": 1635491593388, "transform_coords.TransformCoords.time_wavelength_to_tof": 1635491610594}, "benchmark_version": {"load_nexus.LoadNexus.time_load_event_nexus": "9bb61e37c240f4221eff71f827efb0f1cfb5371f7c6b0e72f79b9ca92578e5e9", "transform_coords.TransformCoords.time_energy_to_tof": "f1ea8beffb41e75997f96056160ef6dd12d9afb53546d00f7e0cb2b307a616bb", "transform_coords.TransformCoords.time_tof_to_dspacing": "76d3e8bdf45621127e026f90298e8f292d01ddb57cb7caf05a5ce555a659d8ac", "transform_coords.TransformCoords.time_tof_to_energy": "32774381c7e0285d159959187b4537339285cc2573292bc6b39f5edd04d4bc0b", "transform_coords.TransformCoords.time_tof_to_wavelength": "46879c3a68b31604accd5a00f4187eb567d166242d70d944aa010a5d6f8de380", "transform_coords.TransformCoords.time_wavelength_to_tof": "d4710ab73daad9eb187b2c50c320802720ae09b880a656f3ac5284d75fea178b"}, "version": 1}