{"results": {"load_nexus.LoadNexus.time_load_event_nexus": {"result": [5.573219288499985], "stats": [{"ci_99": [2.126970513498037, 9.019468063501929], "q_25": 5.538756800749965, "q_75": 5.607681776250004, "min": 5.504294312999946, "max": 5.642144264000024, "mean": 5.573219288499985, "std": 0.06892497550003895, "repeat": 2, "number": 1}]}, "transform_coords.TransformCoords.time_energy_to_tof": {"result": [0.0016068127999915305], "stats": [{"ci_99": [0.001466133032129639, 0.001795024067860802], "q_25": 0.001583826849997649, "q_75": 0.0016535644999891021, "min": 0.0015744814000072439, "max": 0.0017342071999905783, "mean": 0.0016305785499952205, "std": 6.285918084925536e-05, "repeat": 4, "number": 5}]}, "transform_coords.TransformCoords.time_tof_to_dspacing": {"result": [0.037498013999964996], "stats": [{"ci_99": [0.035171768781977496, 0.040445422717980864], "q_25": 0.03699572025000464, "q_75": 0.03831088949993955, "min": 0.03692183999999088, "max": 0.03931651499999589, "mean": 0.03780859574997919, "std": 0.000962991406670577, "repeat": 4, "number": 1}]}, "transform_coords.TransformCoords.time_tof_to_energy": {"result": [0.3145222210000611], "stats": [{"ci_99": [0.2824255661041698, 0.3503607248959461], "q_25": 0.30980533650006237, "q_75": 0.32111003000005667, "min": 0.30048443400005453, "max": 0.33604370600005495, "mean": 0.3163931455000579, "std": 0.012761426370291776, "repeat": 4, "number": 1}]}, "transform_coords.TransformCoords.time_tof_to_wavelength": {"result": [0.0015884318999951574], "stats": [{"ci_99": [0.0014326199836339247, 0.001794685916363719], "q_25": 0.001557545799988702, "q_75": 0.001644539050005278, "min": 0.0015559407999944596, "max": 0.0017218072000105167, "mean": 0.0016136529499988226, "std": 6.734726298026075e-05, "repeat": 4, "number": 5}]}, "transform_coords.TransformCoords.time_wavelength_to_tof": {"result": [0.035139826499971605], "stats": [{"ci_99": [0.03348505629138164, 0.037671077708595915], "q_25": 0.035089822499998036, "q_75": 0.03562807099996235, "min": 0.034945364999998674, "max": 0.03708725000001323, "mean": 0.03557806699998878, "std": 0.0008749373514956923, "repeat": 4, "number": 1}]}}, "params": {"cpu": "2 Core CPU", "machine": "cloud-container", "os": "Ubuntu latest", "ram": "7GB", "python": "3.9", "appdirs": "", "cmake": "", "conan": "", "ess-dmsc::ess-streaming-data-types": "", "h5py": "", "ipykernel": "6.3.1", "ipympl": "", "ipywidgets": "", "mantid-framework": "", "matplotlib-base": "", "ninja": "", "numpy": "", "pip": "", "pooch": "", "python-configuration": "", "python-confluent-kafka": "", "pythreejs": "", "pyyaml": "", "scipp::scipp": "", "scipy": "", "tbb": ""}, "requirements": {"appdirs": "", "cmake": "", "conan": "", "ess-dmsc::ess-streaming-data-types": "", "h5py": "", "ipykernel": "6.3.1", "ipympl": "", "ipywidgets": "", "mantid-framework": "", "matplotlib-base": "", "ninja": "", "numpy": "", "pip": "", "pooch": "", "python-configuration": "", "python-confluent-kafka": "", "pythreejs": "", "pyyaml": "", "scipp::scipp": "", "scipy": "", "tbb": ""}, "commit_hash": "94f877830e5c8c50a5559ea2089674a6ac3de8dc", "date": 1635490360000, "env_name": "conda-py3.9-appdirs-cmake-conan-ess-dmsc__ess-streaming-data-types-h5py-ipykernel6.3.1-ipympl-ipywidgets-mantid-framework-matplotlib-base-ninja-numpy-pip-pooch-python-configuration-python-confluent-kafka-pythreejs-pyyaml-scipp__scipp-scipy-tbb", "python": "3.9", "profiles": {}, "started_at": {"load_nexus.LoadNexus.time_load_event_nexus": 1635520267063, "transform_coords.TransformCoords.time_energy_to_tof": 1635520278706, "transform_coords.TransformCoords.time_tof_to_dspacing": 1635520296068, "transform_coords.TransformCoords.time_tof_to_energy": 1635520313574, "transform_coords.TransformCoords.time_tof_to_wavelength": 1635520331437, "transform_coords.TransformCoords.time_wavelength_to_tof": 1635520348792}, "ended_at": {"load_nexus.LoadNexus.time_load_event_nexus": 1635520278705, "transform_coords.TransformCoords.time_energy_to_tof": 1635520296067, "transform_coords.TransformCoords.time_tof_to_dspacing": 1635520313573, "transform_coords.TransformCoords.time_tof_to_energy": 1635520331436, "transform_coords.TransformCoords.time_tof_to_wavelength": 1635520348791, "transform_coords.TransformCoords.time_wavelength_to_tof": 1635520365945}, "benchmark_version": {"load_nexus.LoadNexus.time_load_event_nexus": "9bb61e37c240f4221eff71f827efb0f1cfb5371f7c6b0e72f79b9ca92578e5e9", "transform_coords.TransformCoords.time_energy_to_tof": "f1ea8beffb41e75997f96056160ef6dd12d9afb53546d00f7e0cb2b307a616bb", "transform_coords.TransformCoords.time_tof_to_dspacing": "76d3e8bdf45621127e026f90298e8f292d01ddb57cb7caf05a5ce555a659d8ac", "transform_coords.TransformCoords.time_tof_to_energy": "32774381c7e0285d159959187b4537339285cc2573292bc6b39f5edd04d4bc0b", "transform_coords.TransformCoords.time_tof_to_wavelength": "46879c3a68b31604accd5a00f4187eb567d166242d70d944aa010a5d6f8de380", "transform_coords.TransformCoords.time_wavelength_to_tof": "d4710ab73daad9eb187b2c50c320802720ae09b880a656f3ac5284d75fea178b"}, "version": 1}