{"results": {"load_nexus.LoadNexus.time_load_event_nexus": {"result": [4.806690691499995], "stats": [{"ci_99": [4.654198528564096, 4.960328299935852], "q_25": 4.762645199749983, "q_75": 4.851308905999986, "min": 4.743305218999922, "max": 4.872367054999984, "mean": 4.807263414249974, "std": 0.052813670251120486, "repeat": 4, "number": 1}]}, "transform_coords.TransformCoords.time_energy_to_tof": {"result": [0.0013572416666628821], "stats": [{"ci_99": [0.001315339519201318, 0.0014339947030207914], "q_25": 0.001344483500001085, "q_75": 0.0014080387083292105, "min": 0.0013407908333344192, "max": 0.0014275266666743391, "mean": 0.0013746671111110548, "std": 3.6347174529810833e-05, "repeat": 6, "number": 6}]}, "transform_coords.TransformCoords.time_tof_to_dspacing": {"result": [0.03659249549997412], "stats": [{"ci_99": [0.03631828585961783, 0.037067697999987104], "q_25": 0.036533028750000085, "q_75": 0.03662174400002982, "min": 0.03633438899998964, "max": 0.037067697999987104, "mean": 0.03662196299999702, "std": 0.0002215049278000973, "repeat": 6, "number": 1}]}, "transform_coords.TransformCoords.time_tof_to_energy": {"result": [0.2598871834999841], "stats": [{"ci_99": [0.25740002260418066, 0.2662844190000442], "q_25": 0.25960200500000497, "q_75": 0.26275658899999144, "min": 0.2591619660000788, "max": 0.2662844190000442, "mean": 0.26140679250001614, "std": 0.0026524562325099064, "repeat": 6, "number": 1}]}, "transform_coords.TransformCoords.time_tof_to_wavelength": {"result": [0.00135400049999627], "stats": [{"ci_99": [0.0013502921118038079, 0.0013614254999841553], "q_25": 0.001353113000002774, "q_75": 0.0013573630000062546, "min": 0.0013521086666704225, "max": 0.0013614254999841553, "mean": 0.001355472694443607, "std": 3.321972789909327e-06, "repeat": 6, "number": 6}]}, "transform_coords.TransformCoords.time_wavelength_to_tof": {"result": [0.0343819464999342], "stats": [{"ci_99": [0.03404415182006956, 0.034661272846524635], "q_25": 0.03418221850003533, "q_75": 0.03450149874993258, "min": 0.034114241999986916, "max": 0.034581146999926204, "mean": 0.0343527123332971, "std": 0.00018009908539039346, "repeat": 6, "number": 1}]}}, "params": {"cpu": "2 Core CPU", "machine": "cloud-container", "os": "Ubuntu latest", "ram": "7GB", "python": "3.9", "appdirs": "", "cmake": "", "conan": "", "ess-dmsc::ess-streaming-data-types": "", "h5py": "", "ipykernel": "6.3.1", "ipympl": "", "ipywidgets": "", "mantid-framework": "", "matplotlib-base": "", "ninja": "", "numpy": "", "pip": "", "pooch": "", "python-configuration": "", "python-confluent-kafka": "", "pythreejs": "", "pyyaml": "", "scipp::scipp": "", "scipy": "", "tbb": ""}, "requirements": {"appdirs": "", "cmake": "", "conan": "", "ess-dmsc::ess-streaming-data-types": "", "h5py": "", "ipykernel": "6.3.1", "ipympl": "", "ipywidgets": "", "mantid-framework": "", "matplotlib-base": "", "ninja": "", "numpy": "", "pip": "", "pooch": "", "python-configuration": "", "python-confluent-kafka": "", "pythreejs": "", "pyyaml": "", "scipp::scipp": "", "scipy": "", "tbb": ""}, "commit_hash": "94f877830e5c8c50a5559ea2089674a6ac3de8dc", "date": 1635490360000, "env_name": "conda-py3.9-appdirs-cmake-conan-ess-dmsc__ess-streaming-data-types-h5py-ipykernel6.3.1-ipympl-ipywidgets-mantid-framework-matplotlib-base-ninja-numpy-pip-pooch-python-configuration-python-confluent-kafka-pythreejs-pyyaml-scipp__scipp-scipy-tbb", "python": "3.9", "profiles": {}, "started_at": {"load_nexus.LoadNexus.time_load_event_nexus": 1635505808528, "transform_coords.TransformCoords.time_energy_to_tof": 1635505823627, "transform_coords.TransformCoords.time_tof_to_dspacing": 1635505842383, "transform_coords.TransformCoords.time_tof_to_energy": 1635505861141, "transform_coords.TransformCoords.time_tof_to_wavelength": 1635505880698, "transform_coords.TransformCoords.time_wavelength_to_tof": 1635505899355}, "ended_at": {"load_nexus.LoadNexus.time_load_event_nexus": 1635505823626, "transform_coords.TransformCoords.time_energy_to_tof": 1635505842383, "transform_coords.TransformCoords.time_tof_to_dspacing": 1635505861140, "transform_coords.TransformCoords.time_tof_to_energy": 1635505880698, "transform_coords.TransformCoords.time_tof_to_wavelength": 1635505899354, "transform_coords.TransformCoords.time_wavelength_to_tof": 1635505918066}, "benchmark_version": {"load_nexus.LoadNexus.time_load_event_nexus": "9bb61e37c240f4221eff71f827efb0f1cfb5371f7c6b0e72f79b9ca92578e5e9", "transform_coords.TransformCoords.time_energy_to_tof": "f1ea8beffb41e75997f96056160ef6dd12d9afb53546d00f7e0cb2b307a616bb", "transform_coords.TransformCoords.time_tof_to_dspacing": "76d3e8bdf45621127e026f90298e8f292d01ddb57cb7caf05a5ce555a659d8ac", "transform_coords.TransformCoords.time_tof_to_energy": "32774381c7e0285d159959187b4537339285cc2573292bc6b39f5edd04d4bc0b", "transform_coords.TransformCoords.time_tof_to_wavelength": "46879c3a68b31604accd5a00f4187eb567d166242d70d944aa010a5d6f8de380", "transform_coords.TransformCoords.time_wavelength_to_tof": "d4710ab73daad9eb187b2c50c320802720ae09b880a656f3ac5284d75fea178b"}, "version": 1}