{"results": {"load_nexus.LoadNexus.time_load_event_nexus": {"result": [5.995762653500037], "stats": [{"ci_99": [3.0482682784983126, 8.943257028501758], "q_25": 5.96628770975002, "q_75": 6.0252375972500545, "min": 5.936812766000003, "max": 6.054712541000072, "mean": 5.995762653500037, "std": 0.05894988750003449, "repeat": 2, "number": 1}]}, "transform_coords.TransformCoords.time_energy_to_tof": {"result": [0.001834499299991421], "stats": [{"ci_99": [0.0017811021461571891, 0.0018843467538371278], "q_25": 0.0018192094999847086, "q_75": 0.001848014250003871, "min": 0.001808589799998117, "max": 0.0018533094000076744, "mean": 0.0018327244499971584, "std": 1.7948829927473616e-05, "repeat": 4, "number": 5}]}, "transform_coords.TransformCoords.time_tof_to_dspacing": {"result": [0.04559863600002245], "stats": [{"ci_99": [0.04015007544348417, 0.05225090505648996], "q_25": 0.044345529999986866, "q_75": 0.047453596250022656, "min": 0.04408062999993945, "max": 0.04952405899996393, "mean": 0.04620049024998707, "std": 0.0021781827188805695, "repeat": 4, "number": 1}]}, "transform_coords.TransformCoords.time_tof_to_energy": {"result": [0.3589488945000312], "stats": [{"ci_99": [0.3476003130145572, 0.37502286448549704], "q_25": 0.3574118827499717, "q_75": 0.3628486005000866, "min": 0.35695806000001085, "max": 0.3703905060000352, "mean": 0.3613115887500271, "std": 0.005394097146090685, "repeat": 4, "number": 1}]}, "transform_coords.TransformCoords.time_tof_to_wavelength": {"result": [0.0017690174999984265], "stats": [{"ci_99": [0.0015719678006433987, 0.0020052989993501968], "q_25": 0.0017372678500066738, "q_75": 0.0018203830499885498, "min": 0.001698089199999231, "max": 0.0019184093999911056, "mean": 0.0017886333999967974, "std": 8.140680111089014e-05, "repeat": 4, "number": 5}]}, "transform_coords.TransformCoords.time_wavelength_to_tof": {"result": [0.04357081500000959], "stats": [{"ci_99": [0.03888465485996709, 0.048324975140050935], "q_25": 0.042588286249952034, "q_75": 0.044587343750066566, "min": 0.04128710600002705, "max": 0.04599052399998982, "mean": 0.04360481500000901, "std": 0.0017079272314545456, "repeat": 4, "number": 1}]}}, "params": {"cpu": "2 Core CPU", "machine": "cloud-container", "os": "Ubuntu latest", "ram": "7GB", "python": "3.9", "appdirs": "", "cmake": "", "conan": "", "ess-dmsc::ess-streaming-data-types": "", "h5py": "", "ipykernel": "6.3.1", "ipympl": "", "ipywidgets": "", "mantid-framework": "", "matplotlib-base": "", "ninja": "", "numpy": "", "pip": "", "pooch": "", "python-configuration": "", "python-confluent-kafka": "", "pythreejs": "", "pyyaml": "", "scipp::scipp": "", "scipy": "", "tbb": ""}, "requirements": {"appdirs": "", "cmake": "", "conan": "", "ess-dmsc::ess-streaming-data-types": "", "h5py": "", "ipykernel": "6.3.1", "ipympl": "", "ipywidgets": "", "mantid-framework": "", "matplotlib-base": "", "ninja": "", "numpy": "", "pip": "", "pooch": "", "python-configuration": "", "python-confluent-kafka": "", "pythreejs": "", "pyyaml": "", "scipp::scipp": "", "scipy": "", "tbb": ""}, "commit_hash": "94f877830e5c8c50a5559ea2089674a6ac3de8dc", "date": 1635490360000, "env_name": "conda-py3.9-appdirs-cmake-conan-ess-dmsc__ess-streaming-data-types-h5py-ipykernel6.3.1-ipympl-ipywidgets-mantid-framework-matplotlib-base-ninja-numpy-pip-pooch-python-configuration-python-confluent-kafka-pythreejs-pyyaml-scipp__scipp-scipy-tbb", "python": "3.9", "profiles": {}, "started_at": {"load_nexus.LoadNexus.time_load_event_nexus": 1635524109937, "transform_coords.TransformCoords.time_energy_to_tof": 1635524122683, "transform_coords.TransformCoords.time_tof_to_dspacing": 1635524142850, "transform_coords.TransformCoords.time_tof_to_energy": 1635524163015, "transform_coords.TransformCoords.time_tof_to_wavelength": 1635524183879, "transform_coords.TransformCoords.time_wavelength_to_tof": 1635524203789}, "ended_at": {"load_nexus.LoadNexus.time_load_event_nexus": 1635524122682, "transform_coords.TransformCoords.time_energy_to_tof": 1635524142849, "transform_coords.TransformCoords.time_tof_to_dspacing": 1635524163014, "transform_coords.TransformCoords.time_tof_to_energy": 1635524183879, "transform_coords.TransformCoords.time_tof_to_wavelength": 1635524203789, "transform_coords.TransformCoords.time_wavelength_to_tof": 1635524223701}, "benchmark_version": {"load_nexus.LoadNexus.time_load_event_nexus": "9bb61e37c240f4221eff71f827efb0f1cfb5371f7c6b0e72f79b9ca92578e5e9", "transform_coords.TransformCoords.time_energy_to_tof": "f1ea8beffb41e75997f96056160ef6dd12d9afb53546d00f7e0cb2b307a616bb", "transform_coords.TransformCoords.time_tof_to_dspacing": "76d3e8bdf45621127e026f90298e8f292d01ddb57cb7caf05a5ce555a659d8ac", "transform_coords.TransformCoords.time_tof_to_energy": "32774381c7e0285d159959187b4537339285cc2573292bc6b39f5edd04d4bc0b", "transform_coords.TransformCoords.time_tof_to_wavelength": "46879c3a68b31604accd5a00f4187eb567d166242d70d944aa010a5d6f8de380", "transform_coords.TransformCoords.time_wavelength_to_tof": "d4710ab73daad9eb187b2c50c320802720ae09b880a656f3ac5284d75fea178b"}, "version": 1}