{"results": {"load_nexus.LoadNexus.time_load_event_nexus": {"result": [4.6608162874999834], "stats": [{"ci_99": [4.024408650570561, 5.322815917929433], "q_25": 4.45597259425017, "q_75": 4.8784559774998115, "min": 4.445835370000168, "max": 4.926981191999857, "mean": 4.673612284249998, "std": 0.22225075149464296, "repeat": 4, "number": 1}]}, "transform_coords.TransformCoords.time_energy_to_tof": {"result": [0.0012090805714381403], "stats": [{"ci_99": [0.001176433262397104, 0.0012857402857662237], "q_25": 0.0011987275357146895, "q_75": 0.0012268370714504531, "min": 0.0011949669999791826, "max": 0.0012857402857662237, "mean": 0.0012211501428694082, "std": 3.1327102402700164e-05, "repeat": 6, "number": 7}]}, "transform_coords.TransformCoords.time_tof_to_dspacing": {"result": [0.036007322499926886], "stats": [{"ci_99": [0.0355806190000294, 0.03635016184515407], "q_25": 0.03582884749994264, "q_75": 0.03609632774998772, "min": 0.0355806190000294, "max": 0.03632983300030901, "mean": 0.03597007483335801, "std": 0.00023901127429565782, "repeat": 6, "number": 1}]}, "transform_coords.TransformCoords.time_tof_to_energy": {"result": [0.23537181100005], "stats": [{"ci_99": [0.22872859127497686, 0.25310681900009513], "q_25": 0.23529898300000696, "q_75": 0.2464062317499156, "min": 0.23496025899976303, "max": 0.25310681900009513, "mean": 0.24069496316663694, "std": 0.007756602553208978, "repeat": 6, "number": 1}]}, "transform_coords.TransformCoords.time_tof_to_wavelength": {"result": [0.0012049815714232992], "stats": [{"ci_99": [0.0011935078557386123, 0.0012265255713828083], "q_25": 0.001200274285744334, "q_75": 0.00120999957141521, "min": 0.0011985964285616188, "max": 0.0012265255713828083, "mean": 0.0012075770952313697, "std": 9.494180222415876e-06, "repeat": 6, "number": 7}]}, "transform_coords.TransformCoords.time_wavelength_to_tof": {"result": [0.034138850000090315], "stats": [{"ci_99": [0.03338294416639701, 0.03471264616714461], "q_25": 0.03366460850031672, "q_75": 0.03429621650002446, "min": 0.033526874000017415, "max": 0.034626997000032134, "mean": 0.03404779516677081, "std": 0.0004039111336832883, "repeat": 6, "number": 1}]}}, "params": {"cpu": "2 Core CPU", "machine": "cloud-container", "os": "Ubuntu latest", "ram": "7GB", "python": "3.9", "appdirs": "", "cmake": "", "conan": "", "ess-dmsc::ess-streaming-data-types": "", "h5py": "", "ipykernel": "6.3.1", "ipympl": "", "ipywidgets": "", "mantid-framework": "", "matplotlib-base": "", "ninja": "", "numpy": "", "pip": "", "pooch": "", "python-configuration": "", "python-confluent-kafka": "", "pythreejs": "", "pyyaml": "", "scipp::scipp": "", "scipy": "", "tbb": ""}, "requirements": {"appdirs": "", "cmake": "", "conan": "", "ess-dmsc::ess-streaming-data-types": "", "h5py": "", "ipykernel": "6.3.1", "ipympl": "", "ipywidgets": "", "mantid-framework": "", "matplotlib-base": "", "ninja": "", "numpy": "", "pip": "", "pooch": "", "python-configuration": "", "python-confluent-kafka": "", "pythreejs": "", "pyyaml": "", "scipp::scipp": "", "scipy": "", "tbb": ""}, "commit_hash": "94f877830e5c8c50a5559ea2089674a6ac3de8dc", "date": 1635490360000, "env_name": "conda-py3.9-appdirs-cmake-conan-ess-dmsc__ess-streaming-data-types-h5py-ipykernel6.3.1-ipympl-ipywidgets-mantid-framework-matplotlib-base-ninja-numpy-pip-pooch-python-configuration-python-confluent-kafka-pythreejs-pyyaml-scipp__scipp-scipy-tbb", "python": "3.9", "profiles": {}, "started_at": {"load_nexus.LoadNexus.time_load_event_nexus": 1635518352852, "transform_coords.TransformCoords.time_energy_to_tof": 1635518367002, "transform_coords.TransformCoords.time_tof_to_dspacing": 1635518384405, "transform_coords.TransformCoords.time_tof_to_energy": 1635518401813, "transform_coords.TransformCoords.time_tof_to_wavelength": 1635518420670, "transform_coords.TransformCoords.time_wavelength_to_tof": 1635518437974}, "ended_at": {"load_nexus.LoadNexus.time_load_event_nexus": 1635518367001, "transform_coords.TransformCoords.time_energy_to_tof": 1635518384405, "transform_coords.TransformCoords.time_tof_to_dspacing": 1635518401813, "transform_coords.TransformCoords.time_tof_to_energy": 1635518420670, "transform_coords.TransformCoords.time_tof_to_wavelength": 1635518437973, "transform_coords.TransformCoords.time_wavelength_to_tof": 1635518455328}, "benchmark_version": {"load_nexus.LoadNexus.time_load_event_nexus": "9bb61e37c240f4221eff71f827efb0f1cfb5371f7c6b0e72f79b9ca92578e5e9", "transform_coords.TransformCoords.time_energy_to_tof": "f1ea8beffb41e75997f96056160ef6dd12d9afb53546d00f7e0cb2b307a616bb", "transform_coords.TransformCoords.time_tof_to_dspacing": "76d3e8bdf45621127e026f90298e8f292d01ddb57cb7caf05a5ce555a659d8ac", "transform_coords.TransformCoords.time_tof_to_energy": "32774381c7e0285d159959187b4537339285cc2573292bc6b39f5edd04d4bc0b", "transform_coords.TransformCoords.time_tof_to_wavelength": "46879c3a68b31604accd5a00f4187eb567d166242d70d944aa010a5d6f8de380", "transform_coords.TransformCoords.time_wavelength_to_tof": "d4710ab73daad9eb187b2c50c320802720ae09b880a656f3ac5284d75fea178b"}, "version": 1}