{"results": {"load_nexus.LoadNexus.time_load_event_nexus": {"result": [5.039322940000005], "stats": [{"ci_99": [4.607341289999937, 5.471304590000074], "q_25": 5.035003123500005, "q_75": 5.043642756500006, "min": 5.030683307000004, "max": 5.047962573000007, "mean": 5.039322940000005, "std": 0.008639633000001368, "repeat": 2, "number": 1}]}, "transform_coords.TransformCoords.time_energy_to_tof": {"result": [0.0014367871999979797], "stats": [{"ci_99": [0.0012609697658506564, 0.0017045153341525502], "q_25": 0.0014206022999985633, "q_75": 0.00149892745000102, "min": 0.0014193876000035744, "max": 0.0016380082000068796, "mean": 0.0014827425500016033, "std": 9.061329503554288e-05, "repeat": 4, "number": 5}]}, "transform_coords.TransformCoords.time_tof_to_dspacing": {"result": [0.04209981449997713], "stats": [{"ci_99": [0.04034306513787902, 0.044618819862076824], "q_25": 0.04197396199998593, "q_75": 0.04260679499996911, "min": 0.04175661199997194, "max": 0.04396752899998546, "mean": 0.042480942499977914, "std": 0.0008704617817604656, "repeat": 4, "number": 1}]}, "transform_coords.TransformCoords.time_tof_to_energy": {"result": [0.2926645814999915], "stats": [{"ci_99": [0.2647127827225302, 0.31806850177745677], "q_25": 0.2871212239999892, "q_75": 0.2969339997499958, "min": 0.27636673399996425, "max": 0.3038666720000265, "mean": 0.29139064224999345, "std": 0.009903113649136338, "repeat": 4, "number": 1}]}, "transform_coords.TransformCoords.time_tof_to_wavelength": {"result": [0.0015559662500000588], "stats": [{"ci_99": [0.0014052217758651524, 0.0017600588333455864], "q_25": 0.0015066784166653708, "q_75": 0.0016493167083287592, "min": 0.0014392241666693433, "max": 0.0017600588333455864, "mean": 0.0015803163611123078, "std": 0.00010781933821805905, "repeat": 6, "number": 6}]}, "transform_coords.TransformCoords.time_wavelength_to_tof": {"result": [0.03970127100001264], "stats": [{"ci_99": [0.03771246851966181, 0.041714083480288065], "q_25": 0.03869579000001977, "q_75": 0.04033080699991842, "min": 0.03862448999996104, "max": 0.041214021999962824, "mean": 0.03971327599997494, "std": 0.000985338513032548, "repeat": 5, "number": 1}]}}, "params": {"cpu": "2 Core CPU", "machine": "cloud-container", "os": "Ubuntu latest", "ram": "7GB", "python": "3.9", "appdirs": "", "cmake": "", "conan": "", "ess-dmsc::ess-streaming-data-types": "", "h5py": "", "ipykernel": "6.3.1", "ipympl": "", "ipywidgets": "", "mantid-framework": "", "matplotlib-base": "", "ninja": "", "numpy": "", "pip": "", "pooch": "", "python-configuration": "", "python-confluent-kafka": "", "pythreejs": "", "pyyaml": "", "scipp::scipp": "", "scipy": "", "tbb": ""}, "requirements": {"appdirs": "", "cmake": "", "conan": "", "ess-dmsc::ess-streaming-data-types": "", "h5py": "", "ipykernel": "6.3.1", "ipympl": "", "ipywidgets": "", "mantid-framework": "", "matplotlib-base": "", "ninja": "", "numpy": "", "pip": "", "pooch": "", "python-configuration": "", "python-confluent-kafka": "", "pythreejs": "", "pyyaml": "", "scipp::scipp": "", "scipy": "", "tbb": ""}, "commit_hash": "94f877830e5c8c50a5559ea2089674a6ac3de8dc", "date": 1635490360000, "env_name": "conda-py3.9-appdirs-cmake-conan-ess-dmsc__ess-streaming-data-types-h5py-ipykernel6.3.1-ipympl-ipywidgets-mantid-framework-matplotlib-base-ninja-numpy-pip-pooch-python-configuration-python-confluent-kafka-pythreejs-pyyaml-scipp__scipp-scipy-tbb", "python": "3.9", "profiles": {}, "started_at": {"load_nexus.LoadNexus.time_load_event_nexus": 1635498657494, "transform_coords.TransformCoords.time_energy_to_tof": 1635498668081, "transform_coords.TransformCoords.time_tof_to_dspacing": 1635498684529, "transform_coords.TransformCoords.time_tof_to_energy": 1635498701482, "transform_coords.TransformCoords.time_tof_to_wavelength": 1635498718687, "transform_coords.TransformCoords.time_wavelength_to_tof": 1635498740100}, "ended_at": {"load_nexus.LoadNexus.time_load_event_nexus": 1635498668080, "transform_coords.TransformCoords.time_energy_to_tof": 1635498684529, "transform_coords.TransformCoords.time_tof_to_dspacing": 1635498701481, "transform_coords.TransformCoords.time_tof_to_energy": 1635498718687, "transform_coords.TransformCoords.time_tof_to_wavelength": 1635498740100, "transform_coords.TransformCoords.time_wavelength_to_tof": 1635498756900}, "benchmark_version": {"load_nexus.LoadNexus.time_load_event_nexus": "9bb61e37c240f4221eff71f827efb0f1cfb5371f7c6b0e72f79b9ca92578e5e9", "transform_coords.TransformCoords.time_energy_to_tof": "f1ea8beffb41e75997f96056160ef6dd12d9afb53546d00f7e0cb2b307a616bb", "transform_coords.TransformCoords.time_tof_to_dspacing": "76d3e8bdf45621127e026f90298e8f292d01ddb57cb7caf05a5ce555a659d8ac", "transform_coords.TransformCoords.time_tof_to_energy": "32774381c7e0285d159959187b4537339285cc2573292bc6b39f5edd04d4bc0b", "transform_coords.TransformCoords.time_tof_to_wavelength": "46879c3a68b31604accd5a00f4187eb567d166242d70d944aa010a5d6f8de380", "transform_coords.TransformCoords.time_wavelength_to_tof": "d4710ab73daad9eb187b2c50c320802720ae09b880a656f3ac5284d75fea178b"}, "version": 1}