{"results": {"load_nexus.LoadNexus.time_load_event_nexus": {"result": [3.6960587580000492], "stats": [{"ci_99": [3.653711601330661, 3.743730683169355], "q_25": 3.684407487499982, "q_75": 3.7103724127500755, "min": 3.682539469999938, "max": 3.7202275829999962, "mean": 3.698721142250008, "std": 0.01566692406013247, "repeat": 4, "number": 1}]}, "transform_coords.TransformCoords.time_energy_to_tof": {"result": [0.0013338519285720654], "stats": [{"ci_99": [0.001306177470166859, 0.0013731169107884286], "q_25": 0.0013258942857175627, "q_75": 0.0013563487500099264, "min": 0.0013133585714188354, "max": 0.0013697312857142865, "mean": 0.0013396471904776437, "std": 2.0149806326809334e-05, "repeat": 6, "number": 7}]}, "transform_coords.TransformCoords.time_tof_to_dspacing": {"result": [0.033213954000018475], "stats": [{"ci_99": [0.032746692000046096, 0.033438689615602674], "q_25": 0.03298274725000283, "q_75": 0.033260578250008166, "min": 0.032746692000046096, "max": 0.0333167979999871, "mean": 0.033112199333345416, "std": 0.00020818324081882543, "repeat": 6, "number": 1}]}, "transform_coords.TransformCoords.time_tof_to_energy": {"result": [0.24719186749996425], "stats": [{"ci_99": [0.24503177722039887, 0.2519336679999924], "q_25": 0.24662549599997874, "q_75": 0.24887147525001296, "min": 0.24618265499998415, "max": 0.2519336679999924, "mean": 0.24806135133331964, "std": 0.0020051496588977917, "repeat": 6, "number": 1}]}, "transform_coords.TransformCoords.time_tof_to_wavelength": {"result": [0.0013273017142816051], "stats": [{"ci_99": [0.0013140566811448773, 0.0013730021428435585], "q_25": 0.0013271311071483588, "q_75": 0.0013357874642809164, "min": 0.001323644714277959, "max": 0.0013730021428435585, "mean": 0.0013361567619004486, "std": 1.7119890542774594e-05, "repeat": 6, "number": 7}]}, "transform_coords.TransformCoords.time_wavelength_to_tof": {"result": [0.03175313949998326], "stats": [{"ci_99": [0.03134013670580826, 0.032064271294188436], "q_25": 0.031548187499936375, "q_75": 0.031831116500001144, "min": 0.03135107600007814, "max": 0.032018890000017564, "mean": 0.031702203999998346, "std": 0.00022188998017724123, "repeat": 6, "number": 1}]}}, "params": {"cpu": "2 Core CPU", "machine": "cloud-container", "os": "Ubuntu latest", "ram": "7GB", "python": "3.9", "appdirs": "", "cmake": "", "conan": "", "ess-dmsc::ess-streaming-data-types": "", "h5py": "", "ipykernel": "6.3.1", "ipympl": "", "ipywidgets": "", "mantid-framework": "", "matplotlib-base": "", "ninja": "", "numpy": "", "pip": "", "pooch": "", "python-configuration": "", "python-confluent-kafka": "", "pythreejs": "", "pyyaml": "", "scipp::scipp": "", "scipy": "", "tbb": ""}, "requirements": {"appdirs": "", "cmake": "", "conan": "", "ess-dmsc::ess-streaming-data-types": "", "h5py": "", "ipykernel": "6.3.1", "ipympl": "", "ipywidgets": "", "mantid-framework": "", "matplotlib-base": "", "ninja": "", "numpy": "", "pip": "", "pooch": "", "python-configuration": "", "python-confluent-kafka": "", "pythreejs": "", "pyyaml": "", "scipp::scipp": "", "scipy": "", "tbb": ""}, "commit_hash": "9869ca6e6868e683b3cd0badbc1469d53a757c7d", "date": 1642483260000, "env_name": "conda-py3.9-appdirs-cmake-conan-ess-dmsc__ess-streaming-data-types-h5py-ipykernel6.3.1-ipympl-ipywidgets-mantid-framework-matplotlib-base-ninja-numpy-pip-pooch-python-configuration-python-confluent-kafka-pythreejs-pyyaml-scipp__scipp-scipy-tbb", "python": "3.9", "profiles": {}, "started_at": {"load_nexus.LoadNexus.time_load_event_nexus": 1642486353519, "transform_coords.TransformCoords.time_energy_to_tof": 1642486365410, "transform_coords.TransformCoords.time_tof_to_dspacing": 1642486384465, "transform_coords.TransformCoords.time_tof_to_energy": 1642486403619, "transform_coords.TransformCoords.time_tof_to_wavelength": 1642486423628, "transform_coords.TransformCoords.time_wavelength_to_tof": 1642486442582}, "ended_at": {"load_nexus.LoadNexus.time_load_event_nexus": 1642486365409, "transform_coords.TransformCoords.time_energy_to_tof": 1642486384465, "transform_coords.TransformCoords.time_tof_to_dspacing": 1642486403619, "transform_coords.TransformCoords.time_tof_to_energy": 1642486423628, "transform_coords.TransformCoords.time_tof_to_wavelength": 1642486442581, "transform_coords.TransformCoords.time_wavelength_to_tof": 1642486461638}, "benchmark_version": {"load_nexus.LoadNexus.time_load_event_nexus": "9bb61e37c240f4221eff71f827efb0f1cfb5371f7c6b0e72f79b9ca92578e5e9", "transform_coords.TransformCoords.time_energy_to_tof": "f1ea8beffb41e75997f96056160ef6dd12d9afb53546d00f7e0cb2b307a616bb", "transform_coords.TransformCoords.time_tof_to_dspacing": "76d3e8bdf45621127e026f90298e8f292d01ddb57cb7caf05a5ce555a659d8ac", "transform_coords.TransformCoords.time_tof_to_energy": "32774381c7e0285d159959187b4537339285cc2573292bc6b39f5edd04d4bc0b", "transform_coords.TransformCoords.time_tof_to_wavelength": "46879c3a68b31604accd5a00f4187eb567d166242d70d944aa010a5d6f8de380", "transform_coords.TransformCoords.time_wavelength_to_tof": "d4710ab73daad9eb187b2c50c320802720ae09b880a656f3ac5284d75fea178b"}, "version": 1}