{"results": {"load_nexus.LoadNexus.time_load_event_nexus": {"result": [4.256438940499947], "stats": [{"ci_99": [4.049939786159461, 4.463869849840502], "q_25": 4.1896977939999545, "q_75": 4.323645964499974, "min": 4.17988149100006, "max": 4.3348598999999695, "mean": 4.256904817999981, "std": 0.0708284216766494, "repeat": 4, "number": 1}]}, "transform_coords.TransformCoords.time_energy_to_tof": {"result": [0.0014231932142852852], "stats": [{"ci_99": [0.0013502078964700006, 0.0015200570320986922], "q_25": 0.0014095609642846999, "q_75": 0.001448764714284932, "min": 0.0014073001428544427, "max": 0.001486843285712374, "mean": 0.0014351324642843468, "std": 3.1880469858927244e-05, "repeat": 4, "number": 7}]}, "transform_coords.TransformCoords.time_tof_to_dspacing": {"result": [0.041317259000038575], "stats": [{"ci_99": [0.03569531325842666, 0.04647861624158904], "q_25": 0.04008346325002776, "q_75": 0.04232076050001865, "min": 0.03815762599992922, "max": 0.043555715000024975, "mean": 0.04108696475000784, "std": 0.001967383861744709, "repeat": 4, "number": 1}]}, "transform_coords.TransformCoords.time_tof_to_energy": {"result": [0.34726168800000323], "stats": [{"ci_99": [0.3067843229887442, 0.3878654065112417], "q_25": 0.3340676282499828, "q_75": 0.3605189245000133, "min": 0.33238026999993053, "max": 0.36239581300003465, "mean": 0.3473248647499929, "std": 0.01387080897791794, "repeat": 4, "number": 1}]}, "transform_coords.TransformCoords.time_tof_to_wavelength": {"result": [0.0013751062857149268], "stats": [{"ci_99": [0.0012848356651896206, 0.0014715925490998163], "q_25": 0.0013560021785719656, "q_75": 0.0013973182142876794, "min": 0.0013355290000000813, "max": 0.0014271148571489384, "mean": 0.0013782141071447184, "std": 3.3668240215663553e-05, "repeat": 4, "number": 7}]}, "transform_coords.TransformCoords.time_wavelength_to_tof": {"result": [0.03721506100004035], "stats": [{"ci_99": [0.03469509417515851, 0.03942023032488337], "q_25": 0.036663654750043406, "q_75": 0.037609068500017884, "min": 0.035707995000052506, "max": 0.03809253199995055, "mean": 0.03705766225002094, "std": 0.0008732907386990396, "repeat": 4, "number": 1}]}}, "params": {"cpu": "2 Core CPU", "machine": "cloud-container", "os": "Ubuntu latest", "ram": "7GB", "python": "3.9", "appdirs": "", "cmake": "", "conan": "", "ess-dmsc::ess-streaming-data-types": "", "h5py": "", "ipykernel": "6.3.1", "ipympl": "", "ipywidgets": "", "mantid-framework": "", "matplotlib-base": "", "ninja": "", "numpy": "", "pip": "", "pooch": "", "python-configuration": "", "python-confluent-kafka": "", "pythreejs": "", "pyyaml": "", "scipp::scipp": "", "scipy": "", "tbb": ""}, "requirements": {"appdirs": "", "cmake": "", "conan": "", "ess-dmsc::ess-streaming-data-types": "", "h5py": "", "ipykernel": "6.3.1", "ipympl": "", "ipywidgets": "", "mantid-framework": "", "matplotlib-base": "", "ninja": "", "numpy": "", "pip": "", "pooch": "", "python-configuration": "", "python-confluent-kafka": "", "pythreejs": "", "pyyaml": "", "scipp::scipp": "", "scipy": "", "tbb": ""}, "commit_hash": "9955e5ac29e48f2d8b35cc973f750e8c0e386534", "date": 1636639033000, "env_name": "conda-py3.9-appdirs-cmake-conan-ess-dmsc__ess-streaming-data-types-h5py-ipykernel6.3.1-ipympl-ipywidgets-mantid-framework-matplotlib-base-ninja-numpy-pip-pooch-python-configuration-python-confluent-kafka-pythreejs-pyyaml-scipp__scipp-scipy-tbb", "python": "3.9", "profiles": {}, "started_at": {"load_nexus.LoadNexus.time_load_event_nexus": 1636639945985, "transform_coords.TransformCoords.time_energy_to_tof": 1636639959629, "transform_coords.TransformCoords.time_tof_to_dspacing": 1636639979192, "transform_coords.TransformCoords.time_tof_to_energy": 1636639998750, "transform_coords.TransformCoords.time_tof_to_wavelength": 1636640019727, "transform_coords.TransformCoords.time_wavelength_to_tof": 1636640039244}, "ended_at": {"load_nexus.LoadNexus.time_load_event_nexus": 1636639959629, "transform_coords.TransformCoords.time_energy_to_tof": 1636639979192, "transform_coords.TransformCoords.time_tof_to_dspacing": 1636639998750, "transform_coords.TransformCoords.time_tof_to_energy": 1636640019727, "transform_coords.TransformCoords.time_tof_to_wavelength": 1636640039244, "transform_coords.TransformCoords.time_wavelength_to_tof": 1636640058816}, "benchmark_version": {"load_nexus.LoadNexus.time_load_event_nexus": "9bb61e37c240f4221eff71f827efb0f1cfb5371f7c6b0e72f79b9ca92578e5e9", "transform_coords.TransformCoords.time_energy_to_tof": "f1ea8beffb41e75997f96056160ef6dd12d9afb53546d00f7e0cb2b307a616bb", "transform_coords.TransformCoords.time_tof_to_dspacing": "76d3e8bdf45621127e026f90298e8f292d01ddb57cb7caf05a5ce555a659d8ac", "transform_coords.TransformCoords.time_tof_to_energy": "32774381c7e0285d159959187b4537339285cc2573292bc6b39f5edd04d4bc0b", "transform_coords.TransformCoords.time_tof_to_wavelength": "46879c3a68b31604accd5a00f4187eb567d166242d70d944aa010a5d6f8de380", "transform_coords.TransformCoords.time_wavelength_to_tof": "d4710ab73daad9eb187b2c50c320802720ae09b880a656f3ac5284d75fea178b"}, "version": 1}