{"results": {"load_nexus.LoadNexus.time_load_event_nexus": {"result": [4.680411138999972], "stats": [{"ci_99": [4.464775899871834, 4.923171486628112], "q_25": 4.6493749897499725, "q_75": 4.725009842499972, "min": 4.587476471999935, "max": 4.827596023000012, "mean": 4.693973693249973, "std": 0.08628575869644992, "repeat": 4, "number": 1}]}, "transform_coords.TransformCoords.time_energy_to_tof": {"result": [0.0013781278333245457], "stats": [{"ci_99": [0.0013488965048596452, 0.0014202948333282468], "q_25": 0.0013686403333300252, "q_75": 0.001390090333321344, "min": 0.001353660833331105, "max": 0.0014202948333282468, "mean": 0.0013816278333267618, "std": 2.114806916938514e-05, "repeat": 6, "number": 6}]}, "transform_coords.TransformCoords.time_tof_to_dspacing": {"result": [0.034094420999991826], "stats": [{"ci_99": [0.033380772999976216, 0.034585606892975705], "q_25": 0.034004308249976134, "q_75": 0.034298705499992366, "min": 0.033380772999976216, "max": 0.0344789799999603, "mean": 0.03406494433331394, "std": 0.00035121566767140074, "repeat": 6, "number": 1}]}, "transform_coords.TransformCoords.time_tof_to_energy": {"result": [0.2556093290000092], "stats": [{"ci_99": [0.254724111781974, 0.257118786000035], "q_25": 0.2553119115000442, "q_75": 0.25601588349999815, "min": 0.25501427500000773, "max": 0.257118786000035, "mean": 0.25578598216668524, "std": 0.0006919266873706314, "repeat": 6, "number": 1}]}, "transform_coords.TransformCoords.time_tof_to_wavelength": {"result": [0.0013877113333364832], "stats": [{"ci_99": [0.0007000220209400964, 0.0031581089999974665], "q_25": 0.001385644499994972, "q_75": 0.0014057281666642514, "min": 0.0013767799999868657, "max": 0.0031581089999974665, "mean": 0.0017427945999960077, "std": 0.0007077196675157024, "repeat": 5, "number": 6}]}, "transform_coords.TransformCoords.time_wavelength_to_tof": {"result": [0.03179575699999759], "stats": [{"ci_99": [0.03128990383205764, 0.03279966900004183], "q_25": 0.03161158099999284, "q_75": 0.032048259500044196, "min": 0.03151765899997372, "max": 0.03279966900004183, "mean": 0.03193190966667695, "std": 0.0004347126745792916, "repeat": 6, "number": 1}]}}, "params": {"cpu": "2 Core CPU", "machine": "cloud-container", "os": "Ubuntu latest", "ram": "7GB", "python": "3.9", "appdirs": "", "cmake": "", "conan": "", "ess-dmsc::ess-streaming-data-types": "", "h5py": "", "ipykernel": "6.3.1", "ipympl": "", "ipywidgets": "", "mantid-framework": "", "matplotlib-base": "", "ninja": "", "numpy": "", "pip": "", "pooch": "", "python-configuration": "", "python-confluent-kafka": "", "pythreejs": "", "pyyaml": "", "scipp::scipp": "", "scipy": "", "tbb": ""}, "requirements": {"appdirs": "", "cmake": "", "conan": "", "ess-dmsc::ess-streaming-data-types": "", "h5py": "", "ipykernel": "6.3.1", "ipympl": "", "ipywidgets": "", "mantid-framework": "", "matplotlib-base": "", "ninja": "", "numpy": "", "pip": "", "pooch": "", "python-configuration": "", "python-confluent-kafka": "", "pythreejs": "", "pyyaml": "", "scipp::scipp": "", "scipy": "", "tbb": ""}, "commit_hash": "9b58501b5902732511dca809ebe04b0da1061622", "date": 1635165988000, "env_name": "conda-py3.9-appdirs-cmake-conan-ess-dmsc__ess-streaming-data-types-h5py-ipykernel6.3.1-ipympl-ipywidgets-mantid-framework-matplotlib-base-ninja-numpy-pip-pooch-python-configuration-python-confluent-kafka-pythreejs-pyyaml-scipp__scipp-scipy-tbb", "python": "3.9", "profiles": {}, "started_at": {"load_nexus.LoadNexus.time_load_event_nexus": 1635199998537, "transform_coords.TransformCoords.time_energy_to_tof": 1635200013231, "transform_coords.TransformCoords.time_tof_to_dspacing": 1635200031727, "transform_coords.TransformCoords.time_tof_to_energy": 1635200050323, "transform_coords.TransformCoords.time_tof_to_wavelength": 1635200069771, "transform_coords.TransformCoords.time_wavelength_to_tof": 1635200088521}, "ended_at": {"load_nexus.LoadNexus.time_load_event_nexus": 1635200013230, "transform_coords.TransformCoords.time_energy_to_tof": 1635200031727, "transform_coords.TransformCoords.time_tof_to_dspacing": 1635200050323, "transform_coords.TransformCoords.time_tof_to_energy": 1635200069771, "transform_coords.TransformCoords.time_tof_to_wavelength": 1635200088520, "transform_coords.TransformCoords.time_wavelength_to_tof": 1635200107168}, "benchmark_version": {"load_nexus.LoadNexus.time_load_event_nexus": "9bb61e37c240f4221eff71f827efb0f1cfb5371f7c6b0e72f79b9ca92578e5e9", "transform_coords.TransformCoords.time_energy_to_tof": "f1ea8beffb41e75997f96056160ef6dd12d9afb53546d00f7e0cb2b307a616bb", "transform_coords.TransformCoords.time_tof_to_dspacing": "76d3e8bdf45621127e026f90298e8f292d01ddb57cb7caf05a5ce555a659d8ac", "transform_coords.TransformCoords.time_tof_to_energy": "32774381c7e0285d159959187b4537339285cc2573292bc6b39f5edd04d4bc0b", "transform_coords.TransformCoords.time_tof_to_wavelength": "46879c3a68b31604accd5a00f4187eb567d166242d70d944aa010a5d6f8de380", "transform_coords.TransformCoords.time_wavelength_to_tof": "d4710ab73daad9eb187b2c50c320802720ae09b880a656f3ac5284d75fea178b"}, "version": 1}