{"results": {"load_nexus.LoadNexus.time_load_event_nexus": {"result": [5.47553251650001], "stats": [{"ci_99": [2.1406525415012823, 8.810412491498735], "q_25": 5.442183716750023, "q_75": 5.508881316249997, "min": 5.408834917000036, "max": 5.542230115999985, "mean": 5.47553251650001, "std": 0.06669759949997456, "repeat": 2, "number": 1}]}, "transform_coords.TransformCoords.time_energy_to_tof": {"result": [0.0016496135999943817], "stats": [{"ci_99": [0.001406742621052954, 0.0019207461789407622], "q_25": 0.0015954504499973154, "q_75": 0.0017179075499939244, "min": 0.0015559081999981573, "max": 0.001799842200000512, "mean": 0.0016637443999968583, "std": 9.207297436340839e-05, "repeat": 4, "number": 5}]}, "transform_coords.TransformCoords.time_tof_to_dspacing": {"result": [0.03819859000000747], "stats": [{"ci_99": [0.03682636661931275, 0.03994871238073069], "q_25": 0.03804218850000041, "q_75": 0.03854394100002878, "min": 0.03776244300001963, "max": 0.039390535000052296, "mean": 0.03838753950002172, "std": 0.0006074796369692404, "repeat": 4, "number": 1}]}, "transform_coords.TransformCoords.time_tof_to_energy": {"result": [0.30176510600000483], "stats": [{"ci_99": [0.2934645539853235, 0.3095305000146951], "q_25": 0.30014115999998126, "q_75": 0.3031214730000329, "min": 0.2970934390000366, "max": 0.305366456999991, "mean": 0.3014975270000093, "std": 0.0029684688961602456, "repeat": 4, "number": 1}]}, "transform_coords.TransformCoords.time_tof_to_wavelength": {"result": [0.0015998509000041848], "stats": [{"ci_99": [0.001550826038481331, 0.0016556961615215057], "q_25": 0.0015858998999988216, "q_75": 0.0016172121000067818, "min": 0.001585510199993223, "max": 0.0016278324000040811, "mean": 0.0016032611000014185, "std": 1.8194420666631614e-05, "repeat": 4, "number": 5}]}, "transform_coords.TransformCoords.time_wavelength_to_tof": {"result": [0.035453409499950794], "stats": [{"ci_99": [0.029474072288282818, 0.04516345921160585], "q_25": 0.03540388074995349, "q_75": 0.03736829449994161, "min": 0.03527899899995646, "max": 0.043089244999919174, "mean": 0.037318765749944305, "std": 0.0033323532193830635, "repeat": 4, "number": 1}]}}, "params": {"cpu": "2 Core CPU", "machine": "cloud-container", "os": "Ubuntu latest", "ram": "7GB", "python": "3.9", "appdirs": "", "cmake": "", "conan": "", "ess-dmsc::ess-streaming-data-types": "", "h5py": "", "ipykernel": "6.3.1", "ipympl": "", "ipywidgets": "", "mantid-framework": "", "matplotlib-base": "", "ninja": "", "numpy": "", "pip": "", "pooch": "", "python-configuration": "", "python-confluent-kafka": "", "pythreejs": "", "pyyaml": "", "scipp::scipp": "", "scipy": "", "tbb": ""}, "requirements": {"appdirs": "", "cmake": "", "conan": "", "ess-dmsc::ess-streaming-data-types": "", "h5py": "", "ipykernel": "6.3.1", "ipympl": "", "ipywidgets": "", "mantid-framework": "", "matplotlib-base": "", "ninja": "", "numpy": "", "pip": "", "pooch": "", "python-configuration": "", "python-confluent-kafka": "", "pythreejs": "", "pyyaml": "", "scipp::scipp": "", "scipy": "", "tbb": ""}, "commit_hash": "9b58501b5902732511dca809ebe04b0da1061622", "date": 1635165988000, "env_name": "conda-py3.9-appdirs-cmake-conan-ess-dmsc__ess-streaming-data-types-h5py-ipykernel6.3.1-ipympl-ipywidgets-mantid-framework-matplotlib-base-ninja-numpy-pip-pooch-python-configuration-python-confluent-kafka-pythreejs-pyyaml-scipp__scipp-scipy-tbb", "python": "3.9", "profiles": {}, "started_at": {"load_nexus.LoadNexus.time_load_event_nexus": 1635250519707, "transform_coords.TransformCoords.time_energy_to_tof": 1635250531249, "transform_coords.TransformCoords.time_tof_to_dspacing": 1635250548052, "transform_coords.TransformCoords.time_tof_to_energy": 1635250565011, "transform_coords.TransformCoords.time_tof_to_wavelength": 1635250582876, "transform_coords.TransformCoords.time_wavelength_to_tof": 1635250600290}, "ended_at": {"load_nexus.LoadNexus.time_load_event_nexus": 1635250531248, "transform_coords.TransformCoords.time_energy_to_tof": 1635250548052, "transform_coords.TransformCoords.time_tof_to_dspacing": 1635250565011, "transform_coords.TransformCoords.time_tof_to_energy": 1635250582876, "transform_coords.TransformCoords.time_tof_to_wavelength": 1635250600290, "transform_coords.TransformCoords.time_wavelength_to_tof": 1635250617449}, "benchmark_version": {"load_nexus.LoadNexus.time_load_event_nexus": "9bb61e37c240f4221eff71f827efb0f1cfb5371f7c6b0e72f79b9ca92578e5e9", "transform_coords.TransformCoords.time_energy_to_tof": "f1ea8beffb41e75997f96056160ef6dd12d9afb53546d00f7e0cb2b307a616bb", "transform_coords.TransformCoords.time_tof_to_dspacing": "76d3e8bdf45621127e026f90298e8f292d01ddb57cb7caf05a5ce555a659d8ac", "transform_coords.TransformCoords.time_tof_to_energy": "32774381c7e0285d159959187b4537339285cc2573292bc6b39f5edd04d4bc0b", "transform_coords.TransformCoords.time_tof_to_wavelength": "46879c3a68b31604accd5a00f4187eb567d166242d70d944aa010a5d6f8de380", "transform_coords.TransformCoords.time_wavelength_to_tof": "d4710ab73daad9eb187b2c50c320802720ae09b880a656f3ac5284d75fea178b"}, "version": 1}