{"results": {"load_nexus.LoadNexus.time_load_event_nexus": {"result": [4.482805785000011], "stats": [{"ci_99": [4.2621075452408546, 4.728902888759122], "q_25": 4.430616847999971, "q_75": 4.547694154000027, "min": 4.400274121999928, "max": 4.616135176, "mean": 4.495505216999987, "std": 0.08289098191026188, "repeat": 4, "number": 1}]}, "transform_coords.TransformCoords.time_energy_to_tof": {"result": [0.001203472499992943], "stats": [{"ci_99": [0.0011914369267831443, 0.0012322297142840658], "q_25": 0.0012002902857111458, "q_75": 0.0012105974642793171, "min": 0.0011978577142843147, "max": 0.0012322297142840658, "mean": 0.0012082057380910425, "std": 1.1712048336530578e-05, "repeat": 6, "number": 7}]}, "transform_coords.TransformCoords.time_tof_to_dspacing": {"result": [0.03647111199995834], "stats": [{"ci_99": [0.036014337871405906, 0.03698471879519258], "q_25": 0.0362974574999555, "q_75": 0.03668601574999286, "min": 0.036105055999996694, "max": 0.03695266699992317, "mean": 0.036499528333299246, "std": 0.00028937109533590976, "repeat": 6, "number": 1}]}, "transform_coords.TransformCoords.time_tof_to_energy": {"result": [0.23578244399999448], "stats": [{"ci_99": [0.23477496119544042, 0.23816477799994118], "q_25": 0.23550190925000436, "q_75": 0.23622077725001134, "min": 0.23524758500002463, "max": 0.23816477799994118, "mean": 0.2361254228333299, "std": 0.0009755019033256896, "repeat": 6, "number": 1}]}, "transform_coords.TransformCoords.time_tof_to_wavelength": {"result": [0.001219936285719671], "stats": [{"ci_99": [0.0011856534254697107, 0.0012879592857107777], "q_25": 0.0012052545714352292, "q_75": 0.0012312653928583067, "min": 0.0012021141428541732, "max": 0.0012879592857107777, "mean": 0.0012275580714304266, "std": 2.9303051704982195e-05, "repeat": 6, "number": 7}]}, "transform_coords.TransformCoords.time_wavelength_to_tof": {"result": [0.03432118599999967], "stats": [{"ci_99": [0.03323364058899411, 0.03748868100001346], "q_25": 0.03404745875002391, "q_75": 0.034727815499991266, "min": 0.03392173200001025, "max": 0.03748868100001346, "mean": 0.03481206000000725, "std": 0.0012337534091161736, "repeat": 6, "number": 1}]}}, "params": {"cpu": "2 Core CPU", "machine": "cloud-container", "os": "Ubuntu latest", "ram": "7GB", "python": "3.9", "appdirs": "", "cmake": "", "conan": "", "ess-dmsc::ess-streaming-data-types": "", "h5py": "", "ipykernel": "6.3.1", "ipympl": "", "ipywidgets": "", "mantid-framework": "", "matplotlib-base": "", "ninja": "", "numpy": "", "pip": "", "pooch": "", "python-configuration": "", "python-confluent-kafka": "", "pythreejs": "", "pyyaml": "", "scipp::scipp": "", "scipy": "", "tbb": ""}, "requirements": {"appdirs": "", "cmake": "", "conan": "", "ess-dmsc::ess-streaming-data-types": "", "h5py": "", "ipykernel": "6.3.1", "ipympl": "", "ipywidgets": "", "mantid-framework": "", "matplotlib-base": "", "ninja": "", "numpy": "", "pip": "", "pooch": "", "python-configuration": "", "python-confluent-kafka": "", "pythreejs": "", "pyyaml": "", "scipp::scipp": "", "scipy": "", "tbb": ""}, "commit_hash": "9b58501b5902732511dca809ebe04b0da1061622", "date": 1635165988000, "env_name": "conda-py3.9-appdirs-cmake-conan-ess-dmsc__ess-streaming-data-types-h5py-ipykernel6.3.1-ipympl-ipywidgets-mantid-framework-matplotlib-base-ninja-numpy-pip-pooch-python-configuration-python-confluent-kafka-pythreejs-pyyaml-scipp__scipp-scipy-tbb", "python": "3.9", "profiles": {}, "started_at": {"load_nexus.LoadNexus.time_load_event_nexus": 1635228707085, "transform_coords.TransformCoords.time_energy_to_tof": 1635228721086, "transform_coords.TransformCoords.time_tof_to_dspacing": 1635228738338, "transform_coords.TransformCoords.time_tof_to_energy": 1635228755639, "transform_coords.TransformCoords.time_tof_to_wavelength": 1635228773643, "transform_coords.TransformCoords.time_wavelength_to_tof": 1635228790946}, "ended_at": {"load_nexus.LoadNexus.time_load_event_nexus": 1635228721085, "transform_coords.TransformCoords.time_energy_to_tof": 1635228738338, "transform_coords.TransformCoords.time_tof_to_dspacing": 1635228755638, "transform_coords.TransformCoords.time_tof_to_energy": 1635228773642, "transform_coords.TransformCoords.time_tof_to_wavelength": 1635228790946, "transform_coords.TransformCoords.time_wavelength_to_tof": 1635228808453}, "benchmark_version": {"load_nexus.LoadNexus.time_load_event_nexus": "9bb61e37c240f4221eff71f827efb0f1cfb5371f7c6b0e72f79b9ca92578e5e9", "transform_coords.TransformCoords.time_energy_to_tof": "f1ea8beffb41e75997f96056160ef6dd12d9afb53546d00f7e0cb2b307a616bb", "transform_coords.TransformCoords.time_tof_to_dspacing": "76d3e8bdf45621127e026f90298e8f292d01ddb57cb7caf05a5ce555a659d8ac", "transform_coords.TransformCoords.time_tof_to_energy": "32774381c7e0285d159959187b4537339285cc2573292bc6b39f5edd04d4bc0b", "transform_coords.TransformCoords.time_tof_to_wavelength": "46879c3a68b31604accd5a00f4187eb567d166242d70d944aa010a5d6f8de380", "transform_coords.TransformCoords.time_wavelength_to_tof": "d4710ab73daad9eb187b2c50c320802720ae09b880a656f3ac5284d75fea178b"}, "version": 1}