{"results": {"load_nexus.LoadNexus.time_load_event_nexus": {"result": [5.456230879999964], "stats": [{"ci_99": [1.3164260800008947, 9.59603567999903], "q_25": 5.4148328319999735, "q_75": 5.497628927999955, "min": 5.373434783999983, "max": 5.5390269759999455, "mean": 5.456230879999964, "std": 0.08279609599998139, "repeat": 2, "number": 1}]}, "transform_coords.TransformCoords.time_energy_to_tof": {"result": [0.0016901691000043685], "stats": [{"ci_99": [0.0013975751008410437, 0.001961100499156654], "q_25": 0.0016111737500068557, "q_75": 0.0017583331499963608, "min": 0.0015409075999968992, "max": 0.0017961053999897558, "mean": 0.001679337799998848, "std": 9.900632573770819e-05, "repeat": 4, "number": 5}]}, "transform_coords.TransformCoords.time_tof_to_dspacing": {"result": [0.0381582200000139], "stats": [{"ci_99": [0.03740800455270952, 0.038930486947286534], "q_25": 0.03802548550001461, "q_75": 0.038301980249997314, "min": 0.03778644399994846, "max": 0.03857409900001585, "mean": 0.038169245749998026, "std": 0.000281209851375978, "repeat": 4, "number": 1}]}, "transform_coords.TransformCoords.time_tof_to_energy": {"result": [0.3067251450000299], "stats": [{"ci_99": [0.2983684977538573, 0.3158195992461528], "q_25": 0.30475154600003407, "q_75": 0.30906764750000093, "min": 0.3033906169999909, "max": 0.3115352869999697, "mean": 0.3070940485000051, "std": 0.00309567102407588, "repeat": 4, "number": 1}]}, "transform_coords.TransformCoords.time_tof_to_wavelength": {"result": [0.0016470346999994945], "stats": [{"ci_99": [0.0013941986525340332, 0.0019459341474627758], "q_25": 0.0016080870999985565, "q_75": 0.0017090139999993426, "min": 0.0015512482000076488, "max": 0.00183494799998698, "mean": 0.0016700663999984044, "std": 0.00010388061546459586, "repeat": 4, "number": 5}]}, "transform_coords.TransformCoords.time_wavelength_to_tof": {"result": [0.03579669900000226], "stats": [{"ci_99": [0.033919516092448504, 0.038629336407557474], "q_25": 0.035611432749988126, "q_75": 0.03645969250001713, "min": 0.03559266399997796, "max": 0.03791164300002947, "mean": 0.03627442625000299, "std": 0.0009573158129792746, "repeat": 4, "number": 1}]}}, "params": {"cpu": "2 Core CPU", "machine": "cloud-container", "os": "Ubuntu latest", "ram": "7GB", "python": "3.9", "appdirs": "", "cmake": "", "conan": "", "ess-dmsc::ess-streaming-data-types": "", "h5py": "", "ipykernel": "6.3.1", "ipympl": "", "ipywidgets": "", "mantid-framework": "", "matplotlib-base": "", "ninja": "", "numpy": "", "pip": "", "pooch": "", "python-configuration": "", "python-confluent-kafka": "", "pythreejs": "", "pyyaml": "", "scipp::scipp": "", "scipy": "", "tbb": ""}, "requirements": {"appdirs": "", "cmake": "", "conan": "", "ess-dmsc::ess-streaming-data-types": "", "h5py": "", "ipykernel": "6.3.1", "ipympl": "", "ipywidgets": "", "mantid-framework": "", "matplotlib-base": "", "ninja": "", "numpy": "", "pip": "", "pooch": "", "python-configuration": "", "python-confluent-kafka": "", "pythreejs": "", "pyyaml": "", "scipp::scipp": "", "scipy": "", "tbb": ""}, "commit_hash": "9b58501b5902732511dca809ebe04b0da1061622", "date": 1635165988000, "env_name": "conda-py3.9-appdirs-cmake-conan-ess-dmsc__ess-streaming-data-types-h5py-ipykernel6.3.1-ipympl-ipywidgets-mantid-framework-matplotlib-base-ninja-numpy-pip-pooch-python-configuration-python-confluent-kafka-pythreejs-pyyaml-scipp__scipp-scipy-tbb", "python": "3.9", "profiles": {}, "started_at": {"load_nexus.LoadNexus.time_load_event_nexus": 1635171085411, "transform_coords.TransformCoords.time_energy_to_tof": 1635171096761, "transform_coords.TransformCoords.time_tof_to_dspacing": 1635171113723, "transform_coords.TransformCoords.time_tof_to_energy": 1635171130931, "transform_coords.TransformCoords.time_tof_to_wavelength": 1635171148743, "transform_coords.TransformCoords.time_wavelength_to_tof": 1635171165598}, "ended_at": {"load_nexus.LoadNexus.time_load_event_nexus": 1635171096760, "transform_coords.TransformCoords.time_energy_to_tof": 1635171113722, "transform_coords.TransformCoords.time_tof_to_dspacing": 1635171130931, "transform_coords.TransformCoords.time_tof_to_energy": 1635171148742, "transform_coords.TransformCoords.time_tof_to_wavelength": 1635171165598, "transform_coords.TransformCoords.time_wavelength_to_tof": 1635171182705}, "benchmark_version": {"load_nexus.LoadNexus.time_load_event_nexus": "9bb61e37c240f4221eff71f827efb0f1cfb5371f7c6b0e72f79b9ca92578e5e9", "transform_coords.TransformCoords.time_energy_to_tof": "f1ea8beffb41e75997f96056160ef6dd12d9afb53546d00f7e0cb2b307a616bb", "transform_coords.TransformCoords.time_tof_to_dspacing": "76d3e8bdf45621127e026f90298e8f292d01ddb57cb7caf05a5ce555a659d8ac", "transform_coords.TransformCoords.time_tof_to_energy": "32774381c7e0285d159959187b4537339285cc2573292bc6b39f5edd04d4bc0b", "transform_coords.TransformCoords.time_tof_to_wavelength": "46879c3a68b31604accd5a00f4187eb567d166242d70d944aa010a5d6f8de380", "transform_coords.TransformCoords.time_wavelength_to_tof": "d4710ab73daad9eb187b2c50c320802720ae09b880a656f3ac5284d75fea178b"}, "version": 1}