{"results": {"load_nexus.LoadNexus.time_load_event_nexus": {"result": [4.745871234999981], "stats": [{"ci_99": [4.418731482858639, 5.107002328474698], "q_25": 4.721434157499971, "q_75": 4.795801818500024, "min": 4.69699707999996, "max": 4.845732402000067, "mean": 4.7628669056666695, "std": 0.06189878091786493, "repeat": 3, "number": 1}]}, "transform_coords.TransformCoords.time_energy_to_tof": {"result": [0.0013375281666678045], "stats": [{"ci_99": [0.0013165367367575836, 0.0013828265000104996], "q_25": 0.0013296006666602505, "q_75": 0.001338306916674507, "min": 0.0013253261666553346, "max": 0.0013828265000104996, "mean": 0.0013414556111115417, "std": 1.923957008223832e-05, "repeat": 6, "number": 6}]}, "transform_coords.TransformCoords.time_tof_to_dspacing": {"result": [0.03700060200003463], "stats": [{"ci_99": [0.03649993947010152, 0.03753426086321864], "q_25": 0.03683598999995752, "q_75": 0.037289084749971835, "min": 0.036523763999980474, "max": 0.03741126800002803, "mean": 0.03701710016666008, "std": 0.00030989362964458977, "repeat": 6, "number": 1}]}, "transform_coords.TransformCoords.time_tof_to_energy": {"result": [0.2606555124999659], "stats": [{"ci_99": [0.24683800345350237, 0.31742496300000766], "q_25": 0.2602216202500074, "q_75": 0.2608707317500034, "min": 0.2592748399999891, "max": 0.31742496300000766, "mean": 0.2698383814999943, "std": 0.021288196391024396, "repeat": 6, "number": 1}]}, "transform_coords.TransformCoords.time_tof_to_wavelength": {"result": [0.0013342899166654356], "stats": [{"ci_99": [0.0013153180096857884, 0.0013948594999912227], "q_25": 0.0013327247083338989, "q_75": 0.0013540228749964929, "min": 0.0013320095000040055, "max": 0.0013948594999912227, "mean": 0.001348042055553833, "std": 2.3175047575442925e-05, "repeat": 6, "number": 6}]}, "transform_coords.TransformCoords.time_wavelength_to_tof": {"result": [0.03458464850001519], "stats": [{"ci_99": [0.03412673500008623, 0.03479540008984543], "q_25": 0.03441750575001379, "q_75": 0.03464507375002768, "min": 0.03412673500008623, "max": 0.034677837999993244, "mean": 0.0345001461666925, "std": 0.00019487095477662504, "repeat": 6, "number": 1}]}}, "params": {"cpu": "2 Core CPU", "machine": "cloud-container", "os": "Ubuntu latest", "ram": "7GB", "python": "3.9", "appdirs": "", "cmake": "", "conan": "", "ess-dmsc::ess-streaming-data-types": "", "h5py": "", "ipykernel": "6.3.1", "ipympl": "", "ipywidgets": "", "mantid-framework": "", "matplotlib-base": "", "ninja": "", "numpy": "", "pip": "", "pooch": "", "python-configuration": "", "python-confluent-kafka": "", "pythreejs": "", "pyyaml": "", "scipp::scipp": "", "scipy": "", "tbb": ""}, "requirements": {"appdirs": "", "cmake": "", "conan": "", "ess-dmsc::ess-streaming-data-types": "", "h5py": "", "ipykernel": "6.3.1", "ipympl": "", "ipywidgets": "", "mantid-framework": "", "matplotlib-base": "", "ninja": "", "numpy": "", "pip": "", "pooch": "", "python-configuration": "", "python-confluent-kafka": "", "pythreejs": "", "pyyaml": "", "scipp::scipp": "", "scipy": "", "tbb": ""}, "commit_hash": "9b58501b5902732511dca809ebe04b0da1061622", "date": 1635165988000, "env_name": "conda-py3.9-appdirs-cmake-conan-ess-dmsc__ess-streaming-data-types-h5py-ipykernel6.3.1-ipympl-ipywidgets-mantid-framework-matplotlib-base-ninja-numpy-pip-pooch-python-configuration-python-confluent-kafka-pythreejs-pyyaml-scipp__scipp-scipy-tbb", "python": "3.9", "profiles": {}, "started_at": {"load_nexus.LoadNexus.time_load_event_nexus": 1635232246138, "transform_coords.TransformCoords.time_energy_to_tof": 1635232261086, "transform_coords.TransformCoords.time_tof_to_dspacing": 1635232279841, "transform_coords.TransformCoords.time_tof_to_energy": 1635232298694, "transform_coords.TransformCoords.time_tof_to_wavelength": 1635232318614, "transform_coords.TransformCoords.time_wavelength_to_tof": 1635232337514}, "ended_at": {"load_nexus.LoadNexus.time_load_event_nexus": 1635232261086, "transform_coords.TransformCoords.time_energy_to_tof": 1635232279840, "transform_coords.TransformCoords.time_tof_to_dspacing": 1635232298694, "transform_coords.TransformCoords.time_tof_to_energy": 1635232318614, "transform_coords.TransformCoords.time_tof_to_wavelength": 1635232337514, "transform_coords.TransformCoords.time_wavelength_to_tof": 1635232356465}, "benchmark_version": {"load_nexus.LoadNexus.time_load_event_nexus": "9bb61e37c240f4221eff71f827efb0f1cfb5371f7c6b0e72f79b9ca92578e5e9", "transform_coords.TransformCoords.time_energy_to_tof": "f1ea8beffb41e75997f96056160ef6dd12d9afb53546d00f7e0cb2b307a616bb", "transform_coords.TransformCoords.time_tof_to_dspacing": "76d3e8bdf45621127e026f90298e8f292d01ddb57cb7caf05a5ce555a659d8ac", "transform_coords.TransformCoords.time_tof_to_energy": "32774381c7e0285d159959187b4537339285cc2573292bc6b39f5edd04d4bc0b", "transform_coords.TransformCoords.time_tof_to_wavelength": "46879c3a68b31604accd5a00f4187eb567d166242d70d944aa010a5d6f8de380", "transform_coords.TransformCoords.time_wavelength_to_tof": "d4710ab73daad9eb187b2c50c320802720ae09b880a656f3ac5284d75fea178b"}, "version": 1}