{"results": {"load_nexus.LoadNexus.time_load_event_nexus": {"result": [5.599455129000006], "stats": [{"ci_99": [0.5699341290012683, 10.62897612899874], "q_25": 5.549159919000019, "q_75": 5.6497503389999935, "min": 5.498864709000031, "max": 5.700045548999981, "mean": 5.599455129000006, "std": 0.10059041999997476, "repeat": 2, "number": 1}]}, "transform_coords.TransformCoords.time_energy_to_tof": {"result": [0.001674074900006417], "stats": [{"ci_99": [0.0015666142340517127, 0.0018066423659508918], "q_25": 0.0016547865999996247, "q_75": 0.001705916600008095, "min": 0.0016401615999939168, "max": 0.00175820179999846, "mean": 0.0016866283000013028, "std": 4.475651418605057e-05, "repeat": 4, "number": 5}]}, "transform_coords.TransformCoords.time_tof_to_dspacing": {"result": [0.04358925749994569], "stats": [{"ci_99": [0.039908723076593926, 0.049551827423356454], "q_25": 0.04352462974992477, "q_75": 0.04479490299999611, "min": 0.043470103999993626, "max": 0.04827248200001577, "mean": 0.04473027524997519, "std": 0.002045936150066674, "repeat": 4, "number": 1}]}, "transform_coords.TransformCoords.time_tof_to_energy": {"result": [0.3199677189999761], "stats": [{"ci_99": [0.30640646272202393, 0.33992081377799316], "q_25": 0.3190519684999913, "q_75": 0.3240793887499933, "min": 0.317754677000039, "max": 0.3349644380000427, "mean": 0.3231636382500085, "std": 0.006881328590728969, "repeat": 4, "number": 1}]}, "transform_coords.TransformCoords.time_tof_to_wavelength": {"result": [0.0017378946999883737], "stats": [{"ci_99": [0.0014345300742952555, 0.00207280982569318], "q_25": 0.0016821149999884711, "q_75": 0.0018094496499941213, "min": 0.001608000000010179, "max": 0.0019308903999899485, "mean": 0.0017536699499942187, "std": 0.00011731987599252177, "repeat": 4, "number": 5}]}, "transform_coords.TransformCoords.time_wavelength_to_tof": {"result": [0.04190401699997892], "stats": [{"ci_99": [0.03924218905961454, 0.045631884440303715], "q_25": 0.04166707074998044, "q_75": 0.042673982999957616, "min": 0.04132066299996495, "max": 0.04461944999991374, "mean": 0.042437036749959134, "std": 0.001285199534512656, "repeat": 4, "number": 1}]}}, "params": {"cpu": "2 Core CPU", "machine": "cloud-container", "os": "Ubuntu latest", "ram": "7GB", "python": "3.9", "appdirs": "", "cmake": "", "conan": "", "ess-dmsc::ess-streaming-data-types": "", "h5py": "", "ipykernel": "6.3.1", "ipympl": "", "ipywidgets": "", "mantid-framework": "", "matplotlib-base": "", "ninja": "", "numpy": "", "pip": "", "pooch": "", "python-configuration": "", "python-confluent-kafka": "", "pythreejs": "", "pyyaml": "", "scipp::scipp": "", "scipy": "", "tbb": ""}, "requirements": {"appdirs": "", "cmake": "", "conan": "", "ess-dmsc::ess-streaming-data-types": "", "h5py": "", "ipykernel": "6.3.1", "ipympl": "", "ipywidgets": "", "mantid-framework": "", "matplotlib-base": "", "ninja": "", "numpy": "", "pip": "", "pooch": "", "python-configuration": "", "python-confluent-kafka": "", "pythreejs": "", "pyyaml": "", "scipp::scipp": "", "scipy": "", "tbb": ""}, "commit_hash": "9b58501b5902732511dca809ebe04b0da1061622", "date": 1635165988000, "env_name": "conda-py3.9-appdirs-cmake-conan-ess-dmsc__ess-streaming-data-types-h5py-ipykernel6.3.1-ipympl-ipywidgets-mantid-framework-matplotlib-base-ninja-numpy-pip-pooch-python-configuration-python-confluent-kafka-pythreejs-pyyaml-scipp__scipp-scipy-tbb", "python": "3.9", "profiles": {}, "started_at": {"load_nexus.LoadNexus.time_load_event_nexus": 1635207928775, "transform_coords.TransformCoords.time_energy_to_tof": 1635207940417, "transform_coords.TransformCoords.time_tof_to_dspacing": 1635207958676, "transform_coords.TransformCoords.time_tof_to_energy": 1635207976887, "transform_coords.TransformCoords.time_tof_to_wavelength": 1635207995844, "transform_coords.TransformCoords.time_wavelength_to_tof": 1635208014314}, "ended_at": {"load_nexus.LoadNexus.time_load_event_nexus": 1635207940417, "transform_coords.TransformCoords.time_energy_to_tof": 1635207958676, "transform_coords.TransformCoords.time_tof_to_dspacing": 1635207976886, "transform_coords.TransformCoords.time_tof_to_energy": 1635207995843, "transform_coords.TransformCoords.time_tof_to_wavelength": 1635208014313, "transform_coords.TransformCoords.time_wavelength_to_tof": 1635208032636}, "benchmark_version": {"load_nexus.LoadNexus.time_load_event_nexus": "9bb61e37c240f4221eff71f827efb0f1cfb5371f7c6b0e72f79b9ca92578e5e9", "transform_coords.TransformCoords.time_energy_to_tof": "f1ea8beffb41e75997f96056160ef6dd12d9afb53546d00f7e0cb2b307a616bb", "transform_coords.TransformCoords.time_tof_to_dspacing": "76d3e8bdf45621127e026f90298e8f292d01ddb57cb7caf05a5ce555a659d8ac", "transform_coords.TransformCoords.time_tof_to_energy": "32774381c7e0285d159959187b4537339285cc2573292bc6b39f5edd04d4bc0b", "transform_coords.TransformCoords.time_tof_to_wavelength": "46879c3a68b31604accd5a00f4187eb567d166242d70d944aa010a5d6f8de380", "transform_coords.TransformCoords.time_wavelength_to_tof": "d4710ab73daad9eb187b2c50c320802720ae09b880a656f3ac5284d75fea178b"}, "version": 1}