{"results": {"load_nexus.LoadNexus.time_load_event_nexus": {"result": [4.864356518000022], "stats": [{"ci_99": [4.426116168889567, 5.244961153110519], "q_25": 4.798932298500063, "q_75": 4.886553952000014, "min": 4.733508079000103, "max": 4.908751386000006, "mean": 4.835538661000044, "std": 0.07438819719829648, "repeat": 3, "number": 1}]}, "transform_coords.TransformCoords.time_energy_to_tof": {"result": [0.0013690595833395491], "stats": [{"ci_99": [0.0010745434806787924, 0.002544066999992841], "q_25": 0.0013518512500046616, "q_75": 0.0014170307916809104, "min": 0.0013221591666668548, "max": 0.002544066999992841, "mean": 0.0015639136111155318, "std": 0.00043956280096482615, "repeat": 6, "number": 6}]}, "transform_coords.TransformCoords.time_tof_to_dspacing": {"result": [0.03729119100003686], "stats": [{"ci_99": [0.03701439964884528, 0.03765387301781104], "q_25": 0.03717474474998994, "q_75": 0.0374678832500166, "min": 0.03712385899996207, "max": 0.03763586699994903, "mean": 0.03733413633332816, "std": 0.00018913657569223663, "repeat": 6, "number": 1}]}, "transform_coords.TransformCoords.time_tof_to_energy": {"result": [0.2613558359999786], "stats": [{"ci_99": [0.259000058375727, 0.2676928900000348], "q_25": 0.2607893757499937, "q_75": 0.2621901182499755, "min": 0.26022664599997825, "max": 0.2676928900000348, "mean": 0.26228332933332393, "std": 0.0025149828767465983, "repeat": 6, "number": 1}]}, "transform_coords.TransformCoords.time_tof_to_wavelength": {"result": [0.001351735333339358], "stats": [{"ci_99": [0.001309843181149965, 0.0014381951666753896], "q_25": 0.0013365853749978858, "q_75": 0.0013584096666647838, "min": 0.0013251426666821924, "max": 0.0014381951666753896, "mean": 0.0013598297222267143, "std": 3.704600666851648e-05, "repeat": 6, "number": 6}]}, "transform_coords.TransformCoords.time_wavelength_to_tof": {"result": [0.03515956199998982], "stats": [{"ci_99": [0.03457391099993856, 0.03554983955207418], "q_25": 0.0350468765000187, "q_75": 0.035334912250021944, "min": 0.03457391099993856, "max": 0.0354185610000286, "mean": 0.0351190455000013, "std": 0.00028127680182627834, "repeat": 6, "number": 1}]}}, "params": {"cpu": "2 Core CPU", "machine": "cloud-container", "os": "Ubuntu latest", "ram": "7GB", "python": "3.9", "appdirs": "", "cmake": "", "conan": "", "ess-dmsc::ess-streaming-data-types": "", "h5py": "", "ipykernel": "6.3.1", "ipympl": "", "ipywidgets": "", "mantid-framework": "", "matplotlib-base": "", "ninja": "", "numpy": "", "pip": "", "pooch": "", "python-configuration": "", "python-confluent-kafka": "", "pythreejs": "", "pyyaml": "", "scipp::scipp": "", "scipy": "", "tbb": ""}, "requirements": {"appdirs": "", "cmake": "", "conan": "", "ess-dmsc::ess-streaming-data-types": "", "h5py": "", "ipykernel": "6.3.1", "ipympl": "", "ipywidgets": "", "mantid-framework": "", "matplotlib-base": "", "ninja": "", "numpy": "", "pip": "", "pooch": "", "python-configuration": "", "python-confluent-kafka": "", "pythreejs": "", "pyyaml": "", "scipp::scipp": "", "scipy": "", "tbb": ""}, "commit_hash": "9b58501b5902732511dca809ebe04b0da1061622", "date": 1635165988000, "env_name": "conda-py3.9-appdirs-cmake-conan-ess-dmsc__ess-streaming-data-types-h5py-ipykernel6.3.1-ipympl-ipywidgets-mantid-framework-matplotlib-base-ninja-numpy-pip-pooch-python-configuration-python-confluent-kafka-pythreejs-pyyaml-scipp__scipp-scipy-tbb", "python": "3.9", "profiles": {}, "started_at": {"load_nexus.LoadNexus.time_load_event_nexus": 1635168033493, "transform_coords.TransformCoords.time_energy_to_tof": 1635168048694, "transform_coords.TransformCoords.time_tof_to_dspacing": 1635168067703, "transform_coords.TransformCoords.time_tof_to_energy": 1635168086865, "transform_coords.TransformCoords.time_tof_to_wavelength": 1635168107052, "transform_coords.TransformCoords.time_wavelength_to_tof": 1635168126059}, "ended_at": {"load_nexus.LoadNexus.time_load_event_nexus": 1635168048694, "transform_coords.TransformCoords.time_energy_to_tof": 1635168067703, "transform_coords.TransformCoords.time_tof_to_dspacing": 1635168086865, "transform_coords.TransformCoords.time_tof_to_energy": 1635168107052, "transform_coords.TransformCoords.time_tof_to_wavelength": 1635168126059, "transform_coords.TransformCoords.time_wavelength_to_tof": 1635168145219}, "benchmark_version": {"load_nexus.LoadNexus.time_load_event_nexus": "9bb61e37c240f4221eff71f827efb0f1cfb5371f7c6b0e72f79b9ca92578e5e9", "transform_coords.TransformCoords.time_energy_to_tof": "f1ea8beffb41e75997f96056160ef6dd12d9afb53546d00f7e0cb2b307a616bb", "transform_coords.TransformCoords.time_tof_to_dspacing": "76d3e8bdf45621127e026f90298e8f292d01ddb57cb7caf05a5ce555a659d8ac", "transform_coords.TransformCoords.time_tof_to_energy": "32774381c7e0285d159959187b4537339285cc2573292bc6b39f5edd04d4bc0b", "transform_coords.TransformCoords.time_tof_to_wavelength": "46879c3a68b31604accd5a00f4187eb567d166242d70d944aa010a5d6f8de380", "transform_coords.TransformCoords.time_wavelength_to_tof": "d4710ab73daad9eb187b2c50c320802720ae09b880a656f3ac5284d75fea178b"}, "version": 1}