{"results": {"load_nexus.LoadNexus.time_load_event_nexus": {"result": [5.722704312500014], "stats": [{"ci_99": [2.3750516374992685, 9.070356987500755], "q_25": 5.689227785750006, "q_75": 5.756180839250021, "min": 5.655751258999999, "max": 5.789657366000029, "mean": 5.722704312500014, "std": 0.0669530535000149, "repeat": 2, "number": 1}]}, "transform_coords.TransformCoords.time_energy_to_tof": {"result": [0.001784121499997582], "stats": [{"ci_99": [0.0016594856935208031, 0.0018852553064752611], "q_25": 0.0017527634000089167, "q_75": 0.0018037285999866982, "min": 0.0017063294000081441, "max": 0.0018149095999888231, "mean": 0.0017723704999980329, "std": 4.168791512286084e-05, "repeat": 4, "number": 5}]}, "transform_coords.TransformCoords.time_tof_to_dspacing": {"result": [0.04665575399997124], "stats": [{"ci_99": [0.04383089869468252, 0.05078634380533881], "q_25": 0.04637973300000908, "q_75": 0.04758464224997283, "min": 0.04621087800001078, "max": 0.04971209900008944, "mean": 0.047308621250010674, "std": 0.001408082441633954, "repeat": 4, "number": 1}]}, "transform_coords.TransformCoords.time_tof_to_energy": {"result": [0.3328964539999788], "stats": [{"ci_99": [0.3188460672218512, 0.34939317827819544], "q_25": 0.3305789524999909, "q_75": 0.33643712425001127, "min": 0.3275652140000602, "max": 0.3431203690000757, "mean": 0.3341196227500234, "std": 0.005709936931740608, "repeat": 4, "number": 1}]}, "transform_coords.TransformCoords.time_tof_to_wavelength": {"result": [0.0017629072000090672], "stats": [{"ci_99": [0.0010352436271159969, 0.0028455496728997357], "q_25": 0.001732854000010775, "q_75": 0.001970449850006162, "min": 0.0016512090000105673, "max": 0.0025845632000027763, "mean": 0.0019403966500078696, "std": 0.0003747002673883211, "repeat": 4, "number": 5}]}, "transform_coords.TransformCoords.time_wavelength_to_tof": {"result": [0.042739043499977925], "stats": [{"ci_99": [0.04173664212015677, 0.04354971287983705], "q_25": 0.042471513749944734, "q_75": 0.0429107072500301, "min": 0.04212612599997101, "max": 0.04296849700006078, "mean": 0.04264317749999691, "std": 0.00033091065090581174, "repeat": 4, "number": 1}]}}, "params": {"cpu": "2 Core CPU", "machine": "cloud-container", "os": "Ubuntu latest", "ram": "7GB", "python": "3.9", "appdirs": "", "cmake": "", "conan": "", "ess-dmsc::ess-streaming-data-types": "", "h5py": "", "ipykernel": "6.3.1", "ipympl": "", "ipywidgets": "", "mantid-framework": "", "matplotlib-base": "", "ninja": "", "numpy": "", "pip": "", "pooch": "", "python-configuration": "", "python-confluent-kafka": "", "pythreejs": "", "pyyaml": "", "scipp::scipp": "", "scipy": "", "tbb": ""}, "requirements": {"appdirs": "", "cmake": "", "conan": "", "ess-dmsc::ess-streaming-data-types": "", "h5py": "", "ipykernel": "6.3.1", "ipympl": "", "ipywidgets": "", "mantid-framework": "", "matplotlib-base": "", "ninja": "", "numpy": "", "pip": "", "pooch": "", "python-configuration": "", "python-confluent-kafka": "", "pythreejs": "", "pyyaml": "", "scipp::scipp": "", "scipy": "", "tbb": ""}, "commit_hash": "9b58501b5902732511dca809ebe04b0da1061622", "date": 1635165988000, "env_name": "conda-py3.9-appdirs-cmake-conan-ess-dmsc__ess-streaming-data-types-h5py-ipykernel6.3.1-ipympl-ipywidgets-mantid-framework-matplotlib-base-ninja-numpy-pip-pooch-python-configuration-python-confluent-kafka-pythreejs-pyyaml-scipp__scipp-scipy-tbb", "python": "3.9", "profiles": {}, "started_at": {"load_nexus.LoadNexus.time_load_event_nexus": 1635178456177, "transform_coords.TransformCoords.time_energy_to_tof": 1635178468371, "transform_coords.TransformCoords.time_tof_to_dspacing": 1635178487389, "transform_coords.TransformCoords.time_tof_to_energy": 1635178506599, "transform_coords.TransformCoords.time_tof_to_wavelength": 1635178526421, "transform_coords.TransformCoords.time_wavelength_to_tof": 1635178545231}, "ended_at": {"load_nexus.LoadNexus.time_load_event_nexus": 1635178468370, "transform_coords.TransformCoords.time_energy_to_tof": 1635178487389, "transform_coords.TransformCoords.time_tof_to_dspacing": 1635178506598, "transform_coords.TransformCoords.time_tof_to_energy": 1635178526420, "transform_coords.TransformCoords.time_tof_to_wavelength": 1635178545231, "transform_coords.TransformCoords.time_wavelength_to_tof": 1635178564341}, "benchmark_version": {"load_nexus.LoadNexus.time_load_event_nexus": "9bb61e37c240f4221eff71f827efb0f1cfb5371f7c6b0e72f79b9ca92578e5e9", "transform_coords.TransformCoords.time_energy_to_tof": "f1ea8beffb41e75997f96056160ef6dd12d9afb53546d00f7e0cb2b307a616bb", "transform_coords.TransformCoords.time_tof_to_dspacing": "76d3e8bdf45621127e026f90298e8f292d01ddb57cb7caf05a5ce555a659d8ac", "transform_coords.TransformCoords.time_tof_to_energy": "32774381c7e0285d159959187b4537339285cc2573292bc6b39f5edd04d4bc0b", "transform_coords.TransformCoords.time_tof_to_wavelength": "46879c3a68b31604accd5a00f4187eb567d166242d70d944aa010a5d6f8de380", "transform_coords.TransformCoords.time_wavelength_to_tof": "d4710ab73daad9eb187b2c50c320802720ae09b880a656f3ac5284d75fea178b"}, "version": 1}