{"results": {"load_nexus.LoadNexus.time_load_event_nexus": {"result": [4.640354550999973], "stats": [{"ci_99": [4.396817927488182, 4.996010729011792], "q_25": 4.609274830000004, "q_75": 4.727494049249955, "min": 4.607208549999996, "max": 4.897739661000003, "mean": 4.696414328249986, "std": 0.11897707631276762, "repeat": 4, "number": 1}]}, "transform_coords.TransformCoords.time_energy_to_tof": {"result": [0.0013845907499974903], "stats": [{"ci_99": [0.0012820295770205538, 0.0015422373118667196], "q_25": 0.001346209125001015, "q_75": 0.0014709438749965404, "min": 0.0013283353333311727, "max": 0.0015421403333372534, "mean": 0.0014121334444436367, "std": 7.958966007155055e-05, "repeat": 6, "number": 6}]}, "transform_coords.TransformCoords.time_tof_to_dspacing": {"result": [0.04034557150004048], "stats": [{"ci_99": [0.038056478711950316, 0.046078478000026735], "q_25": 0.04003816675006533, "q_75": 0.0434226107499569, "min": 0.039877386999989994, "max": 0.046078478000026735, "mean": 0.041838499500016724, "std": 0.0024566453807232658, "repeat": 6, "number": 1}]}, "transform_coords.TransformCoords.time_tof_to_energy": {"result": [0.26724217899999303], "stats": [{"ci_99": [0.2614756627163037, 0.27614998208370123], "q_25": 0.26579720699999143, "q_75": 0.27003201399998034, "min": 0.26507890000004863, "max": 0.27591381199999887, "mean": 0.2688128224000025, "std": 0.003934806599475191, "repeat": 5, "number": 1}]}, "transform_coords.TransformCoords.time_tof_to_wavelength": {"result": [0.001435728250006226], "stats": [{"ci_99": [0.0013153142633125056, 0.0015160216255758303], "q_25": 0.001365848708327159, "q_75": 0.0014594840416606303, "min": 0.0013221868333441005, "max": 0.0014904061666622208, "mean": 0.0014156679444441683, "std": 6.130699021096956e-05, "repeat": 6, "number": 6}]}, "transform_coords.TransformCoords.time_wavelength_to_tof": {"result": [0.03781429949998483], "stats": [{"ci_99": [0.03685622989614099, 0.039376972000013666], "q_25": 0.037592846999984886, "q_75": 0.03838355025004603, "min": 0.037062034999962634, "max": 0.039376972000013666, "mean": 0.03802665599999955, "std": 0.0007469408311472238, "repeat": 6, "number": 1}]}}, "params": {"cpu": "2 Core CPU", "machine": "cloud-container", "os": "Ubuntu latest", "ram": "7GB", "python": "3.9", "appdirs": "", "cmake": "", "conan": "", "ess-dmsc::ess-streaming-data-types": "", "h5py": "", "ipykernel": "6.3.1", "ipympl": "", "ipywidgets": "", "mantid-framework": "", "matplotlib-base": "", "ninja": "", "numpy": "", "pip": "", "pooch": "", "python-configuration": "", "python-confluent-kafka": "", "pythreejs": "", "pyyaml": "", "scipp::scipp": "", "scipy": "", "tbb": ""}, "requirements": {"appdirs": "", "cmake": "", "conan": "", "ess-dmsc::ess-streaming-data-types": "", "h5py": "", "ipykernel": "6.3.1", "ipympl": "", "ipywidgets": "", "mantid-framework": "", "matplotlib-base": "", "ninja": "", "numpy": "", "pip": "", "pooch": "", "python-configuration": "", "python-confluent-kafka": "", "pythreejs": "", "pyyaml": "", "scipp::scipp": "", "scipy": "", "tbb": ""}, "commit_hash": "9b58501b5902732511dca809ebe04b0da1061622", "date": 1635165988000, "env_name": "conda-py3.9-appdirs-cmake-conan-ess-dmsc__ess-streaming-data-types-h5py-ipykernel6.3.1-ipympl-ipywidgets-mantid-framework-matplotlib-base-ninja-numpy-pip-pooch-python-configuration-python-confluent-kafka-pythreejs-pyyaml-scipp__scipp-scipy-tbb", "python": "3.9", "profiles": {}, "started_at": {"load_nexus.LoadNexus.time_load_event_nexus": 1635192691320, "transform_coords.TransformCoords.time_energy_to_tof": 1635192705964, "transform_coords.TransformCoords.time_tof_to_dspacing": 1635192725970, "transform_coords.TransformCoords.time_tof_to_energy": 1635192745978, "transform_coords.TransformCoords.time_tof_to_wavelength": 1635192766888, "transform_coords.TransformCoords.time_wavelength_to_tof": 1635192786548}, "ended_at": {"load_nexus.LoadNexus.time_load_event_nexus": 1635192705964, "transform_coords.TransformCoords.time_energy_to_tof": 1635192725970, "transform_coords.TransformCoords.time_tof_to_dspacing": 1635192745978, "transform_coords.TransformCoords.time_tof_to_energy": 1635192766888, "transform_coords.TransformCoords.time_tof_to_wavelength": 1635192786548, "transform_coords.TransformCoords.time_wavelength_to_tof": 1635192806610}, "benchmark_version": {"load_nexus.LoadNexus.time_load_event_nexus": "9bb61e37c240f4221eff71f827efb0f1cfb5371f7c6b0e72f79b9ca92578e5e9", "transform_coords.TransformCoords.time_energy_to_tof": "f1ea8beffb41e75997f96056160ef6dd12d9afb53546d00f7e0cb2b307a616bb", "transform_coords.TransformCoords.time_tof_to_dspacing": "76d3e8bdf45621127e026f90298e8f292d01ddb57cb7caf05a5ce555a659d8ac", "transform_coords.TransformCoords.time_tof_to_energy": "32774381c7e0285d159959187b4537339285cc2573292bc6b39f5edd04d4bc0b", "transform_coords.TransformCoords.time_tof_to_wavelength": "46879c3a68b31604accd5a00f4187eb567d166242d70d944aa010a5d6f8de380", "transform_coords.TransformCoords.time_wavelength_to_tof": "d4710ab73daad9eb187b2c50c320802720ae09b880a656f3ac5284d75fea178b"}, "version": 1}