{"results": {"load_nexus.LoadNexus.time_load_event_nexus": {"result": [5.847647408499938], "stats": [{"ci_99": [1.5366301834989144, 10.158664633500958], "q_25": 5.804537236249928, "q_75": 5.890757580749948, "min": 5.761427063999918, "max": 5.933867752999959, "mean": 5.847647408499938, "std": 0.08622034450002047, "repeat": 2, "number": 1}]}, "transform_coords.TransformCoords.time_energy_to_tof": {"result": [0.0017615901999988638], "stats": [{"ci_99": [0.0016794058005646473, 0.0018238944994434026], "q_25": 0.0017450151500156609, "q_75": 0.0017682251999872277, "min": 0.0017041700000163472, "max": 0.001779250200002025, "mean": 0.0017516501500040248, "std": 2.842208556012423e-05, "repeat": 4, "number": 5}]}, "transform_coords.TransformCoords.time_tof_to_dspacing": {"result": [0.0450916595000308], "stats": [{"ci_99": [0.042696773621644986, 0.046921593378369125], "q_25": 0.044492729500007044, "q_75": 0.04540811350003082, "min": 0.04350445000000036, "max": 0.0455489649999663, "mean": 0.044809183500007066, "std": 0.0007991332535860664, "repeat": 4, "number": 1}]}, "transform_coords.TransformCoords.time_tof_to_energy": {"result": [0.3470101520000526], "stats": [{"ci_99": [0.327855989513642, 0.36151860948637643], "q_25": 0.341887442500024, "q_75": 0.3498100090000378, "min": 0.3345520089999354, "max": 0.3501768849999962, "mean": 0.3446872995000092, "std": 0.006284696862516697, "repeat": 4, "number": 1}]}, "transform_coords.TransformCoords.time_tof_to_wavelength": {"result": [0.0017589304999887645], "stats": [{"ci_99": [0.0015021780517832446, 0.0020997030482016476], "q_25": 0.0017124800999908985, "q_75": 0.0018473909499903127, "min": 0.0017014697999911733, "max": 0.0019844314000010852, "mean": 0.001800940549992447, "std": 0.0001126424863019753, "repeat": 4, "number": 5}]}, "transform_coords.TransformCoords.time_wavelength_to_tof": {"result": [0.039980179999986376], "stats": [{"ci_99": [0.039097378511317844, 0.04086328448869063], "q_25": 0.039855905749988096, "q_75": 0.04010460575000252, "min": 0.039511733000040294, "max": 0.040449233000003915, "mean": 0.03998033150000424, "std": 0.00033152512038136514, "repeat": 4, "number": 1}]}}, "params": {"cpu": "2 Core CPU", "machine": "cloud-container", "os": "Ubuntu latest", "ram": "7GB", "python": "3.9", "appdirs": "", "cmake": "", "conan": "", "ess-dmsc::ess-streaming-data-types": "", "h5py": "", "ipykernel": "6.3.1", "ipympl": "", "ipywidgets": "", "mantid-framework": "", "matplotlib-base": "", "ninja": "", "numpy": "", "pip": "", "pooch": "", "python-configuration": "", "python-confluent-kafka": "", "pythreejs": "", "pyyaml": "", "scipp::scipp": "", "scipy": "", "tbb": ""}, "requirements": {"appdirs": "", "cmake": "", "conan": "", "ess-dmsc::ess-streaming-data-types": "", "h5py": "", "ipykernel": "6.3.1", "ipympl": "", "ipywidgets": "", "mantid-framework": "", "matplotlib-base": "", "ninja": "", "numpy": "", "pip": "", "pooch": "", "python-configuration": "", "python-confluent-kafka": "", "pythreejs": "", "pyyaml": "", "scipp::scipp": "", "scipy": "", "tbb": ""}, "commit_hash": "9b58501b5902732511dca809ebe04b0da1061622", "date": 1635165988000, "env_name": "conda-py3.9-appdirs-cmake-conan-ess-dmsc__ess-streaming-data-types-h5py-ipykernel6.3.1-ipympl-ipywidgets-mantid-framework-matplotlib-base-ninja-numpy-pip-pooch-python-configuration-python-confluent-kafka-pythreejs-pyyaml-scipp__scipp-scipy-tbb", "python": "3.9", "profiles": {}, "started_at": {"load_nexus.LoadNexus.time_load_event_nexus": 1635189099881, "transform_coords.TransformCoords.time_energy_to_tof": 1635189112280, "transform_coords.TransformCoords.time_tof_to_dspacing": 1635189131869, "transform_coords.TransformCoords.time_tof_to_energy": 1635189151497, "transform_coords.TransformCoords.time_tof_to_wavelength": 1635189171668, "transform_coords.TransformCoords.time_wavelength_to_tof": 1635189191043}, "ended_at": {"load_nexus.LoadNexus.time_load_event_nexus": 1635189112280, "transform_coords.TransformCoords.time_energy_to_tof": 1635189131868, "transform_coords.TransformCoords.time_tof_to_dspacing": 1635189151497, "transform_coords.TransformCoords.time_tof_to_energy": 1635189171667, "transform_coords.TransformCoords.time_tof_to_wavelength": 1635189191043, "transform_coords.TransformCoords.time_wavelength_to_tof": 1635189210471}, "benchmark_version": {"load_nexus.LoadNexus.time_load_event_nexus": "9bb61e37c240f4221eff71f827efb0f1cfb5371f7c6b0e72f79b9ca92578e5e9", "transform_coords.TransformCoords.time_energy_to_tof": "f1ea8beffb41e75997f96056160ef6dd12d9afb53546d00f7e0cb2b307a616bb", "transform_coords.TransformCoords.time_tof_to_dspacing": "76d3e8bdf45621127e026f90298e8f292d01ddb57cb7caf05a5ce555a659d8ac", "transform_coords.TransformCoords.time_tof_to_energy": "32774381c7e0285d159959187b4537339285cc2573292bc6b39f5edd04d4bc0b", "transform_coords.TransformCoords.time_tof_to_wavelength": "46879c3a68b31604accd5a00f4187eb567d166242d70d944aa010a5d6f8de380", "transform_coords.TransformCoords.time_wavelength_to_tof": "d4710ab73daad9eb187b2c50c320802720ae09b880a656f3ac5284d75fea178b"}, "version": 1}