{"results": {"load_nexus.LoadNexus.time_load_event_nexus": {"result": [4.90024891500002], "stats": [{"ci_99": [4.401126680419954, 5.4971844509133865], "q_25": 4.879054272500014, "q_75": 4.994803533500004, "min": 4.857859630000007, "max": 5.089358151999988, "mean": 4.949155565666672, "std": 0.10063725877830199, "repeat": 3, "number": 1}]}, "transform_coords.TransformCoords.time_energy_to_tof": {"result": [0.001350655666674546], "stats": [{"ci_99": [0.0013262256877765077, 0.0014098243333364735], "q_25": 0.001343447333340464, "q_75": 0.0013543438750029206, "min": 0.0013368055000076613, "max": 0.0014098243333364735, "mean": 0.0013574265000057845, "std": 2.4270167746532437e-05, "repeat": 6, "number": 6}]}, "transform_coords.TransformCoords.time_tof_to_dspacing": {"result": [0.03777828599999111], "stats": [{"ci_99": [0.03609719986011284, 0.041842858999984855], "q_25": 0.03770019350007203, "q_75": 0.03991582674998995, "min": 0.03716655300002003, "max": 0.041842858999984855, "mean": 0.03881141450001261, "std": 0.0017568287268519861, "repeat": 6, "number": 1}]}, "transform_coords.TransformCoords.time_tof_to_energy": {"result": [0.2613021345000277], "stats": [{"ci_99": [0.2603371416981984, 0.26295413000002554], "q_25": 0.26107491850007136, "q_75": 0.2617032567500246, "min": 0.26050170999997135, "max": 0.26295413000002554, "mean": 0.2614827088333603, "std": 0.0007684082187707706, "repeat": 6, "number": 1}]}, "transform_coords.TransformCoords.time_tof_to_wavelength": {"result": [0.0013335745833368644], "stats": [{"ci_99": [0.0013172126406592296, 0.0013681731666679298], "q_25": 0.0013286713333352889, "q_75": 0.0013432583333307473, "min": 0.0013250556666643358, "max": 0.0013681731666679298, "mean": 0.0013389835277782443, "std": 1.473669664468909e-05, "repeat": 6, "number": 6}]}, "transform_coords.TransformCoords.time_wavelength_to_tof": {"result": [0.035090521000029185], "stats": [{"ci_99": [0.03477729618816685, 0.03553125014514134], "q_25": 0.03496277375001, "q_75": 0.035327846999962276, "min": 0.034900548999985403, "max": 0.035516900999937207, "mean": 0.03515427316665409, "std": 0.00023030202725012337, "repeat": 6, "number": 1}]}}, "params": {"cpu": "2 Core CPU", "machine": "cloud-container", "os": "Ubuntu latest", "ram": "7GB", "python": "3.9", "appdirs": "", "cmake": "", "conan": "", "ess-dmsc::ess-streaming-data-types": "", "h5py": "", "ipykernel": "6.3.1", "ipympl": "", "ipywidgets": "", "mantid-framework": "", "matplotlib-base": "", "ninja": "", "numpy": "", "pip": "", "pooch": "", "python-configuration": "", "python-confluent-kafka": "", "pythreejs": "", "pyyaml": "", "scipp::scipp": "", "scipy": "", "tbb": ""}, "requirements": {"appdirs": "", "cmake": "", "conan": "", "ess-dmsc::ess-streaming-data-types": "", "h5py": "", "ipykernel": "6.3.1", "ipympl": "", "ipywidgets": "", "mantid-framework": "", "matplotlib-base": "", "ninja": "", "numpy": "", "pip": "", "pooch": "", "python-configuration": "", "python-confluent-kafka": "", "pythreejs": "", "pyyaml": "", "scipp::scipp": "", "scipy": "", "tbb": ""}, "commit_hash": "9b58501b5902732511dca809ebe04b0da1061622", "date": 1635165988000, "env_name": "conda-py3.9-appdirs-cmake-conan-ess-dmsc__ess-streaming-data-types-h5py-ipykernel6.3.1-ipympl-ipywidgets-mantid-framework-matplotlib-base-ninja-numpy-pip-pooch-python-configuration-python-confluent-kafka-pythreejs-pyyaml-scipp__scipp-scipy-tbb", "python": "3.9", "profiles": {}, "started_at": {"load_nexus.LoadNexus.time_load_event_nexus": 1635254418007, "transform_coords.TransformCoords.time_energy_to_tof": 1635254433418, "transform_coords.TransformCoords.time_tof_to_dspacing": 1635254452477, "transform_coords.TransformCoords.time_tof_to_energy": 1635254471638, "transform_coords.TransformCoords.time_tof_to_wavelength": 1635254491550, "transform_coords.TransformCoords.time_wavelength_to_tof": 1635254510510}, "ended_at": {"load_nexus.LoadNexus.time_load_event_nexus": 1635254433417, "transform_coords.TransformCoords.time_energy_to_tof": 1635254452477, "transform_coords.TransformCoords.time_tof_to_dspacing": 1635254471638, "transform_coords.TransformCoords.time_tof_to_energy": 1635254491550, "transform_coords.TransformCoords.time_tof_to_wavelength": 1635254510510, "transform_coords.TransformCoords.time_wavelength_to_tof": 1635254529520}, "benchmark_version": {"load_nexus.LoadNexus.time_load_event_nexus": "9bb61e37c240f4221eff71f827efb0f1cfb5371f7c6b0e72f79b9ca92578e5e9", "transform_coords.TransformCoords.time_energy_to_tof": "f1ea8beffb41e75997f96056160ef6dd12d9afb53546d00f7e0cb2b307a616bb", "transform_coords.TransformCoords.time_tof_to_dspacing": "76d3e8bdf45621127e026f90298e8f292d01ddb57cb7caf05a5ce555a659d8ac", "transform_coords.TransformCoords.time_tof_to_energy": "32774381c7e0285d159959187b4537339285cc2573292bc6b39f5edd04d4bc0b", "transform_coords.TransformCoords.time_tof_to_wavelength": "46879c3a68b31604accd5a00f4187eb567d166242d70d944aa010a5d6f8de380", "transform_coords.TransformCoords.time_wavelength_to_tof": "d4710ab73daad9eb187b2c50c320802720ae09b880a656f3ac5284d75fea178b"}, "version": 1}