{"results": {"load_nexus.LoadNexus.time_load_event_nexus": {"result": [4.789847231000067], "stats": [{"ci_99": [4.532302029928008, 5.093967358738657], "q_25": 4.777507135500002, "q_75": 4.837118521500031, "min": 4.7651670399999375, "max": 4.884389811999995, "mean": 4.813134694333333, "std": 0.051382531416932456, "repeat": 3, "number": 1}]}, "transform_coords.TransformCoords.time_energy_to_tof": {"result": [0.0013462169999911566], "stats": [{"ci_99": [0.0013186142382667846, 0.001397134333330996], "q_25": 0.0013360259583331906, "q_75": 0.0013585090416559826, "min": 0.0013301001666642758, "max": 0.001397134333330996, "mean": 0.001352483972217063, "std": 2.2528724978999737e-05, "repeat": 6, "number": 6}]}, "transform_coords.TransformCoords.time_tof_to_dspacing": {"result": [0.03689847849994976], "stats": [{"ci_99": [0.03674103032719204, 0.0370986870060794], "q_25": 0.03684001899992495, "q_75": 0.037005900249994284, "min": 0.03677818000005573, "max": 0.03708177499993326, "mean": 0.03691985866663572, "std": 0.0001083438445748361, "repeat": 6, "number": 1}]}, "transform_coords.TransformCoords.time_tof_to_energy": {"result": [0.259923127499917], "stats": [{"ci_99": [0.25938959018163926, 0.2609064189999799], "q_25": 0.2597440742499657, "q_75": 0.2600819352500423, "min": 0.259568546999958, "max": 0.2609064189999799, "mean": 0.26002341366663967, "std": 0.0004355060519621873, "repeat": 6, "number": 1}]}, "transform_coords.TransformCoords.time_tof_to_wavelength": {"result": [0.00136485074998897], "stats": [{"ci_99": [0.0013304266215423237, 0.0014410683333305012], "q_25": 0.001356225541665405, "q_75": 0.0013845759583356692, "min": 0.0013455504999910772, "max": 0.0014410683333305012, "mean": 0.0013768036388847173, "std": 3.194346081308795e-05, "repeat": 6, "number": 6}]}, "transform_coords.TransformCoords.time_wavelength_to_tof": {"result": [0.034668642000099226], "stats": [{"ci_99": [0.034152046374063036, 0.0354744579999533], "q_25": 0.03456826825006942, "q_75": 0.03494774600005712, "min": 0.03420924300007755, "max": 0.0354744579999533, "mean": 0.03476609600005531, "std": 0.00039743691859995086, "repeat": 6, "number": 1}]}}, "params": {"cpu": "2 Core CPU", "machine": "cloud-container", "os": "Ubuntu latest", "ram": "7GB", "python": "3.9", "appdirs": "", "cmake": "", "conan": "", "ess-dmsc::ess-streaming-data-types": "", "h5py": "", "ipykernel": "6.3.1", "ipympl": "", "ipywidgets": "", "mantid-framework": "", "matplotlib-base": "", "ninja": "", "numpy": "", "pip": "", "pooch": "", "python-configuration": "", "python-confluent-kafka": "", "pythreejs": "", "pyyaml": "", "scipp::scipp": "", "scipy": "", "tbb": ""}, "requirements": {"appdirs": "", "cmake": "", "conan": "", "ess-dmsc::ess-streaming-data-types": "", "h5py": "", "ipykernel": "6.3.1", "ipympl": "", "ipywidgets": "", "mantid-framework": "", "matplotlib-base": "", "ninja": "", "numpy": "", "pip": "", "pooch": "", "python-configuration": "", "python-confluent-kafka": "", "pythreejs": "", "pyyaml": "", "scipp::scipp": "", "scipy": "", "tbb": ""}, "commit_hash": "9b58501b5902732511dca809ebe04b0da1061622", "date": 1635165988000, "env_name": "conda-py3.9-appdirs-cmake-conan-ess-dmsc__ess-streaming-data-types-h5py-ipykernel6.3.1-ipympl-ipywidgets-mantid-framework-matplotlib-base-ninja-numpy-pip-pooch-python-configuration-python-confluent-kafka-pythreejs-pyyaml-scipp__scipp-scipy-tbb", "python": "3.9", "profiles": {}, "started_at": {"load_nexus.LoadNexus.time_load_event_nexus": 1635239435435, "transform_coords.TransformCoords.time_energy_to_tof": 1635239450533, "transform_coords.TransformCoords.time_tof_to_dspacing": 1635239469438, "transform_coords.TransformCoords.time_tof_to_energy": 1635239488441, "transform_coords.TransformCoords.time_tof_to_wavelength": 1635239508245, "transform_coords.TransformCoords.time_wavelength_to_tof": 1635239527156}, "ended_at": {"load_nexus.LoadNexus.time_load_event_nexus": 1635239450532, "transform_coords.TransformCoords.time_energy_to_tof": 1635239469437, "transform_coords.TransformCoords.time_tof_to_dspacing": 1635239488441, "transform_coords.TransformCoords.time_tof_to_energy": 1635239508245, "transform_coords.TransformCoords.time_tof_to_wavelength": 1635239527156, "transform_coords.TransformCoords.time_wavelength_to_tof": 1635239546111}, "benchmark_version": {"load_nexus.LoadNexus.time_load_event_nexus": "9bb61e37c240f4221eff71f827efb0f1cfb5371f7c6b0e72f79b9ca92578e5e9", "transform_coords.TransformCoords.time_energy_to_tof": "f1ea8beffb41e75997f96056160ef6dd12d9afb53546d00f7e0cb2b307a616bb", "transform_coords.TransformCoords.time_tof_to_dspacing": "76d3e8bdf45621127e026f90298e8f292d01ddb57cb7caf05a5ce555a659d8ac", "transform_coords.TransformCoords.time_tof_to_energy": "32774381c7e0285d159959187b4537339285cc2573292bc6b39f5edd04d4bc0b", "transform_coords.TransformCoords.time_tof_to_wavelength": "46879c3a68b31604accd5a00f4187eb567d166242d70d944aa010a5d6f8de380", "transform_coords.TransformCoords.time_wavelength_to_tof": "d4710ab73daad9eb187b2c50c320802720ae09b880a656f3ac5284d75fea178b"}, "version": 1}