{"results": {"load_nexus.LoadNexus.time_load_event_nexus": {"result": [5.280782638999995], "stats": [{"ci_99": [-3.1445985609985883, 13.70616383899857], "q_25": 5.196528827000009, "q_75": 5.36503645099998, "min": 5.112275015000023, "max": 5.449290262999966, "mean": 5.280782638999995, "std": 0.16850762399997166, "repeat": 2, "number": 1}]}, "transform_coords.TransformCoords.time_energy_to_tof": {"result": [0.001685384100005649], "stats": [{"ci_99": [0.0013572220677846355, 0.0020423911322123836], "q_25": 0.0015996917499990105, "q_75": 0.001785498950005149, "min": 0.001562947599995823, "max": 0.0018655105999869192, "mean": 0.0016998065999985102, "std": 0.00011978350148559745, "repeat": 4, "number": 5}]}, "transform_coords.TransformCoords.time_tof_to_dspacing": {"result": [0.043784530999971594], "stats": [{"ci_99": [0.04268855898941449, 0.04465039601053565], "q_25": 0.04349032699997224, "q_75": 0.04396368149997443, "min": 0.04310003299997334, "max": 0.04400881499998377, "mean": 0.04366947749997507, "std": 0.0003604695381336315, "repeat": 4, "number": 1}]}, "transform_coords.TransformCoords.time_tof_to_energy": {"result": [0.300355527000022], "stats": [{"ci_99": [0.27014329999557973, 0.3268871715044542], "q_25": 0.29411079574998666, "q_75": 0.30475996700005226, "min": 0.2821321790000866, "max": 0.31121770999993714, "mean": 0.2985152357500169, "std": 0.010567313781460677, "repeat": 4, "number": 1}]}, "transform_coords.TransformCoords.time_tof_to_wavelength": {"result": [0.0015212324166687572], "stats": [{"ci_99": [0.0009343033566370529, 0.0023525443933722252], "q_25": 0.0014627730416663098, "q_75": 0.0017018832500070857, "min": 0.0014038196666774638, "max": 0.002127411000003576, "mean": 0.0016434238750046386, "std": 0.0002848365229962664, "repeat": 4, "number": 6}]}, "transform_coords.TransformCoords.time_wavelength_to_tof": {"result": [0.0413427615000046], "stats": [{"ci_99": [0.036968344982770004, 0.04503767251719393], "q_25": 0.040056106250005996, "q_75": 0.042289663999980576, "min": 0.038932879999947545, "max": 0.04239363199997115, "mean": 0.04100300874998197, "std": 0.0014242995893485454, "repeat": 4, "number": 1}]}}, "params": {"cpu": "2 Core CPU", "machine": "cloud-container", "os": "Ubuntu latest", "ram": "7GB", "python": "3.9", "appdirs": "", "cmake": "", "conan": "", "ess-dmsc::ess-streaming-data-types": "", "h5py": "", "ipykernel": "6.3.1", "ipympl": "", "ipywidgets": "", "mantid-framework": "", "matplotlib-base": "", "ninja": "", "numpy": "", "pip": "", "pooch": "", "python-configuration": "", "python-confluent-kafka": "", "pythreejs": "", "pyyaml": "", "scipp::scipp": "", "scipy": "", "tbb": ""}, "requirements": {"appdirs": "", "cmake": "", "conan": "", "ess-dmsc::ess-streaming-data-types": "", "h5py": "", "ipykernel": "6.3.1", "ipympl": "", "ipywidgets": "", "mantid-framework": "", "matplotlib-base": "", "ninja": "", "numpy": "", "pip": "", "pooch": "", "python-configuration": "", "python-confluent-kafka": "", "pythreejs": "", "pyyaml": "", "scipp::scipp": "", "scipy": "", "tbb": ""}, "commit_hash": "9b58501b5902732511dca809ebe04b0da1061622", "date": 1635165988000, "env_name": "conda-py3.9-appdirs-cmake-conan-ess-dmsc__ess-streaming-data-types-h5py-ipykernel6.3.1-ipympl-ipywidgets-mantid-framework-matplotlib-base-ninja-numpy-pip-pooch-python-configuration-python-confluent-kafka-pythreejs-pyyaml-scipp__scipp-scipy-tbb", "python": "3.9", "profiles": {}, "started_at": {"load_nexus.LoadNexus.time_load_event_nexus": 1635203532456, "transform_coords.TransformCoords.time_energy_to_tof": 1635203543694, "transform_coords.TransformCoords.time_tof_to_dspacing": 1635203561415, "transform_coords.TransformCoords.time_tof_to_energy": 1635203578621, "transform_coords.TransformCoords.time_tof_to_wavelength": 1635203596980, "transform_coords.TransformCoords.time_wavelength_to_tof": 1635203614385}, "ended_at": {"load_nexus.LoadNexus.time_load_event_nexus": 1635203543694, "transform_coords.TransformCoords.time_energy_to_tof": 1635203561415, "transform_coords.TransformCoords.time_tof_to_dspacing": 1635203578620, "transform_coords.TransformCoords.time_tof_to_energy": 1635203596980, "transform_coords.TransformCoords.time_tof_to_wavelength": 1635203614385, "transform_coords.TransformCoords.time_wavelength_to_tof": 1635203632308}, "benchmark_version": {"load_nexus.LoadNexus.time_load_event_nexus": "9bb61e37c240f4221eff71f827efb0f1cfb5371f7c6b0e72f79b9ca92578e5e9", "transform_coords.TransformCoords.time_energy_to_tof": "f1ea8beffb41e75997f96056160ef6dd12d9afb53546d00f7e0cb2b307a616bb", "transform_coords.TransformCoords.time_tof_to_dspacing": "76d3e8bdf45621127e026f90298e8f292d01ddb57cb7caf05a5ce555a659d8ac", "transform_coords.TransformCoords.time_tof_to_energy": "32774381c7e0285d159959187b4537339285cc2573292bc6b39f5edd04d4bc0b", "transform_coords.TransformCoords.time_tof_to_wavelength": "46879c3a68b31604accd5a00f4187eb567d166242d70d944aa010a5d6f8de380", "transform_coords.TransformCoords.time_wavelength_to_tof": "d4710ab73daad9eb187b2c50c320802720ae09b880a656f3ac5284d75fea178b"}, "version": 1}