{"results": {"load_nexus.LoadNexus.time_load_event_nexus": {"result": [4.672425337999982], "stats": [{"ci_99": [4.397856952299211, 5.024629094200746], "q_25": 4.61287983524997, "q_75": 4.77078852599999, "min": 4.60926296699995, "max": 4.890858449999996, "mean": 4.711243023249978, "std": 0.11454512426606774, "repeat": 4, "number": 1}]}, "transform_coords.TransformCoords.time_energy_to_tof": {"result": [0.001358841499997728], "stats": [{"ci_99": [0.0013225180647398291, 0.0014146708241498502], "q_25": 0.0013459787083386725, "q_75": 0.0013952421666658665, "min": 0.0013380245000007562, "max": 0.001406792333331926, "mean": 0.0013685944444448395, "std": 2.770882462158085e-05, "repeat": 6, "number": 6}]}, "transform_coords.TransformCoords.time_tof_to_dspacing": {"result": [0.0366693185000031], "stats": [{"ci_99": [0.03628626200003282, 0.037112060497806215], "q_25": 0.03662984299997163, "q_75": 0.03688834700000143, "min": 0.03628626200003282, "max": 0.03707967599996209, "mean": 0.036713769333327186, "std": 0.00025480809781152286, "repeat": 6, "number": 1}]}, "transform_coords.TransformCoords.time_tof_to_energy": {"result": [0.25961988349996545], "stats": [{"ci_99": [0.2556645291931535, 0.27521042600005785], "q_25": 0.2592944510000166, "q_75": 0.2596833402499783, "min": 0.259061231999965, "max": 0.27521042600005785, "mean": 0.2620669818333283, "std": 0.005882710017419846, "repeat": 6, "number": 1}]}, "transform_coords.TransformCoords.time_tof_to_wavelength": {"result": [0.001353774500008361], "stats": [{"ci_99": [0.0013423245000012685, 0.0013636081666656235], "q_25": 0.0013505412083318902, "q_75": 0.001355508166670442, "min": 0.0013423245000012685, "max": 0.0013636081666656235, "mean": 0.0013531718611135251, "std": 6.431512808654323e-06, "repeat": 6, "number": 6}]}, "transform_coords.TransformCoords.time_wavelength_to_tof": {"result": [0.03450282950001338], "stats": [{"ci_99": [0.03418493837612954, 0.03472091862383685], "q_25": 0.03429724974998294, "q_75": 0.03458728199998973, "min": 0.03424232499992286, "max": 0.03462543099999493, "mean": 0.034452928499983194, "std": 0.0001575993904940235, "repeat": 6, "number": 1}]}}, "params": {"cpu": "2 Core CPU", "machine": "cloud-container", "os": "Ubuntu latest", "ram": "7GB", "python": "3.9", "appdirs": "", "cmake": "", "conan": "", "ess-dmsc::ess-streaming-data-types": "", "h5py": "", "ipykernel": "6.3.1", "ipympl": "", "ipywidgets": "", "mantid-framework": "", "matplotlib-base": "", "ninja": "", "numpy": "", "pip": "", "pooch": "", "python-configuration": "", "python-confluent-kafka": "", "pythreejs": "", "pyyaml": "", "scipp::scipp": "", "scipy": "", "tbb": ""}, "requirements": {"appdirs": "", "cmake": "", "conan": "", "ess-dmsc::ess-streaming-data-types": "", "h5py": "", "ipykernel": "6.3.1", "ipympl": "", "ipywidgets": "", "mantid-framework": "", "matplotlib-base": "", "ninja": "", "numpy": "", "pip": "", "pooch": "", "python-configuration": "", "python-confluent-kafka": "", "pythreejs": "", "pyyaml": "", "scipp::scipp": "", "scipy": "", "tbb": ""}, "commit_hash": "9b58501b5902732511dca809ebe04b0da1061622", "date": 1635165988000, "env_name": "conda-py3.9-appdirs-cmake-conan-ess-dmsc__ess-streaming-data-types-h5py-ipykernel6.3.1-ipympl-ipywidgets-mantid-framework-matplotlib-base-ninja-numpy-pip-pooch-python-configuration-python-confluent-kafka-pythreejs-pyyaml-scipp__scipp-scipy-tbb", "python": "3.9", "profiles": {}, "started_at": {"load_nexus.LoadNexus.time_load_event_nexus": 1635215140945, "transform_coords.TransformCoords.time_energy_to_tof": 1635215155690, "transform_coords.TransformCoords.time_tof_to_dspacing": 1635215174494, "transform_coords.TransformCoords.time_tof_to_energy": 1635215193399, "transform_coords.TransformCoords.time_tof_to_wavelength": 1635215213153, "transform_coords.TransformCoords.time_wavelength_to_tof": 1635215231955}, "ended_at": {"load_nexus.LoadNexus.time_load_event_nexus": 1635215155690, "transform_coords.TransformCoords.time_energy_to_tof": 1635215174494, "transform_coords.TransformCoords.time_tof_to_dspacing": 1635215193399, "transform_coords.TransformCoords.time_tof_to_energy": 1635215213153, "transform_coords.TransformCoords.time_tof_to_wavelength": 1635215231955, "transform_coords.TransformCoords.time_wavelength_to_tof": 1635215250808}, "benchmark_version": {"load_nexus.LoadNexus.time_load_event_nexus": "9bb61e37c240f4221eff71f827efb0f1cfb5371f7c6b0e72f79b9ca92578e5e9", "transform_coords.TransformCoords.time_energy_to_tof": "f1ea8beffb41e75997f96056160ef6dd12d9afb53546d00f7e0cb2b307a616bb", "transform_coords.TransformCoords.time_tof_to_dspacing": "76d3e8bdf45621127e026f90298e8f292d01ddb57cb7caf05a5ce555a659d8ac", "transform_coords.TransformCoords.time_tof_to_energy": "32774381c7e0285d159959187b4537339285cc2573292bc6b39f5edd04d4bc0b", "transform_coords.TransformCoords.time_tof_to_wavelength": "46879c3a68b31604accd5a00f4187eb567d166242d70d944aa010a5d6f8de380", "transform_coords.TransformCoords.time_wavelength_to_tof": "d4710ab73daad9eb187b2c50c320802720ae09b880a656f3ac5284d75fea178b"}, "version": 1}