{"results": {"load_nexus.LoadNexus.time_load_event_nexus": {"result": [5.361686937000002], "stats": [{"ci_99": [5.143192136999289, 5.580181737000714], "q_25": 5.359501988999995, "q_75": 5.363871885000009, "min": 5.3573170409999875, "max": 5.366056833000016, "mean": 5.361686937000002, "std": 0.004369896000014251, "repeat": 2, "number": 1}]}, "transform_coords.TransformCoords.time_energy_to_tof": {"result": [0.0015948600999990958], "stats": [{"ci_99": [0.0014395949635515244, 0.0018180189364384951], "q_25": 0.0015787090999992868, "q_75": 0.0016449579499948188, "min": 0.00156724819998999, "max": 0.0017582593999918572, "mean": 0.0016288069499950097, "std": 7.608594825339744e-05, "repeat": 4, "number": 5}]}, "transform_coords.TransformCoords.time_tof_to_dspacing": {"result": [0.03695868950001113], "stats": [{"ci_99": [0.03587791759754691, 0.03788290240247125], "q_25": 0.036738127249975605, "q_75": 0.037100972250044606, "min": 0.036285250999981145, "max": 0.037319010000032904, "mean": 0.03688041000000908, "std": 0.00037700426058971757, "repeat": 4, "number": 1}]}, "transform_coords.TransformCoords.time_tof_to_energy": {"result": [0.29376237850001985], "stats": [{"ci_99": [0.2860365840264691, 0.3011185944735147], "q_25": 0.2912592759999768, "q_75": 0.29608069175003493, "min": 0.29053344399994785, "max": 0.29625215599998, "mean": 0.2935775892499919, "std": 0.0025842841011538362, "repeat": 4, "number": 1}]}, "transform_coords.TransformCoords.time_tof_to_wavelength": {"result": [0.0015308949166599937], "stats": [{"ci_99": [0.0014179207711674442, 0.0016271514788313193], "q_25": 0.0015033309166672855, "q_75": 0.0015501001249920894, "min": 0.00146336616667971, "max": 0.0015649884999978287, "mean": 0.0015225361249993814, "std": 3.823846156504564e-05, "repeat": 4, "number": 6}]}, "transform_coords.TransformCoords.time_wavelength_to_tof": {"result": [0.03431648899999118], "stats": [{"ci_99": [0.031590513559746236, 0.03854349794024177], "q_25": 0.03416525525000225, "q_75": 0.03521823949998293, "min": 0.03406542499999432, "max": 0.037569619999999304, "mean": 0.035067005749993996, "std": 0.00145091527792465, "repeat": 4, "number": 1}]}}, "params": {"cpu": "2 Core CPU", "machine": "cloud-container", "os": "Ubuntu latest", "ram": "7GB", "python": "3.9", "appdirs": "", "cmake": "", "conan": "", "ess-dmsc::ess-streaming-data-types": "", "h5py": "", "ipykernel": "6.3.1", "ipympl": "", "ipywidgets": "", "mantid-framework": "", "matplotlib-base": "", "ninja": "", "numpy": "", "pip": "", "pooch": "", "python-configuration": "", "python-confluent-kafka": "", "pythreejs": "", "pyyaml": "", "scipp::scipp": "", "scipy": "", "tbb": ""}, "requirements": {"appdirs": "", "cmake": "", "conan": "", "ess-dmsc::ess-streaming-data-types": "", "h5py": "", "ipykernel": "6.3.1", "ipympl": "", "ipywidgets": "", "mantid-framework": "", "matplotlib-base": "", "ninja": "", "numpy": "", "pip": "", "pooch": "", "python-configuration": "", "python-confluent-kafka": "", "pythreejs": "", "pyyaml": "", "scipp::scipp": "", "scipy": "", "tbb": ""}, "commit_hash": "9b58501b5902732511dca809ebe04b0da1061622", "date": 1635165988000, "env_name": "conda-py3.9-appdirs-cmake-conan-ess-dmsc__ess-streaming-data-types-h5py-ipykernel6.3.1-ipympl-ipywidgets-mantid-framework-matplotlib-base-ninja-numpy-pip-pooch-python-configuration-python-confluent-kafka-pythreejs-pyyaml-scipp__scipp-scipy-tbb", "python": "3.9", "profiles": {}, "started_at": {"load_nexus.LoadNexus.time_load_event_nexus": 1635307981212, "transform_coords.TransformCoords.time_energy_to_tof": 1635307992514, "transform_coords.TransformCoords.time_tof_to_dspacing": 1635308009021, "transform_coords.TransformCoords.time_tof_to_energy": 1635308025580, "transform_coords.TransformCoords.time_tof_to_wavelength": 1635308043040, "transform_coords.TransformCoords.time_wavelength_to_tof": 1635308059797}, "ended_at": {"load_nexus.LoadNexus.time_load_event_nexus": 1635307992513, "transform_coords.TransformCoords.time_energy_to_tof": 1635308009021, "transform_coords.TransformCoords.time_tof_to_dspacing": 1635308025580, "transform_coords.TransformCoords.time_tof_to_energy": 1635308043039, "transform_coords.TransformCoords.time_tof_to_wavelength": 1635308059797, "transform_coords.TransformCoords.time_wavelength_to_tof": 1635308076354}, "benchmark_version": {"load_nexus.LoadNexus.time_load_event_nexus": "9bb61e37c240f4221eff71f827efb0f1cfb5371f7c6b0e72f79b9ca92578e5e9", "transform_coords.TransformCoords.time_energy_to_tof": "f1ea8beffb41e75997f96056160ef6dd12d9afb53546d00f7e0cb2b307a616bb", "transform_coords.TransformCoords.time_tof_to_dspacing": "76d3e8bdf45621127e026f90298e8f292d01ddb57cb7caf05a5ce555a659d8ac", "transform_coords.TransformCoords.time_tof_to_energy": "32774381c7e0285d159959187b4537339285cc2573292bc6b39f5edd04d4bc0b", "transform_coords.TransformCoords.time_tof_to_wavelength": "46879c3a68b31604accd5a00f4187eb567d166242d70d944aa010a5d6f8de380", "transform_coords.TransformCoords.time_wavelength_to_tof": "d4710ab73daad9eb187b2c50c320802720ae09b880a656f3ac5284d75fea178b"}, "version": 1}