{"results": {"load_nexus.LoadNexus.time_load_event_nexus": {"result": [4.8778305539999565], "stats": [{"ci_99": [4.436513981381556, 5.443217731285036], "q_25": 4.873427868999954, "q_75": 4.975286192499965, "min": 4.869025183999952, "max": 5.0727418309999734, "mean": 4.939865856333294, "std": 0.09402624498129689, "repeat": 3, "number": 1}]}, "transform_coords.TransformCoords.time_energy_to_tof": {"result": [0.0014478503333445285], "stats": [{"ci_99": [0.0013643974141094469, 0.0015635823333279102], "q_25": 0.0014158173333195616, "q_75": 0.0014571088333354965, "min": 0.0014142991666593236, "max": 0.0015635823333279102, "mean": 0.0014597315999973642, "std": 5.4636227967156054e-05, "repeat": 5, "number": 6}]}, "transform_coords.TransformCoords.time_tof_to_dspacing": {"result": [0.04274572949998401], "stats": [{"ci_99": [0.040949463200889345, 0.04468849913236688], "q_25": 0.04200479399995061, "q_75": 0.04355783174995054, "min": 0.04121746299995266, "max": 0.04461861699996916, "mean": 0.04281898116662811, "std": 0.0011452166254820619, "repeat": 6, "number": 1}]}, "transform_coords.TransformCoords.time_tof_to_energy": {"result": [0.2777223509999658], "stats": [{"ci_99": [0.27208346128342303, 0.28406430871651556], "q_25": 0.2769095269999582, "q_75": 0.2788867089999769, "min": 0.27528743599998506, "max": 0.28156340199996066, "mean": 0.2780738849999693, "std": 0.002254788539826674, "repeat": 4, "number": 1}]}, "transform_coords.TransformCoords.time_tof_to_wavelength": {"result": [0.0014140736666756009], "stats": [{"ci_99": [0.0012866118320848537, 0.0015811648345974982], "q_25": 0.0013829692083457228, "q_75": 0.0014972913750123478, "min": 0.0013007561666616614, "max": 0.0015767948333405002, "mean": 0.0014338883333411762, "std": 9.148245302074433e-05, "repeat": 6, "number": 6}]}, "transform_coords.TransformCoords.time_wavelength_to_tof": {"result": [0.03962608899996667], "stats": [{"ci_99": [0.03804633012164084, 0.041069973545034624], "q_25": 0.038900099750009076, "q_75": 0.04029879750004284, "min": 0.03817453099998147, "max": 0.04074106500002017, "mean": 0.03955815183333774, "std": 0.0009027834943416573, "repeat": 6, "number": 1}]}}, "params": {"cpu": "2 Core CPU", "machine": "cloud-container", "os": "Ubuntu latest", "ram": "7GB", "python": "3.9", "appdirs": "", "cmake": "", "conan": "", "ess-dmsc::ess-streaming-data-types": "", "h5py": "", "ipykernel": "6.3.1", "ipympl": "", "ipywidgets": "", "mantid-framework": "", "matplotlib-base": "", "ninja": "", "numpy": "", "pip": "", "pooch": "", "python-configuration": "", "python-confluent-kafka": "", "pythreejs": "", "pyyaml": "", "scipp::scipp": "", "scipy": "", "tbb": ""}, "requirements": {"appdirs": "", "cmake": "", "conan": "", "ess-dmsc::ess-streaming-data-types": "", "h5py": "", "ipykernel": "6.3.1", "ipympl": "", "ipywidgets": "", "mantid-framework": "", "matplotlib-base": "", "ninja": "", "numpy": "", "pip": "", "pooch": "", "python-configuration": "", "python-confluent-kafka": "", "pythreejs": "", "pyyaml": "", "scipp::scipp": "", "scipy": "", "tbb": ""}, "commit_hash": "9b58501b5902732511dca809ebe04b0da1061622", "date": 1635165988000, "env_name": "conda-py3.9-appdirs-cmake-conan-ess-dmsc__ess-streaming-data-types-h5py-ipykernel6.3.1-ipympl-ipywidgets-mantid-framework-matplotlib-base-ninja-numpy-pip-pooch-python-configuration-python-confluent-kafka-pythreejs-pyyaml-scipp__scipp-scipy-tbb", "python": "3.9", "profiles": {}, "started_at": {"load_nexus.LoadNexus.time_load_event_nexus": 1635236023472, "transform_coords.TransformCoords.time_energy_to_tof": 1635236038875, "transform_coords.TransformCoords.time_tof_to_dspacing": 1635236059186, "transform_coords.TransformCoords.time_tof_to_energy": 1635236080099, "transform_coords.TransformCoords.time_tof_to_wavelength": 1635236096808, "transform_coords.TransformCoords.time_wavelength_to_tof": 1635236117922}, "ended_at": {"load_nexus.LoadNexus.time_load_event_nexus": 1635236038874, "transform_coords.TransformCoords.time_energy_to_tof": 1635236059185, "transform_coords.TransformCoords.time_tof_to_dspacing": 1635236080099, "transform_coords.TransformCoords.time_tof_to_energy": 1635236096807, "transform_coords.TransformCoords.time_tof_to_wavelength": 1635236117922, "transform_coords.TransformCoords.time_wavelength_to_tof": 1635236138987}, "benchmark_version": {"load_nexus.LoadNexus.time_load_event_nexus": "9bb61e37c240f4221eff71f827efb0f1cfb5371f7c6b0e72f79b9ca92578e5e9", "transform_coords.TransformCoords.time_energy_to_tof": "f1ea8beffb41e75997f96056160ef6dd12d9afb53546d00f7e0cb2b307a616bb", "transform_coords.TransformCoords.time_tof_to_dspacing": "76d3e8bdf45621127e026f90298e8f292d01ddb57cb7caf05a5ce555a659d8ac", "transform_coords.TransformCoords.time_tof_to_energy": "32774381c7e0285d159959187b4537339285cc2573292bc6b39f5edd04d4bc0b", "transform_coords.TransformCoords.time_tof_to_wavelength": "46879c3a68b31604accd5a00f4187eb567d166242d70d944aa010a5d6f8de380", "transform_coords.TransformCoords.time_wavelength_to_tof": "d4710ab73daad9eb187b2c50c320802720ae09b880a656f3ac5284d75fea178b"}, "version": 1}