{"results": {"load_nexus.LoadNexus.time_load_event_nexus": {"result": [5.3630696605000026], "stats": [{"ci_99": [2.6727177355001572, 8.053421585499846], "q_25": 5.336166141250004, "q_75": 5.389973179750001, "min": 5.309262622000006, "max": 5.4168766989999995, "mean": 5.3630696605000026, "std": 0.053807038499996906, "repeat": 2, "number": 1}]}, "transform_coords.TransformCoords.time_energy_to_tof": {"result": [0.0016796144999830175], "stats": [{"ci_99": [0.0012057259469644764, 0.0022102248530143985], "q_25": 0.0015818604499884261, "q_75": 0.0018057294499840282, "min": 0.0014912317999915103, "max": 0.0019814408000002003, "mean": 0.0017079753999894364, "std": 0.0001819988416177235, "repeat": 4, "number": 5}]}, "transform_coords.TransformCoords.time_tof_to_dspacing": {"result": [0.04621289300001763], "stats": [{"ci_99": [0.04127836780178434, 0.05087820569827836], "q_25": 0.04534789175002629, "q_75": 0.046943288000022676, "min": 0.043427516000065225, "max": 0.04845984500002487, "mean": 0.04607828675003134, "std": 0.0017913529372247385, "repeat": 4, "number": 1}]}, "transform_coords.TransformCoords.time_tof_to_energy": {"result": [0.3050801060000481], "stats": [{"ci_99": [0.287017192682853, 0.32643874131720463], "q_25": 0.3015359937500648, "q_75": 0.3102720792500122, "min": 0.29877709400000185, "max": 0.3179745620000176, "mean": 0.3067279670000289, "std": 0.007226841501467501, "repeat": 4, "number": 1}]}, "transform_coords.TransformCoords.time_tof_to_wavelength": {"result": [0.0018280103000051897], "stats": [{"ci_99": [0.00140425091811103, 0.002321699781882035], "q_25": 0.0017747639499987146, "q_75": 0.001916221700003007, "min": 0.001656349599988971, "max": 0.002139531199986777, "mean": 0.0018629753499965315, "std": 0.00017464388331115844, "repeat": 4, "number": 5}]}, "transform_coords.TransformCoords.time_wavelength_to_tof": {"result": [0.04207144600002266], "stats": [{"ci_99": [0.03922865553532506, 0.04442097396470513], "q_25": 0.041301204500058475, "q_75": 0.04259505624997928, "min": 0.04038603200001489, "max": 0.04277033500000016, "mean": 0.041824814750015094, "std": 0.0009378899988016823, "repeat": 4, "number": 1}]}}, "params": {"cpu": "2 Core CPU", "machine": "cloud-container", "os": "Ubuntu latest", "ram": "7GB", "python": "3.9", "appdirs": "", "cmake": "", "conan": "", "ess-dmsc::ess-streaming-data-types": "", "h5py": "", "ipykernel": "6.3.1", "ipympl": "", "ipywidgets": "", "mantid-framework": "", "matplotlib-base": "", "ninja": "", "numpy": "", "pip": "", "pooch": "", "python-configuration": "", "python-confluent-kafka": "", "pythreejs": "", "pyyaml": "", "scipp::scipp": "", "scipy": "", "tbb": ""}, "requirements": {"appdirs": "", "cmake": "", "conan": "", "ess-dmsc::ess-streaming-data-types": "", "h5py": "", "ipykernel": "6.3.1", "ipympl": "", "ipywidgets": "", "mantid-framework": "", "matplotlib-base": "", "ninja": "", "numpy": "", "pip": "", "pooch": "", "python-configuration": "", "python-confluent-kafka": "", "pythreejs": "", "pyyaml": "", "scipp::scipp": "", "scipy": "", "tbb": ""}, "commit_hash": "9b58501b5902732511dca809ebe04b0da1061622", "date": 1635165988000, "env_name": "conda-py3.9-appdirs-cmake-conan-ess-dmsc__ess-streaming-data-types-h5py-ipykernel6.3.1-ipympl-ipywidgets-mantid-framework-matplotlib-base-ninja-numpy-pip-pooch-python-configuration-python-confluent-kafka-pythreejs-pyyaml-scipp__scipp-scipy-tbb", "python": "3.9", "profiles": {}, "started_at": {"load_nexus.LoadNexus.time_load_event_nexus": 1635185647228, "transform_coords.TransformCoords.time_energy_to_tof": 1635185658465, "transform_coords.TransformCoords.time_tof_to_dspacing": 1635185676074, "transform_coords.TransformCoords.time_tof_to_energy": 1635185693029, "transform_coords.TransformCoords.time_tof_to_wavelength": 1635185711386, "transform_coords.TransformCoords.time_wavelength_to_tof": 1635185728891}, "ended_at": {"load_nexus.LoadNexus.time_load_event_nexus": 1635185658465, "transform_coords.TransformCoords.time_energy_to_tof": 1635185676074, "transform_coords.TransformCoords.time_tof_to_dspacing": 1635185693029, "transform_coords.TransformCoords.time_tof_to_energy": 1635185711386, "transform_coords.TransformCoords.time_tof_to_wavelength": 1635185728891, "transform_coords.TransformCoords.time_wavelength_to_tof": 1635185747149}, "benchmark_version": {"load_nexus.LoadNexus.time_load_event_nexus": "9bb61e37c240f4221eff71f827efb0f1cfb5371f7c6b0e72f79b9ca92578e5e9", "transform_coords.TransformCoords.time_energy_to_tof": "f1ea8beffb41e75997f96056160ef6dd12d9afb53546d00f7e0cb2b307a616bb", "transform_coords.TransformCoords.time_tof_to_dspacing": "76d3e8bdf45621127e026f90298e8f292d01ddb57cb7caf05a5ce555a659d8ac", "transform_coords.TransformCoords.time_tof_to_energy": "32774381c7e0285d159959187b4537339285cc2573292bc6b39f5edd04d4bc0b", "transform_coords.TransformCoords.time_tof_to_wavelength": "46879c3a68b31604accd5a00f4187eb567d166242d70d944aa010a5d6f8de380", "transform_coords.TransformCoords.time_wavelength_to_tof": "d4710ab73daad9eb187b2c50c320802720ae09b880a656f3ac5284d75fea178b"}, "version": 1}