{"results": {"load_nexus.LoadNexus.time_load_event_nexus": {"result": [4.925958175000005], "stats": [{"ci_99": [4.287638475000904, 5.564277874999106], "q_25": 4.919574978000014, "q_75": 4.932341371999996, "min": 4.913191781000023, "max": 4.938724568999987, "mean": 4.925958175000005, "std": 0.012766393999982029, "repeat": 2, "number": 1}]}, "transform_coords.TransformCoords.time_energy_to_tof": {"result": [0.0015107341666672862], "stats": [{"ci_99": [0.001206975095619449, 0.0018418069043805484], "q_25": 0.0014769171666652408, "q_75": 0.0015496013333328544, "min": 0.0012690980000040024, "max": 0.0018156043333306116, "mean": 0.001524390999999999, "std": 0.00017496031333500174, "repeat": 5, "number": 6}]}, "transform_coords.TransformCoords.time_tof_to_dspacing": {"result": [0.041947097000047506], "stats": [{"ci_99": [0.040512330865191966, 0.043113212334867874], "q_25": 0.041601092999997036, "q_75": 0.042214791000105834, "min": 0.04062958100001879, "max": 0.04267129599998043, "mean": 0.04181277160002992, "std": 0.0006872372053525985, "repeat": 5, "number": 1}]}, "transform_coords.TransformCoords.time_tof_to_energy": {"result": [0.29437664549999454], "stats": [{"ci_99": [0.26690823536398106, 0.3258013516359921], "q_25": 0.29141304325000306, "q_75": 0.2993183957499781, "min": 0.282722691999993, "max": 0.31394319099996437, "mean": 0.2963547934999866, "std": 0.011214064677526371, "repeat": 4, "number": 1}]}, "transform_coords.TransformCoords.time_tof_to_wavelength": {"result": [0.0014542170000027], "stats": [{"ci_99": [0.001235683659836979, 0.001597595873490511], "q_25": 0.0013255986666536046, "q_75": 0.001469116999999187, "min": 0.001301498500007862, "max": 0.0015327676666553696, "mean": 0.0014166397666637448, "std": 8.8541053549859e-05, "repeat": 5, "number": 6}]}, "transform_coords.TransformCoords.time_wavelength_to_tof": {"result": [0.04074537499991493], "stats": [{"ci_99": [0.03635011643562831, 0.04302988916430439], "q_25": 0.038287346999936744, "q_75": 0.0411389789999248, "min": 0.03712323299998843, "max": 0.041155080000066846, "mean": 0.03969000279996635, "std": 0.001668265219331748, "repeat": 5, "number": 1}]}}, "params": {"cpu": "2 Core CPU", "machine": "cloud-container", "os": "Ubuntu latest", "ram": "7GB", "python": "3.9", "appdirs": "", "cmake": "", "conan": "", "ess-dmsc::ess-streaming-data-types": "", "h5py": "", "ipykernel": "6.3.1", "ipympl": "", "ipywidgets": "", "mantid-framework": "", "matplotlib-base": "", "ninja": "", "numpy": "", "pip": "", "pooch": "", "python-configuration": "", "python-confluent-kafka": "", "pythreejs": "", "pyyaml": "", "scipp::scipp": "", "scipy": "", "tbb": ""}, "requirements": {"appdirs": "", "cmake": "", "conan": "", "ess-dmsc::ess-streaming-data-types": "", "h5py": "", "ipykernel": "6.3.1", "ipympl": "", "ipywidgets": "", "mantid-framework": "", "matplotlib-base": "", "ninja": "", "numpy": "", "pip": "", "pooch": "", "python-configuration": "", "python-confluent-kafka": "", "pythreejs": "", "pyyaml": "", "scipp::scipp": "", "scipy": "", "tbb": ""}, "commit_hash": "9b58501b5902732511dca809ebe04b0da1061622", "date": 1635165988000, "env_name": "conda-py3.9-appdirs-cmake-conan-ess-dmsc__ess-streaming-data-types-h5py-ipykernel6.3.1-ipympl-ipywidgets-mantid-framework-matplotlib-base-ninja-numpy-pip-pooch-python-configuration-python-confluent-kafka-pythreejs-pyyaml-scipp__scipp-scipy-tbb", "python": "3.9", "profiles": {}, "started_at": {"load_nexus.LoadNexus.time_load_event_nexus": 1635289839774, "transform_coords.TransformCoords.time_energy_to_tof": 1635289850360, "transform_coords.TransformCoords.time_tof_to_dspacing": 1635289871068, "transform_coords.TransformCoords.time_tof_to_energy": 1635289887468, "transform_coords.TransformCoords.time_tof_to_wavelength": 1635289904617, "transform_coords.TransformCoords.time_wavelength_to_tof": 1635289925579}, "ended_at": {"load_nexus.LoadNexus.time_load_event_nexus": 1635289850360, "transform_coords.TransformCoords.time_energy_to_tof": 1635289871068, "transform_coords.TransformCoords.time_tof_to_dspacing": 1635289887468, "transform_coords.TransformCoords.time_tof_to_energy": 1635289904617, "transform_coords.TransformCoords.time_tof_to_wavelength": 1635289925579, "transform_coords.TransformCoords.time_wavelength_to_tof": 1635289946185}, "benchmark_version": {"load_nexus.LoadNexus.time_load_event_nexus": "9bb61e37c240f4221eff71f827efb0f1cfb5371f7c6b0e72f79b9ca92578e5e9", "transform_coords.TransformCoords.time_energy_to_tof": "f1ea8beffb41e75997f96056160ef6dd12d9afb53546d00f7e0cb2b307a616bb", "transform_coords.TransformCoords.time_tof_to_dspacing": "76d3e8bdf45621127e026f90298e8f292d01ddb57cb7caf05a5ce555a659d8ac", "transform_coords.TransformCoords.time_tof_to_energy": "32774381c7e0285d159959187b4537339285cc2573292bc6b39f5edd04d4bc0b", "transform_coords.TransformCoords.time_tof_to_wavelength": "46879c3a68b31604accd5a00f4187eb567d166242d70d944aa010a5d6f8de380", "transform_coords.TransformCoords.time_wavelength_to_tof": "d4710ab73daad9eb187b2c50c320802720ae09b880a656f3ac5284d75fea178b"}, "version": 1}