{"results": {"load_nexus.LoadNexus.time_load_event_nexus": {"result": [4.519667644999913], "stats": [{"ci_99": [1.8947574117124444, 7.829632698287461], "q_25": 4.472343325499935, "q_75": 5.080783079499952, "min": 4.425019005999957, "max": 5.64189851399999, "mean": 4.862195054999954, "std": 0.5526859893276367, "repeat": 3, "number": 1}]}, "transform_coords.TransformCoords.time_energy_to_tof": {"result": [0.001379260333337129], "stats": [{"ci_99": [0.0009986261946220685, 0.002751871666665314], "q_25": 0.0013413016666656101, "q_75": 0.001441107250007197, "min": 0.0012673080000051111, "max": 0.002751871666665314, "mean": 0.0015946786666695013, "std": 0.0005207993163421296, "repeat": 6, "number": 6}]}, "transform_coords.TransformCoords.time_tof_to_dspacing": {"result": [0.037773946500010425], "stats": [{"ci_99": [0.035823584858269426, 0.04155961999998681], "q_25": 0.03726820600007841, "q_75": 0.03909899150002616, "min": 0.036573716000020795, "max": 0.04155961999998681, "mean": 0.038386921333360156, "std": 0.0016747193039646222, "repeat": 6, "number": 1}]}, "transform_coords.TransformCoords.time_tof_to_energy": {"result": [0.2470067179999944], "stats": [{"ci_99": [0.23070489389593965, 0.3058522310000171], "q_25": 0.24427842324995197, "q_75": 0.248401806749996, "min": 0.2433254809999994, "max": 0.3058522310000171, "mean": 0.25590449599998993, "std": 0.02242213197449879, "repeat": 6, "number": 1}]}, "transform_coords.TransformCoords.time_tof_to_wavelength": {"result": [0.001328319285724839], "stats": [{"ci_99": [0.0012181013442020582, 0.0014205508462886893], "q_25": 0.0012668001071501423, "q_75": 0.0013510302500025417, "min": 0.0012358100000093536, "max": 0.00141861371429286, "mean": 0.001319326095245374, "std": 6.245670581651184e-05, "repeat": 6, "number": 7}]}, "transform_coords.TransformCoords.time_wavelength_to_tof": {"result": [0.034796381000035126], "stats": [{"ci_99": [0.033232047579406135, 0.03722752999999557], "q_25": 0.03422069149993945, "q_75": 0.03611106124998287, "min": 0.03392817000008108, "max": 0.03722752999999557, "mean": 0.03522109083333665, "std": 0.0012244879655271552, "repeat": 6, "number": 1}]}}, "params": {"cpu": "2 Core CPU", "machine": "cloud-container", "os": "Ubuntu latest", "ram": "7GB", "python": "3.9", "appdirs": "", "cmake": "", "conan": "", "ess-dmsc::ess-streaming-data-types": "", "h5py": "", "ipykernel": "6.3.1", "ipympl": "", "ipywidgets": "", "mantid-framework": "", "matplotlib-base": "", "ninja": "", "numpy": "", "pip": "", "pooch": "", "python-configuration": "", "python-confluent-kafka": "", "pythreejs": "", "pyyaml": "", "scipp::scipp": "", "scipy": "", "tbb": ""}, "requirements": {"appdirs": "", "cmake": "", "conan": "", "ess-dmsc::ess-streaming-data-types": "", "h5py": "", "ipykernel": "6.3.1", "ipympl": "", "ipywidgets": "", "mantid-framework": "", "matplotlib-base": "", "ninja": "", "numpy": "", "pip": "", "pooch": "", "python-configuration": "", "python-confluent-kafka": "", "pythreejs": "", "pyyaml": "", "scipp::scipp": "", "scipy": "", "tbb": ""}, "commit_hash": "9b58501b5902732511dca809ebe04b0da1061622", "date": 1635165988000, "env_name": "conda-py3.9-appdirs-cmake-conan-ess-dmsc__ess-streaming-data-types-h5py-ipykernel6.3.1-ipympl-ipywidgets-mantid-framework-matplotlib-base-ninja-numpy-pip-pooch-python-configuration-python-confluent-kafka-pythreejs-pyyaml-scipp__scipp-scipy-tbb", "python": "3.9", "profiles": {}, "started_at": {"load_nexus.LoadNexus.time_load_event_nexus": 1635243079511, "transform_coords.TransformCoords.time_energy_to_tof": 1635243093658, "transform_coords.TransformCoords.time_tof_to_dspacing": 1635243112269, "transform_coords.TransformCoords.time_tof_to_energy": 1635243130629, "transform_coords.TransformCoords.time_tof_to_wavelength": 1635243150592, "transform_coords.TransformCoords.time_wavelength_to_tof": 1635243169104}, "ended_at": {"load_nexus.LoadNexus.time_load_event_nexus": 1635243093657, "transform_coords.TransformCoords.time_energy_to_tof": 1635243112268, "transform_coords.TransformCoords.time_tof_to_dspacing": 1635243130629, "transform_coords.TransformCoords.time_tof_to_energy": 1635243150592, "transform_coords.TransformCoords.time_tof_to_wavelength": 1635243169103, "transform_coords.TransformCoords.time_wavelength_to_tof": 1635243187511}, "benchmark_version": {"load_nexus.LoadNexus.time_load_event_nexus": "9bb61e37c240f4221eff71f827efb0f1cfb5371f7c6b0e72f79b9ca92578e5e9", "transform_coords.TransformCoords.time_energy_to_tof": "f1ea8beffb41e75997f96056160ef6dd12d9afb53546d00f7e0cb2b307a616bb", "transform_coords.TransformCoords.time_tof_to_dspacing": "76d3e8bdf45621127e026f90298e8f292d01ddb57cb7caf05a5ce555a659d8ac", "transform_coords.TransformCoords.time_tof_to_energy": "32774381c7e0285d159959187b4537339285cc2573292bc6b39f5edd04d4bc0b", "transform_coords.TransformCoords.time_tof_to_wavelength": "46879c3a68b31604accd5a00f4187eb567d166242d70d944aa010a5d6f8de380", "transform_coords.TransformCoords.time_wavelength_to_tof": "d4710ab73daad9eb187b2c50c320802720ae09b880a656f3ac5284d75fea178b"}, "version": 1}