{"results": {"load_nexus.LoadNexus.time_load_event_nexus": {"result": [4.915175152500012], "stats": [{"ci_99": [4.637400977499112, 5.192949327500912], "q_25": 4.912397410750003, "q_75": 4.917952894250021, "min": 4.909619668999994, "max": 4.92073063600003, "mean": 4.915175152500012, "std": 0.005555483500017999, "repeat": 2, "number": 1}]}, "transform_coords.TransformCoords.time_energy_to_tof": {"result": [0.0014338855833386788], "stats": [{"ci_99": [0.0013366140672729588, 0.0016591868333364346], "q_25": 0.0014185337500052242, "q_75": 0.001472038291666422, "min": 0.0013660129999948367, "max": 0.0016591868333364346, "mean": 0.0014651905555575061, "std": 9.34361378466894e-05, "repeat": 6, "number": 6}]}, "transform_coords.TransformCoords.time_tof_to_dspacing": {"result": [0.03753605999997944], "stats": [{"ci_99": [0.035379947000024004, 0.03894752749026567], "q_25": 0.03687547424993909, "q_75": 0.0378991740000032, "min": 0.035379947000024004, "max": 0.03874999499998921, "mean": 0.03731292549998481, "std": 0.0010600514785751207, "repeat": 6, "number": 1}]}, "transform_coords.TransformCoords.time_tof_to_energy": {"result": [0.2735784630000353], "stats": [{"ci_99": [0.25695475242866467, 0.2958360895713996], "q_25": 0.2721713787500306, "q_75": 0.2778025052500368, "min": 0.2690394770000353, "max": 0.2893852810000226, "mean": 0.2763954210000321, "std": 0.007729498489703604, "repeat": 4, "number": 1}]}, "transform_coords.TransformCoords.time_tof_to_wavelength": {"result": [0.0014972403333312436], "stats": [{"ci_99": [0.0013113580711097475, 0.0016403965400066359], "q_25": 0.001397690250006652, "q_75": 0.0015494611666611036, "min": 0.0013247591666830278, "max": 0.0016046490000007907, "mean": 0.0014758773055581918, "std": 9.992763327211123e-05, "repeat": 6, "number": 6}]}, "transform_coords.TransformCoords.time_wavelength_to_tof": {"result": [0.03491618250001238], "stats": [{"ci_99": [0.03373685466053687, 0.03807154100002208], "q_25": 0.03474506849994441, "q_75": 0.035700245250012586, "min": 0.03436773600003562, "max": 0.03807154100002208, "mean": 0.035486878666669476, "std": 0.0012510694026517347, "repeat": 6, "number": 1}]}}, "params": {"cpu": "2 Core CPU", "machine": "cloud-container", "os": "Ubuntu latest", "ram": "7GB", "python": "3.9", "appdirs": "", "cmake": "", "conan": "", "ess-dmsc::ess-streaming-data-types": "", "h5py": "", "ipykernel": "6.3.1", "ipympl": "", "ipywidgets": "", "mantid-framework": "", "matplotlib-base": "", "ninja": "", "numpy": "", "pip": "", "pooch": "", "python-configuration": "", "python-confluent-kafka": "", "pythreejs": "", "pyyaml": "", "scipp::scipp": "", "scipy": "", "tbb": ""}, "requirements": {"appdirs": "", "cmake": "", "conan": "", "ess-dmsc::ess-streaming-data-types": "", "h5py": "", "ipykernel": "6.3.1", "ipympl": "", "ipywidgets": "", "mantid-framework": "", "matplotlib-base": "", "ninja": "", "numpy": "", "pip": "", "pooch": "", "python-configuration": "", "python-confluent-kafka": "", "pythreejs": "", "pyyaml": "", "scipp::scipp": "", "scipy": "", "tbb": ""}, "commit_hash": "9b58501b5902732511dca809ebe04b0da1061622", "date": 1635165988000, "env_name": "conda-py3.9-appdirs-cmake-conan-ess-dmsc__ess-streaming-data-types-h5py-ipykernel6.3.1-ipympl-ipywidgets-mantid-framework-matplotlib-base-ninja-numpy-pip-pooch-python-configuration-python-confluent-kafka-pythreejs-pyyaml-scipp__scipp-scipy-tbb", "python": "3.9", "profiles": {}, "started_at": {"load_nexus.LoadNexus.time_load_event_nexus": 1635268738949, "transform_coords.TransformCoords.time_energy_to_tof": 1635268749584, "transform_coords.TransformCoords.time_tof_to_dspacing": 1635268769191, "transform_coords.TransformCoords.time_tof_to_energy": 1635268788417, "transform_coords.TransformCoords.time_tof_to_wavelength": 1635268804513, "transform_coords.TransformCoords.time_wavelength_to_tof": 1635268824374}, "ended_at": {"load_nexus.LoadNexus.time_load_event_nexus": 1635268749583, "transform_coords.TransformCoords.time_energy_to_tof": 1635268769191, "transform_coords.TransformCoords.time_tof_to_dspacing": 1635268788416, "transform_coords.TransformCoords.time_tof_to_energy": 1635268804513, "transform_coords.TransformCoords.time_tof_to_wavelength": 1635268824374, "transform_coords.TransformCoords.time_wavelength_to_tof": 1635268843981}, "benchmark_version": {"load_nexus.LoadNexus.time_load_event_nexus": "9bb61e37c240f4221eff71f827efb0f1cfb5371f7c6b0e72f79b9ca92578e5e9", "transform_coords.TransformCoords.time_energy_to_tof": "f1ea8beffb41e75997f96056160ef6dd12d9afb53546d00f7e0cb2b307a616bb", "transform_coords.TransformCoords.time_tof_to_dspacing": "76d3e8bdf45621127e026f90298e8f292d01ddb57cb7caf05a5ce555a659d8ac", "transform_coords.TransformCoords.time_tof_to_energy": "32774381c7e0285d159959187b4537339285cc2573292bc6b39f5edd04d4bc0b", "transform_coords.TransformCoords.time_tof_to_wavelength": "46879c3a68b31604accd5a00f4187eb567d166242d70d944aa010a5d6f8de380", "transform_coords.TransformCoords.time_wavelength_to_tof": "d4710ab73daad9eb187b2c50c320802720ae09b880a656f3ac5284d75fea178b"}, "version": 1}