{"results": {"load_nexus.LoadNexus.time_load_event_nexus": {"result": [4.9874148430000105], "stats": [{"ci_99": [1.4364164430013489, 8.538413242998669], "q_25": 4.951904859000024, "q_75": 5.022924826999997, "min": 4.916394875000037, "max": 5.058434810999984, "mean": 4.9874148430000105, "std": 0.07101996799997323, "repeat": 2, "number": 1}]}, "transform_coords.TransformCoords.time_energy_to_tof": {"result": [0.0013918834166683307], "stats": [{"ci_99": [0.0012668795845297526, 0.0017740109999901204], "q_25": 0.001359637499997272, "q_75": 0.0014127044583413333, "min": 0.001347608333333028, "max": 0.0017740109999901204, "mean": 0.0014456533055553994, "std": 0.00014890604336853828, "repeat": 6, "number": 6}]}, "transform_coords.TransformCoords.time_tof_to_dspacing": {"result": [0.037015925999980936], "stats": [{"ci_99": [0.036446601299135635, 0.03761338503418407], "q_25": 0.03671624824997366, "q_75": 0.03727892724998583, "min": 0.03659882600004494, "max": 0.037566330999993625, "mean": 0.03702999316665986, "std": 0.0003495506732807977, "repeat": 6, "number": 1}]}, "transform_coords.TransformCoords.time_tof_to_energy": {"result": [0.2615920564999783], "stats": [{"ci_99": [0.2591898899690022, 0.2656082940310171], "q_25": 0.2608429037500457, "q_75": 0.26423100300004876, "min": 0.26034448599989446, "max": 0.2651621150000665, "mean": 0.26239909200000966, "std": 0.001951061588127243, "repeat": 6, "number": 1}]}, "transform_coords.TransformCoords.time_tof_to_wavelength": {"result": [0.0013602916666665503], "stats": [{"ci_99": [0.0013304246666621111, 0.001375016043631759], "q_25": 0.0013500957083418068, "q_75": 0.0013651250000018915, "min": 0.0013304246666621111, "max": 0.001367391833336266, "mean": 0.001355305500002007, "std": 1.2997982727390046e-05, "repeat": 6, "number": 6}]}, "transform_coords.TransformCoords.time_wavelength_to_tof": {"result": [0.03587041800000179], "stats": [{"ci_99": [0.03501823070343886, 0.03675437496323694], "q_25": 0.03556876725002667, "q_75": 0.03631337249998978, "min": 0.03505011499999, "max": 0.03659762500001307, "mean": 0.0358863028333379, "std": 0.0005308177018669824, "repeat": 6, "number": 1}]}}, "params": {"cpu": "2 Core CPU", "machine": "cloud-container", "os": "Ubuntu latest", "ram": "7GB", "python": "3.9", "appdirs": "", "cmake": "", "conan": "", "ess-dmsc::ess-streaming-data-types": "", "h5py": "", "ipykernel": "6.3.1", "ipympl": "", "ipywidgets": "", "mantid-framework": "", "matplotlib-base": "", "ninja": "", "numpy": "", "pip": "", "pooch": "", "python-configuration": "", "python-confluent-kafka": "", "pythreejs": "", "pyyaml": "", "scipp::scipp": "", "scipy": "", "tbb": ""}, "requirements": {"appdirs": "", "cmake": "", "conan": "", "ess-dmsc::ess-streaming-data-types": "", "h5py": "", "ipykernel": "6.3.1", "ipympl": "", "ipywidgets": "", "mantid-framework": "", "matplotlib-base": "", "ninja": "", "numpy": "", "pip": "", "pooch": "", "python-configuration": "", "python-confluent-kafka": "", "pythreejs": "", "pyyaml": "", "scipp::scipp": "", "scipy": "", "tbb": ""}, "commit_hash": "9b58501b5902732511dca809ebe04b0da1061622", "date": 1635165988000, "env_name": "conda-py3.9-appdirs-cmake-conan-ess-dmsc__ess-streaming-data-types-h5py-ipykernel6.3.1-ipympl-ipywidgets-mantid-framework-matplotlib-base-ninja-numpy-pip-pooch-python-configuration-python-confluent-kafka-pythreejs-pyyaml-scipp__scipp-scipy-tbb", "python": "3.9", "profiles": {}, "started_at": {"load_nexus.LoadNexus.time_load_event_nexus": 1635225039881, "transform_coords.TransformCoords.time_energy_to_tof": 1635225050268, "transform_coords.TransformCoords.time_tof_to_dspacing": 1635225069175, "transform_coords.TransformCoords.time_tof_to_energy": 1635225088284, "transform_coords.TransformCoords.time_tof_to_wavelength": 1635225108156, "transform_coords.TransformCoords.time_wavelength_to_tof": 1635225127165}, "ended_at": {"load_nexus.LoadNexus.time_load_event_nexus": 1635225050267, "transform_coords.TransformCoords.time_energy_to_tof": 1635225069175, "transform_coords.TransformCoords.time_tof_to_dspacing": 1635225088284, "transform_coords.TransformCoords.time_tof_to_energy": 1635225108156, "transform_coords.TransformCoords.time_tof_to_wavelength": 1635225127164, "transform_coords.TransformCoords.time_wavelength_to_tof": 1635225146172}, "benchmark_version": {"load_nexus.LoadNexus.time_load_event_nexus": "9bb61e37c240f4221eff71f827efb0f1cfb5371f7c6b0e72f79b9ca92578e5e9", "transform_coords.TransformCoords.time_energy_to_tof": "f1ea8beffb41e75997f96056160ef6dd12d9afb53546d00f7e0cb2b307a616bb", "transform_coords.TransformCoords.time_tof_to_dspacing": "76d3e8bdf45621127e026f90298e8f292d01ddb57cb7caf05a5ce555a659d8ac", "transform_coords.TransformCoords.time_tof_to_energy": "32774381c7e0285d159959187b4537339285cc2573292bc6b39f5edd04d4bc0b", "transform_coords.TransformCoords.time_tof_to_wavelength": "46879c3a68b31604accd5a00f4187eb567d166242d70d944aa010a5d6f8de380", "transform_coords.TransformCoords.time_wavelength_to_tof": "d4710ab73daad9eb187b2c50c320802720ae09b880a656f3ac5284d75fea178b"}, "version": 1}