{"results": {"load_nexus.LoadNexus.time_load_event_nexus": {"result": [5.777143410999997], "stats": [{"ci_99": [1.623631010999361, 9.93065581100063], "q_25": 5.735608286999991, "q_75": 5.818678535000004, "min": 5.694073162999985, "max": 5.86021365900001, "mean": 5.777143410999997, "std": 0.08307024800001273, "repeat": 2, "number": 1}]}, "transform_coords.TransformCoords.time_energy_to_tof": {"result": [0.0016328750999946352], "stats": [{"ci_99": [0.0015369492191652724, 0.0017274609808182863], "q_25": 0.0016149542499817927, "q_75": 0.0016501259500046215, "min": 0.0015824025999791047, "max": 0.001680667599998742, "mean": 0.0016322050999917793, "std": 3.510619247000029e-05, "repeat": 4, "number": 5}]}, "transform_coords.TransformCoords.time_tof_to_dspacing": {"result": [0.03967807100002574], "stats": [{"ci_99": [0.032571705283457174, 0.04970758971663447], "q_25": 0.038986184750029906, "q_75": 0.04183153375004167, "min": 0.038215595000110625, "max": 0.046986853000021256, "mean": 0.04113964750004584, "std": 0.0034420486971148342, "repeat": 4, "number": 1}]}, "transform_coords.TransformCoords.time_tof_to_energy": {"result": [0.3187236434999363], "stats": [{"ci_99": [0.3082841002206665, 0.32728613077925084], "q_25": 0.316119687249909, "q_75": 0.320389071749986, "min": 0.31226130099992133, "max": 0.3214318740000408, "mean": 0.3177851154999587, "std": 0.0035016561239614233, "repeat": 4, "number": 1}]}, "transform_coords.TransformCoords.time_tof_to_wavelength": {"result": [0.0017336605000082272], "stats": [{"ci_99": [0.0015754332649952777, 0.001936200035017994], "q_25": 0.0017071791000034863, "q_75": 0.0017822980500113773, "min": 0.0016890282000076695, "max": 0.0018669174000024214, "mean": 0.0017558166500066363, "std": 6.822888567776087e-05, "repeat": 4, "number": 5}]}, "transform_coords.TransformCoords.time_wavelength_to_tof": {"result": [0.03614949100006015], "stats": [{"ci_99": [0.03418451596442616, 0.039177718035631755], "q_25": 0.036014361000070494, "q_75": 0.03681624700001862, "min": 0.035962377000032575, "max": 0.03846310899996297, "mean": 0.03668111700002896, "std": 0.0010350229110394676, "repeat": 4, "number": 1}]}}, "params": {"cpu": "2 Core CPU", "machine": "cloud-container", "os": "Ubuntu latest", "ram": "7GB", "python": "3.9", "appdirs": "", "cmake": "", "conan": "", "ess-dmsc::ess-streaming-data-types": "", "h5py": "", "ipykernel": "6.3.1", "ipympl": "", "ipywidgets": "", "mantid-framework": "", "matplotlib-base": "", "ninja": "", "numpy": "", "pip": "", "pooch": "", "python-configuration": "", "python-confluent-kafka": "", "pythreejs": "", "pyyaml": "", "scipp::scipp": "", "scipy": "", "tbb": ""}, "requirements": {"appdirs": "", "cmake": "", "conan": "", "ess-dmsc::ess-streaming-data-types": "", "h5py": "", "ipykernel": "6.3.1", "ipympl": "", "ipywidgets": "", "mantid-framework": "", "matplotlib-base": "", "ninja": "", "numpy": "", "pip": "", "pooch": "", "python-configuration": "", "python-confluent-kafka": "", "pythreejs": "", "pyyaml": "", "scipp::scipp": "", "scipy": "", "tbb": ""}, "commit_hash": "9b58501b5902732511dca809ebe04b0da1061622", "date": 1635165988000, "env_name": "conda-py3.9-appdirs-cmake-conan-ess-dmsc__ess-streaming-data-types-h5py-ipykernel6.3.1-ipympl-ipywidgets-mantid-framework-matplotlib-base-ninja-numpy-pip-pooch-python-configuration-python-confluent-kafka-pythreejs-pyyaml-scipp__scipp-scipy-tbb", "python": "3.9", "profiles": {}, "started_at": {"load_nexus.LoadNexus.time_load_event_nexus": 1635275466993, "transform_coords.TransformCoords.time_energy_to_tof": 1635275479195, "transform_coords.TransformCoords.time_tof_to_dspacing": 1635275496819, "transform_coords.TransformCoords.time_tof_to_energy": 1635275514878, "transform_coords.TransformCoords.time_tof_to_wavelength": 1635275533704, "transform_coords.TransformCoords.time_wavelength_to_tof": 1635275551571}, "ended_at": {"load_nexus.LoadNexus.time_load_event_nexus": 1635275479194, "transform_coords.TransformCoords.time_energy_to_tof": 1635275496819, "transform_coords.TransformCoords.time_tof_to_dspacing": 1635275514877, "transform_coords.TransformCoords.time_tof_to_energy": 1635275533703, "transform_coords.TransformCoords.time_tof_to_wavelength": 1635275551571, "transform_coords.TransformCoords.time_wavelength_to_tof": 1635275569286}, "benchmark_version": {"load_nexus.LoadNexus.time_load_event_nexus": "9bb61e37c240f4221eff71f827efb0f1cfb5371f7c6b0e72f79b9ca92578e5e9", "transform_coords.TransformCoords.time_energy_to_tof": "f1ea8beffb41e75997f96056160ef6dd12d9afb53546d00f7e0cb2b307a616bb", "transform_coords.TransformCoords.time_tof_to_dspacing": "76d3e8bdf45621127e026f90298e8f292d01ddb57cb7caf05a5ce555a659d8ac", "transform_coords.TransformCoords.time_tof_to_energy": "32774381c7e0285d159959187b4537339285cc2573292bc6b39f5edd04d4bc0b", "transform_coords.TransformCoords.time_tof_to_wavelength": "46879c3a68b31604accd5a00f4187eb567d166242d70d944aa010a5d6f8de380", "transform_coords.TransformCoords.time_wavelength_to_tof": "d4710ab73daad9eb187b2c50c320802720ae09b880a656f3ac5284d75fea178b"}, "version": 1}