{"results": {"load_nexus.LoadNexus.time_load_event_nexus": {"result": [4.7985212059999185], "stats": [{"ci_99": [4.341864312577593, 5.392486054755704], "q_25": 4.797688668499973, "q_75": 4.902334709999963, "min": 4.796856131000027, "max": 5.006148214000007, "mean": 4.86717518366665, "std": 0.09827112322113662, "repeat": 3, "number": 1}]}, "transform_coords.TransformCoords.time_energy_to_tof": {"result": [0.0013712103333271366], "stats": [{"ci_99": [0.0009349829905144159, 0.0024981034539201512], "q_25": 0.0013616482083212607, "q_75": 0.0021518850833359693, "min": 0.0013414354999857399, "max": 0.002444832333338809, "mean": 0.001716543222217284, "std": 0.0005035182553201903, "repeat": 6, "number": 6}]}, "transform_coords.TransformCoords.time_tof_to_dspacing": {"result": [0.036455201000080706], "stats": [{"ci_99": [0.019636448834098763, 0.07494045836595437], "q_25": 0.03632319899998038, "q_75": 0.053914661999954205, "min": 0.036291498000082356, "max": 0.07345770800003493, "mean": 0.047288453600026516, "std": 0.014746292526712203, "repeat": 5, "number": 1}]}, "transform_coords.TransformCoords.time_tof_to_energy": {"result": [0.2593859264999878], "stats": [{"ci_99": [0.25821006893582504, 0.2617205039999817], "q_25": 0.25908045125, "q_75": 0.25956126325006323, "min": 0.25845891699998447, "max": 0.2617205039999817, "mean": 0.2595916015000057, "std": 0.001021105480111879, "repeat": 6, "number": 1}]}, "transform_coords.TransformCoords.time_tof_to_wavelength": {"result": [0.0013643268333396463], "stats": [{"ci_99": [0.0013355192077068713, 0.0013948860000046655], "q_25": 0.0013528727916683654, "q_75": 0.001371242375003116, "min": 0.001337918333338924, "max": 0.0013948860000046655, "mean": 0.0013640100555597377, "std": 1.7959917324438756e-05, "repeat": 6, "number": 6}]}, "transform_coords.TransformCoords.time_wavelength_to_tof": {"result": [0.034122397999993836], "stats": [{"ci_99": [0.03385883438793887, 0.03432786794536331], "q_25": 0.03398940399996775, "q_75": 0.034216857749967744, "min": 0.03387136499998178, "max": 0.034250529000019014, "mean": 0.0340933511666511, "std": 0.0001398148269117812, "repeat": 6, "number": 1}]}}, "params": {"cpu": "2 Core CPU", "machine": "cloud-container", "os": "Ubuntu latest", "ram": "7GB", "python": "3.9", "appdirs": "", "cmake": "", "conan": "", "ess-dmsc::ess-streaming-data-types": "", "h5py": "", "ipykernel": "6.3.1", "ipympl": "", "ipywidgets": "", "mantid-framework": "", "matplotlib-base": "", "ninja": "", "numpy": "", "pip": "", "pooch": "", "python-configuration": "", "python-confluent-kafka": "", "pythreejs": "", "pyyaml": "", "scipp::scipp": "", "scipy": "", "tbb": ""}, "requirements": {"appdirs": "", "cmake": "", "conan": "", "ess-dmsc::ess-streaming-data-types": "", "h5py": "", "ipykernel": "6.3.1", "ipympl": "", "ipywidgets": "", "mantid-framework": "", "matplotlib-base": "", "ninja": "", "numpy": "", "pip": "", "pooch": "", "python-configuration": "", "python-confluent-kafka": "", "pythreejs": "", "pyyaml": "", "scipp::scipp": "", "scipy": "", "tbb": ""}, "commit_hash": "9b58501b5902732511dca809ebe04b0da1061622", "date": 1635165988000, "env_name": "conda-py3.9-appdirs-cmake-conan-ess-dmsc__ess-streaming-data-types-h5py-ipykernel6.3.1-ipympl-ipywidgets-mantid-framework-matplotlib-base-ninja-numpy-pip-pooch-python-configuration-python-confluent-kafka-pythreejs-pyyaml-scipp__scipp-scipy-tbb", "python": "3.9", "profiles": {}, "started_at": {"load_nexus.LoadNexus.time_load_event_nexus": 1635299587786, "transform_coords.TransformCoords.time_energy_to_tof": 1635299602937, "transform_coords.TransformCoords.time_tof_to_dspacing": 1635299621743, "transform_coords.TransformCoords.time_tof_to_energy": 1635299640554, "transform_coords.TransformCoords.time_tof_to_wavelength": 1635299660164, "transform_coords.TransformCoords.time_wavelength_to_tof": 1635299678868}, "ended_at": {"load_nexus.LoadNexus.time_load_event_nexus": 1635299602936, "transform_coords.TransformCoords.time_energy_to_tof": 1635299621743, "transform_coords.TransformCoords.time_tof_to_dspacing": 1635299640553, "transform_coords.TransformCoords.time_tof_to_energy": 1635299660163, "transform_coords.TransformCoords.time_tof_to_wavelength": 1635299678868, "transform_coords.TransformCoords.time_wavelength_to_tof": 1635299697674}, "benchmark_version": {"load_nexus.LoadNexus.time_load_event_nexus": "9bb61e37c240f4221eff71f827efb0f1cfb5371f7c6b0e72f79b9ca92578e5e9", "transform_coords.TransformCoords.time_energy_to_tof": "f1ea8beffb41e75997f96056160ef6dd12d9afb53546d00f7e0cb2b307a616bb", "transform_coords.TransformCoords.time_tof_to_dspacing": "76d3e8bdf45621127e026f90298e8f292d01ddb57cb7caf05a5ce555a659d8ac", "transform_coords.TransformCoords.time_tof_to_energy": "32774381c7e0285d159959187b4537339285cc2573292bc6b39f5edd04d4bc0b", "transform_coords.TransformCoords.time_tof_to_wavelength": "46879c3a68b31604accd5a00f4187eb567d166242d70d944aa010a5d6f8de380", "transform_coords.TransformCoords.time_wavelength_to_tof": "d4710ab73daad9eb187b2c50c320802720ae09b880a656f3ac5284d75fea178b"}, "version": 1}