{"results": {"load_nexus.LoadNexus.time_load_event_nexus": {"result": [4.9099520449999545], "stats": [{"ci_99": [4.564499374232494, 5.3230232811007925], "q_25": 4.895253784999966, "q_75": 4.975364228999979, "min": 4.880555524999977, "max": 5.040776413000003, "mean": 4.943761327666645, "std": 0.06964186448636751, "repeat": 3, "number": 1}]}, "transform_coords.TransformCoords.time_energy_to_tof": {"result": [0.0013732965000012125], "stats": [{"ci_99": [0.0013269888531172946, 0.0014193395357744284], "q_25": 0.0013478910000041349, "q_75": 0.0013988286250092112, "min": 0.001342742666660494, "max": 0.00140288766666193, "mean": 0.0013731641944458616, "std": 2.635383032299686e-05, "repeat": 6, "number": 6}]}, "transform_coords.TransformCoords.time_tof_to_dspacing": {"result": [0.036755375999973694], "stats": [{"ci_99": [0.03511506265006438, 0.04018683100002818], "q_25": 0.03666993199999524, "q_75": 0.037100129000009474, "min": 0.0362701990000005, "max": 0.04018683100002818, "mean": 0.03739649340000142, "std": 0.0014199491430171962, "repeat": 5, "number": 1}]}, "transform_coords.TransformCoords.time_tof_to_energy": {"result": [0.2598924714999953], "stats": [{"ci_99": [0.2591168658440691, 0.2611087799999723], "q_25": 0.25953934250000543, "q_75": 0.2599314727499973, "min": 0.25933775399994374, "max": 0.2611087799999723, "mean": 0.25993293049998556, "std": 0.0005771419754420661, "repeat": 6, "number": 1}]}, "transform_coords.TransformCoords.time_tof_to_wavelength": {"result": [0.0013537349999997637], "stats": [{"ci_99": [0.0013005419826889123, 0.0015442946666629116], "q_25": 0.001345401708334748, "q_75": 0.0013643467916703382, "min": 0.0013413894999985132, "max": 0.0015442946666629116, "mean": 0.0013839436944446486, "std": 7.22254615481714e-05, "repeat": 6, "number": 6}]}, "transform_coords.TransformCoords.time_wavelength_to_tof": {"result": [0.03462705599997662], "stats": [{"ci_99": [0.03415383776674265, 0.035246922999931485], "q_25": 0.03444025950000196, "q_75": 0.0348256169999388, "min": 0.034267916999965564, "max": 0.035246922999931485, "mean": 0.03467312499996448, "std": 0.0003228573187816184, "repeat": 6, "number": 1}]}}, "params": {"cpu": "2 Core CPU", "machine": "cloud-container", "os": "Ubuntu latest", "ram": "7GB", "python": "3.9", "appdirs": "", "cmake": "", "conan": "", "ess-dmsc::ess-streaming-data-types": "", "h5py": "", "ipykernel": "6.3.1", "ipympl": "", "ipywidgets": "", "mantid-framework": "", "matplotlib-base": "", "ninja": "", "numpy": "", "pip": "", "pooch": "", "python-configuration": "", "python-confluent-kafka": "", "pythreejs": "", "pyyaml": "", "scipp::scipp": "", "scipy": "", "tbb": ""}, "requirements": {"appdirs": "", "cmake": "", "conan": "", "ess-dmsc::ess-streaming-data-types": "", "h5py": "", "ipykernel": "6.3.1", "ipympl": "", "ipywidgets": "", "mantid-framework": "", "matplotlib-base": "", "ninja": "", "numpy": "", "pip": "", "pooch": "", "python-configuration": "", "python-confluent-kafka": "", "pythreejs": "", "pyyaml": "", "scipp::scipp": "", "scipy": "", "tbb": ""}, "commit_hash": "9b58501b5902732511dca809ebe04b0da1061622", "date": 1635165988000, "env_name": "conda-py3.9-appdirs-cmake-conan-ess-dmsc__ess-streaming-data-types-h5py-ipykernel6.3.1-ipympl-ipywidgets-mantid-framework-matplotlib-base-ninja-numpy-pip-pooch-python-configuration-python-confluent-kafka-pythreejs-pyyaml-scipp__scipp-scipy-tbb", "python": "3.9", "profiles": {}, "started_at": {"load_nexus.LoadNexus.time_load_event_nexus": 1635294265178, "transform_coords.TransformCoords.time_energy_to_tof": 1635294280630, "transform_coords.TransformCoords.time_tof_to_dspacing": 1635294299647, "transform_coords.TransformCoords.time_tof_to_energy": 1635294319813, "transform_coords.TransformCoords.time_tof_to_wavelength": 1635294339679, "transform_coords.TransformCoords.time_wavelength_to_tof": 1635294358689}, "ended_at": {"load_nexus.LoadNexus.time_load_event_nexus": 1635294280629, "transform_coords.TransformCoords.time_energy_to_tof": 1635294299647, "transform_coords.TransformCoords.time_tof_to_dspacing": 1635294319813, "transform_coords.TransformCoords.time_tof_to_energy": 1635294339679, "transform_coords.TransformCoords.time_tof_to_wavelength": 1635294358689, "transform_coords.TransformCoords.time_wavelength_to_tof": 1635294378005}, "benchmark_version": {"load_nexus.LoadNexus.time_load_event_nexus": "9bb61e37c240f4221eff71f827efb0f1cfb5371f7c6b0e72f79b9ca92578e5e9", "transform_coords.TransformCoords.time_energy_to_tof": "f1ea8beffb41e75997f96056160ef6dd12d9afb53546d00f7e0cb2b307a616bb", "transform_coords.TransformCoords.time_tof_to_dspacing": "76d3e8bdf45621127e026f90298e8f292d01ddb57cb7caf05a5ce555a659d8ac", "transform_coords.TransformCoords.time_tof_to_energy": "32774381c7e0285d159959187b4537339285cc2573292bc6b39f5edd04d4bc0b", "transform_coords.TransformCoords.time_tof_to_wavelength": "46879c3a68b31604accd5a00f4187eb567d166242d70d944aa010a5d6f8de380", "transform_coords.TransformCoords.time_wavelength_to_tof": "d4710ab73daad9eb187b2c50c320802720ae09b880a656f3ac5284d75fea178b"}, "version": 1}