{"results": {"load_nexus.LoadNexus.time_load_event_nexus": {"result": [5.280938210499983], "stats": [{"ci_99": [-1.8932645144996627, 12.455140935499621], "q_25": 5.209196183249986, "q_75": 5.352680237749979, "min": 5.13745415599999, "max": 5.424422264999976, "mean": 5.280938210499983, "std": 0.1434840544999929, "repeat": 2, "number": 1}]}, "transform_coords.TransformCoords.time_energy_to_tof": {"result": [0.0015192633333261558], "stats": [{"ci_99": [0.0010249512707876294, 0.0023080973958737715], "q_25": 0.0015057167083322536, "q_75": 0.0016800709583246012, "min": 0.0014917818333325765, "max": 0.0021357888333379074, "mean": 0.001666524333330699, "std": 0.0002712352281028226, "repeat": 4, "number": 6}]}, "transform_coords.TransformCoords.time_tof_to_dspacing": {"result": [0.0433196039999757], "stats": [{"ci_99": [0.04167387020789791, 0.045141437292091656], "q_25": 0.04311969899998758, "q_75": 0.0436075587499829, "min": 0.0425764200000458, "max": 0.04441498699998192, "mean": 0.04340765374999478, "std": 0.0006561027212314604, "repeat": 4, "number": 1}]}, "transform_coords.TransformCoords.time_tof_to_energy": {"result": [0.30504182850000916], "stats": [{"ci_99": [0.2633307930334039, 0.34209871496663885], "q_25": 0.29199843175004503, "q_75": 0.3157581507499856, "min": 0.28461559599998054, "max": 0.31615976300008697, "mean": 0.30271475400002146, "std": 0.013630433763058955, "repeat": 4, "number": 1}]}, "transform_coords.TransformCoords.time_tof_to_wavelength": {"result": [0.0015066021666712004], "stats": [{"ci_99": [0.00043640458329875266, 0.003192732750030652], "q_25": 0.0014559716666629658, "q_75": 0.0018651991666729373, "min": 0.0014316226666627092, "max": 0.002813447666653701, "mean": 0.0018145686666647027, "std": 0.0005782967522192114, "repeat": 4, "number": 6}]}, "transform_coords.TransformCoords.time_wavelength_to_tof": {"result": [0.038642313499963166], "stats": [{"ci_99": [0.034410176421480504, 0.043759213078438886], "q_25": 0.03766453099993328, "q_75": 0.04006247724998957, "min": 0.03741782599990984, "max": 0.041636326000002555, "mean": 0.03908469474995968, "std": 0.0016796343691691227, "repeat": 4, "number": 1}]}}, "params": {"cpu": "2 Core CPU", "machine": "cloud-container", "os": "Ubuntu latest", "ram": "7GB", "python": "3.9", "appdirs": "", "cmake": "", "conan": "", "ess-dmsc::ess-streaming-data-types": "", "h5py": "", "ipykernel": "6.3.1", "ipympl": "", "ipywidgets": "", "mantid-framework": "", "matplotlib-base": "", "ninja": "", "numpy": "", "pip": "", "pooch": "", "python-configuration": "", "python-confluent-kafka": "", "pythreejs": "", "pyyaml": "", "scipp::scipp": "", "scipy": "", "tbb": ""}, "requirements": {"appdirs": "", "cmake": "", "conan": "", "ess-dmsc::ess-streaming-data-types": "", "h5py": "", "ipykernel": "6.3.1", "ipympl": "", "ipywidgets": "", "mantid-framework": "", "matplotlib-base": "", "ninja": "", "numpy": "", "pip": "", "pooch": "", "python-configuration": "", "python-confluent-kafka": "", "pythreejs": "", "pyyaml": "", "scipp::scipp": "", "scipy": "", "tbb": ""}, "commit_hash": "9b58501b5902732511dca809ebe04b0da1061622", "date": 1635165988000, "env_name": "conda-py3.9-appdirs-cmake-conan-ess-dmsc__ess-streaming-data-types-h5py-ipykernel6.3.1-ipympl-ipywidgets-mantid-framework-matplotlib-base-ninja-numpy-pip-pooch-python-configuration-python-confluent-kafka-pythreejs-pyyaml-scipp__scipp-scipy-tbb", "python": "3.9", "profiles": {}, "started_at": {"load_nexus.LoadNexus.time_load_event_nexus": 1635286406625, "transform_coords.TransformCoords.time_energy_to_tof": 1635286417913, "transform_coords.TransformCoords.time_tof_to_dspacing": 1635286434817, "transform_coords.TransformCoords.time_tof_to_energy": 1635286451920, "transform_coords.TransformCoords.time_tof_to_wavelength": 1635286469776, "transform_coords.TransformCoords.time_wavelength_to_tof": 1635286486879}, "ended_at": {"load_nexus.LoadNexus.time_load_event_nexus": 1635286417912, "transform_coords.TransformCoords.time_energy_to_tof": 1635286434817, "transform_coords.TransformCoords.time_tof_to_dspacing": 1635286451920, "transform_coords.TransformCoords.time_tof_to_energy": 1635286469776, "transform_coords.TransformCoords.time_tof_to_wavelength": 1635286486879, "transform_coords.TransformCoords.time_wavelength_to_tof": 1635286503032}, "benchmark_version": {"load_nexus.LoadNexus.time_load_event_nexus": "9bb61e37c240f4221eff71f827efb0f1cfb5371f7c6b0e72f79b9ca92578e5e9", "transform_coords.TransformCoords.time_energy_to_tof": "f1ea8beffb41e75997f96056160ef6dd12d9afb53546d00f7e0cb2b307a616bb", "transform_coords.TransformCoords.time_tof_to_dspacing": "76d3e8bdf45621127e026f90298e8f292d01ddb57cb7caf05a5ce555a659d8ac", "transform_coords.TransformCoords.time_tof_to_energy": "32774381c7e0285d159959187b4537339285cc2573292bc6b39f5edd04d4bc0b", "transform_coords.TransformCoords.time_tof_to_wavelength": "46879c3a68b31604accd5a00f4187eb567d166242d70d944aa010a5d6f8de380", "transform_coords.TransformCoords.time_wavelength_to_tof": "d4710ab73daad9eb187b2c50c320802720ae09b880a656f3ac5284d75fea178b"}, "version": 1}