{"results": {"load_nexus.LoadNexus.time_load_event_nexus": {"result": [5.975617471000021], "stats": [{"ci_99": [-2.1176291790001756, 14.06886412100021], "q_25": 5.894685004500019, "q_75": 6.056549937500023, "min": 5.813752538000017, "max": 6.137482404000025, "mean": 5.975617471000021, "std": 0.16186493300000393, "repeat": 2, "number": 1}]}, "transform_coords.TransformCoords.time_energy_to_tof": {"result": [0.0017430659999945418], "stats": [{"ci_99": [0.0015908712122521171, 0.0018893777877426112], "q_25": 0.0017162282499896264, "q_75": 0.00176696225000228, "min": 0.001659152799993535, "max": 0.0018152132000068377, "mean": 0.0017401244999973643, "std": 5.5529513217756395e-05, "repeat": 4, "number": 5}]}, "transform_coords.TransformCoords.time_tof_to_dspacing": {"result": [0.04655214699999988], "stats": [{"ci_99": [0.041555626455349104, 0.05155439254470156], "q_25": 0.04511756825002067, "q_75": 0.047989588250004545, "min": 0.04443543800005045, "max": 0.04868030600005113, "mean": 0.046555009500025335, "std": 0.0017265687274111055, "repeat": 4, "number": 1}]}, "transform_coords.TransformCoords.time_tof_to_energy": {"result": [0.337796949000051], "stats": [{"ci_99": [0.31657277397354916, 0.3608004070265717], "q_25": 0.3316159800000662, "q_75": 0.3448675595000452, "min": 0.33058733400002893, "max": 0.3485651300001109, "mean": 0.33868659050006045, "std": 0.007631070405633316, "repeat": 4, "number": 1}]}, "transform_coords.TransformCoords.time_tof_to_wavelength": {"result": [0.0017853136999974595], "stats": [{"ci_99": [0.001620084470894382, 0.0019181845290948318], "q_25": 0.001753779799997801, "q_75": 0.0018006683999942652, "min": 0.0016748971999959394, "max": 0.001831013399987569, "mean": 0.0017691344999946068, "std": 5.763703000893242e-05, "repeat": 4, "number": 5}]}, "transform_coords.TransformCoords.time_wavelength_to_tof": {"result": [0.04242577500008338], "stats": [{"ci_99": [0.0408653516169073, 0.043569888883149055], "q_25": 0.042109238250048975, "q_75": 0.04253415700006258, "min": 0.041308112999900004, "max": 0.04271081800004595, "mean": 0.042217620250028176, "std": 0.0005389813931497002, "repeat": 4, "number": 1}]}}, "params": {"cpu": "2 Core CPU", "machine": "cloud-container", "os": "Ubuntu latest", "ram": "7GB", "python": "3.9", "appdirs": "", "cmake": "", "conan": "", "ess-dmsc::ess-streaming-data-types": "", "h5py": "", "ipykernel": "6.3.1", "ipympl": "", "ipywidgets": "", "mantid-framework": "", "matplotlib-base": "", "ninja": "", "numpy": "", "pip": "", "pooch": "", "python-configuration": "", "python-confluent-kafka": "", "pythreejs": "", "pyyaml": "", "scipp::scipp": "", "scipy": "", "tbb": ""}, "requirements": {"appdirs": "", "cmake": "", "conan": "", "ess-dmsc::ess-streaming-data-types": "", "h5py": "", "ipykernel": "6.3.1", "ipympl": "", "ipywidgets": "", "mantid-framework": "", "matplotlib-base": "", "ninja": "", "numpy": "", "pip": "", "pooch": "", "python-configuration": "", "python-confluent-kafka": "", "pythreejs": "", "pyyaml": "", "scipp::scipp": "", "scipy": "", "tbb": ""}, "commit_hash": "9b58501b5902732511dca809ebe04b0da1061622", "date": 1635165988000, "env_name": "conda-py3.9-appdirs-cmake-conan-ess-dmsc__ess-streaming-data-types-h5py-ipykernel6.3.1-ipympl-ipywidgets-mantid-framework-matplotlib-base-ninja-numpy-pip-pooch-python-configuration-python-confluent-kafka-pythreejs-pyyaml-scipp__scipp-scipy-tbb", "python": "3.9", "profiles": {}, "started_at": {"load_nexus.LoadNexus.time_load_event_nexus": 1635196316485, "transform_coords.TransformCoords.time_energy_to_tof": 1635196328732, "transform_coords.TransformCoords.time_tof_to_dspacing": 1635196347742, "transform_coords.TransformCoords.time_tof_to_energy": 1635196366756, "transform_coords.TransformCoords.time_tof_to_wavelength": 1635196386832, "transform_coords.TransformCoords.time_wavelength_to_tof": 1635196405804}, "ended_at": {"load_nexus.LoadNexus.time_load_event_nexus": 1635196328731, "transform_coords.TransformCoords.time_energy_to_tof": 1635196347741, "transform_coords.TransformCoords.time_tof_to_dspacing": 1635196366755, "transform_coords.TransformCoords.time_tof_to_energy": 1635196386831, "transform_coords.TransformCoords.time_tof_to_wavelength": 1635196405804, "transform_coords.TransformCoords.time_wavelength_to_tof": 1635196424966}, "benchmark_version": {"load_nexus.LoadNexus.time_load_event_nexus": "9bb61e37c240f4221eff71f827efb0f1cfb5371f7c6b0e72f79b9ca92578e5e9", "transform_coords.TransformCoords.time_energy_to_tof": "f1ea8beffb41e75997f96056160ef6dd12d9afb53546d00f7e0cb2b307a616bb", "transform_coords.TransformCoords.time_tof_to_dspacing": "76d3e8bdf45621127e026f90298e8f292d01ddb57cb7caf05a5ce555a659d8ac", "transform_coords.TransformCoords.time_tof_to_energy": "32774381c7e0285d159959187b4537339285cc2573292bc6b39f5edd04d4bc0b", "transform_coords.TransformCoords.time_tof_to_wavelength": "46879c3a68b31604accd5a00f4187eb567d166242d70d944aa010a5d6f8de380", "transform_coords.TransformCoords.time_wavelength_to_tof": "d4710ab73daad9eb187b2c50c320802720ae09b880a656f3ac5284d75fea178b"}, "version": 1}