{"results": {"load_nexus.LoadNexus.time_load_event_nexus": {"result": [4.843921170499982], "stats": [{"ci_99": [4.7381580617007435, 4.928001160299289], "q_25": 4.815391285749996, "q_75": 4.8616094957500025, "min": 4.778423782000004, "max": 4.866052321000097, "mean": 4.8330796110000165, "std": 0.034766710489497, "repeat": 4, "number": 1}]}, "transform_coords.TransformCoords.time_energy_to_tof": {"result": [0.0013844078333373013], "stats": [{"ci_99": [0.0013375990226444944, 0.0014586941666626292], "q_25": 0.001371721875003118, "q_75": 0.0013893736666664343, "min": 0.0013408100000068164, "max": 0.0014586941666626292, "mean": 0.001387807000001986, "std": 3.571813135731904e-05, "repeat": 6, "number": 6}]}, "transform_coords.TransformCoords.time_tof_to_dspacing": {"result": [0.03660818800000243], "stats": [{"ci_99": [0.03584939727289634, 0.0377796779999926], "q_25": 0.03625757500003601, "q_75": 0.03701524524998945, "min": 0.03621152699997765, "max": 0.0377796779999926, "mean": 0.03674986933333457, "std": 0.0005617949247422071, "repeat": 6, "number": 1}]}, "transform_coords.TransformCoords.time_tof_to_energy": {"result": [0.2595342710000068], "stats": [{"ci_99": [0.2584984349999786, 0.25995385613572347], "q_25": 0.2594167170000219, "q_75": 0.2595468420000202, "min": 0.2584984349999786, "max": 0.25957197100001395, "mean": 0.25931364720000827, "std": 0.00041109127363149885, "repeat": 5, "number": 1}]}, "transform_coords.TransformCoords.time_tof_to_wavelength": {"result": [0.0013744861666680208], "stats": [{"ci_99": [0.0013581699754677218, 0.0014043441666728995], "q_25": 0.0013694307916646646, "q_75": 0.0013798511666654651, "min": 0.0013627943333365995, "max": 0.0014043441666728995, "mean": 0.0013775826666678388, "std": 1.3306297251128608e-05, "repeat": 6, "number": 6}]}, "transform_coords.TransformCoords.time_wavelength_to_tof": {"result": [0.034138621999971974], "stats": [{"ci_99": [0.033599592203155004, 0.03499067500001729], "q_25": 0.03399798974994894, "q_75": 0.03458028324999418, "min": 0.03377588400002196, "max": 0.03499067500001729, "mean": 0.034287069833321006, "std": 0.0004283258075540327, "repeat": 6, "number": 1}]}}, "params": {"cpu": "2 Core CPU", "machine": "cloud-container", "os": "Ubuntu latest", "ram": "7GB", "python": "3.9", "appdirs": "", "cmake": "", "conan": "", "ess-dmsc::ess-streaming-data-types": "", "h5py": "", "ipykernel": "6.3.1", "ipympl": "", "ipywidgets": "", "mantid-framework": "", "matplotlib-base": "", "ninja": "", "numpy": "", "pip": "", "pooch": "", "python-configuration": "", "python-confluent-kafka": "", "pythreejs": "", "pyyaml": "", "scipp::scipp": "", "scipy": "", "tbb": ""}, "requirements": {"appdirs": "", "cmake": "", "conan": "", "ess-dmsc::ess-streaming-data-types": "", "h5py": "", "ipykernel": "6.3.1", "ipympl": "", "ipywidgets": "", "mantid-framework": "", "matplotlib-base": "", "ninja": "", "numpy": "", "pip": "", "pooch": "", "python-configuration": "", "python-confluent-kafka": "", "pythreejs": "", "pyyaml": "", "scipp::scipp": "", "scipy": "", "tbb": ""}, "commit_hash": "9b58501b5902732511dca809ebe04b0da1061622", "date": 1635165988000, "env_name": "conda-py3.9-appdirs-cmake-conan-ess-dmsc__ess-streaming-data-types-h5py-ipykernel6.3.1-ipympl-ipywidgets-mantid-framework-matplotlib-base-ninja-numpy-pip-pooch-python-configuration-python-confluent-kafka-pythreejs-pyyaml-scipp__scipp-scipy-tbb", "python": "3.9", "profiles": {}, "started_at": {"load_nexus.LoadNexus.time_load_event_nexus": 1635182323531, "transform_coords.TransformCoords.time_energy_to_tof": 1635182338780, "transform_coords.TransformCoords.time_tof_to_dspacing": 1635182357583, "transform_coords.TransformCoords.time_tof_to_energy": 1635182376538, "transform_coords.TransformCoords.time_tof_to_wavelength": 1635182396200, "transform_coords.TransformCoords.time_wavelength_to_tof": 1635182415456}, "ended_at": {"load_nexus.LoadNexus.time_load_event_nexus": 1635182338779, "transform_coords.TransformCoords.time_energy_to_tof": 1635182357583, "transform_coords.TransformCoords.time_tof_to_dspacing": 1635182376537, "transform_coords.TransformCoords.time_tof_to_energy": 1635182396199, "transform_coords.TransformCoords.time_tof_to_wavelength": 1635182415456, "transform_coords.TransformCoords.time_wavelength_to_tof": 1635182434912}, "benchmark_version": {"load_nexus.LoadNexus.time_load_event_nexus": "9bb61e37c240f4221eff71f827efb0f1cfb5371f7c6b0e72f79b9ca92578e5e9", "transform_coords.TransformCoords.time_energy_to_tof": "f1ea8beffb41e75997f96056160ef6dd12d9afb53546d00f7e0cb2b307a616bb", "transform_coords.TransformCoords.time_tof_to_dspacing": "76d3e8bdf45621127e026f90298e8f292d01ddb57cb7caf05a5ce555a659d8ac", "transform_coords.TransformCoords.time_tof_to_energy": "32774381c7e0285d159959187b4537339285cc2573292bc6b39f5edd04d4bc0b", "transform_coords.TransformCoords.time_tof_to_wavelength": "46879c3a68b31604accd5a00f4187eb567d166242d70d944aa010a5d6f8de380", "transform_coords.TransformCoords.time_wavelength_to_tof": "d4710ab73daad9eb187b2c50c320802720ae09b880a656f3ac5284d75fea178b"}, "version": 1}