{"results": {"load_nexus.LoadNexus.time_load_event_nexus": {"result": [6.9322152689999825], "stats": [{"ci_99": [-23.232024530998444, 37.09645506899838], "q_25": 6.630572870999998, "q_75": 7.233857666999967, "min": 6.328930473000014, "max": 7.535500064999951, "mean": 6.9322152689999825, "std": 0.6032847959999685, "repeat": 2, "number": 1}]}, "transform_coords.TransformCoords.time_energy_to_tof": {"result": [0.0020337304999998194], "stats": [{"ci_99": [0.0017642162607014451, 0.002292794239301446], "q_25": 0.0019657081500042747, "q_75": 0.0020965275999969887, "min": 0.001899734400012676, "max": 0.0021468255999934627, "mean": 0.0020285052500014444, "std": 9.337286522093812e-05, "repeat": 4, "number": 5}]}, "transform_coords.TransformCoords.time_tof_to_dspacing": {"result": [0.04833822349996808], "stats": [{"ci_99": [0.044923774384765094, 0.053057878615211544], "q_25": 0.04782386099995506, "q_75": 0.04950518900000134, "min": 0.04766621099997792, "max": 0.05162064800003918, "mean": 0.048990826499988316, "std": 0.0015770930748230296, "repeat": 4, "number": 1}]}, "transform_coords.TransformCoords.time_tof_to_energy": {"result": [0.3935792170000241], "stats": [{"ci_99": [0.35178180656849073, 0.4361354364314906], "q_25": 0.38021889275003673, "q_75": 0.40731894574997796, "min": 0.37839979099999255, "max": 0.41027626099992176, "mean": 0.3939586214999906, "std": 0.01443915942187143, "repeat": 4, "number": 1}]}, "transform_coords.TransformCoords.time_tof_to_wavelength": {"result": [0.002147010499996327], "stats": [{"ci_99": [0.0016089990053187713, 0.0026577586196709665], "q_25": 0.0019796726249907692, "q_75": 0.002300716687500426, "min": 0.0019105012499949225, "max": 0.002328992999991897, "mean": 0.0021333788124948683, "std": 0.00018023930874634848, "repeat": 4, "number": 4}]}, "transform_coords.TransformCoords.time_wavelength_to_tof": {"result": [0.04471908049998774], "stats": [{"ci_99": [0.04033535523398123, 0.048599192766016215], "q_25": 0.043533559749988626, "q_75": 0.04565279474999784, "min": 0.04233118900003774, "max": 0.04609974599998168, "mean": 0.044467273999998724, "std": 0.0014651144067929652, "repeat": 4, "number": 1}]}}, "params": {"cpu": "2 Core CPU", "machine": "cloud-container", "os": "Ubuntu latest", "ram": "7GB", "python": "3.9", "appdirs": "", "cmake": "", "conan": "", "ess-dmsc::ess-streaming-data-types": "", "h5py": "", "ipykernel": "6.3.1", "ipympl": "", "ipywidgets": "", "mantid-framework": "", "matplotlib-base": "", "ninja": "", "numpy": "", "pip": "", "pooch": "", "python-configuration": "", "python-confluent-kafka": "", "pythreejs": "", "pyyaml": "", "scipp::scipp": "", "scipy": "", "tbb": ""}, "requirements": {"appdirs": "", "cmake": "", "conan": "", "ess-dmsc::ess-streaming-data-types": "", "h5py": "", "ipykernel": "6.3.1", "ipympl": "", "ipywidgets": "", "mantid-framework": "", "matplotlib-base": "", "ninja": "", "numpy": "", "pip": "", "pooch": "", "python-configuration": "", "python-confluent-kafka": "", "pythreejs": "", "pyyaml": "", "scipp::scipp": "", "scipy": "", "tbb": ""}, "commit_hash": "9b58501b5902732511dca809ebe04b0da1061622", "date": 1635165988000, "env_name": "conda-py3.9-appdirs-cmake-conan-ess-dmsc__ess-streaming-data-types-h5py-ipykernel6.3.1-ipympl-ipywidgets-mantid-framework-matplotlib-base-ninja-numpy-pip-pooch-python-configuration-python-confluent-kafka-pythreejs-pyyaml-scipp__scipp-scipy-tbb", "python": "3.9", "profiles": {}, "started_at": {"load_nexus.LoadNexus.time_load_event_nexus": 1635301731332, "transform_coords.TransformCoords.time_energy_to_tof": 1635301744682, "transform_coords.TransformCoords.time_tof_to_dspacing": 1635301766562, "transform_coords.TransformCoords.time_tof_to_energy": 1635301788410, "transform_coords.TransformCoords.time_tof_to_wavelength": 1635301811196, "transform_coords.TransformCoords.time_wavelength_to_tof": 1635301832969}, "ended_at": {"load_nexus.LoadNexus.time_load_event_nexus": 1635301744681, "transform_coords.TransformCoords.time_energy_to_tof": 1635301766562, "transform_coords.TransformCoords.time_tof_to_dspacing": 1635301788410, "transform_coords.TransformCoords.time_tof_to_energy": 1635301811196, "transform_coords.TransformCoords.time_tof_to_wavelength": 1635301832968, "transform_coords.TransformCoords.time_wavelength_to_tof": 1635301854647}, "benchmark_version": {"load_nexus.LoadNexus.time_load_event_nexus": "9bb61e37c240f4221eff71f827efb0f1cfb5371f7c6b0e72f79b9ca92578e5e9", "transform_coords.TransformCoords.time_energy_to_tof": "f1ea8beffb41e75997f96056160ef6dd12d9afb53546d00f7e0cb2b307a616bb", "transform_coords.TransformCoords.time_tof_to_dspacing": "76d3e8bdf45621127e026f90298e8f292d01ddb57cb7caf05a5ce555a659d8ac", "transform_coords.TransformCoords.time_tof_to_energy": "32774381c7e0285d159959187b4537339285cc2573292bc6b39f5edd04d4bc0b", "transform_coords.TransformCoords.time_tof_to_wavelength": "46879c3a68b31604accd5a00f4187eb567d166242d70d944aa010a5d6f8de380", "transform_coords.TransformCoords.time_wavelength_to_tof": "d4710ab73daad9eb187b2c50c320802720ae09b880a656f3ac5284d75fea178b"}, "version": 1}