{"results": {"load_nexus.LoadNexus.time_load_event_nexus": {"result": [5.454528783500052], "stats": [{"ci_99": [0.395883958498473, 10.513173608501628], "q_25": 5.403942335250036, "q_75": 5.505115231750068, "min": 5.353355887000021, "max": 5.555701680000084, "mean": 5.454528783500052, "std": 0.10117289650003158, "repeat": 2, "number": 1}]}, "transform_coords.TransformCoords.time_energy_to_tof": {"result": [0.001742827300006411], "stats": [{"ci_99": [0.001654823319828348, 0.001826711080181074], "q_25": 0.001718071400006238, "q_75": 0.0017655231000048843, "min": 0.0017011357999990651, "max": 0.0017762784000069586, "mean": 0.0017407672000047114, "std": 2.9877328046746352e-05, "repeat": 4, "number": 5}]}, "transform_coords.TransformCoords.time_tof_to_dspacing": {"result": [0.040725239499977306], "stats": [{"ci_99": [0.037136370684808725, 0.04473207081511239], "q_25": 0.04008921874992666, "q_75": 0.04157024150001121, "min": 0.03921168799990937, "max": 0.04307471599997825, "mean": 0.04093422074996056, "std": 0.0014028706500706426, "repeat": 4, "number": 1}]}, "transform_coords.TransformCoords.time_tof_to_energy": {"result": [0.3383547735000434], "stats": [{"ci_99": [0.3255811852059108, 0.35292312279410426], "q_25": 0.3364953160000539, "q_75": 0.341111611499997, "min": 0.3330129549999583, "max": 0.347286113999985, "mean": 0.3392521540000075, "std": 0.00514924707850349, "repeat": 4, "number": 1}]}, "transform_coords.TransformCoords.time_tof_to_wavelength": {"result": [0.001725196600000345], "stats": [{"ci_99": [0.0016623029604212977, 0.0017928104395812763], "q_25": 0.0017128112499960936, "q_75": 0.0017399420500055387, "min": 0.0016972557999906713, "max": 0.001762577800013787, "mean": 0.0017275567000012873, "std": 2.376682504941572e-05, "repeat": 4, "number": 5}]}, "transform_coords.TransformCoords.time_wavelength_to_tof": {"result": [0.03656690249994199], "stats": [{"ci_99": [0.03570545803490784, 0.037541550465039854], "q_25": 0.036394371999961095, "q_75": 0.03679603474995474, "min": 0.036229291000040575, "max": 0.03713092099997084, "mean": 0.03662350424997385, "std": 0.0003342519655296634, "repeat": 4, "number": 1}]}}, "params": {"cpu": "2 Core CPU", "machine": "cloud-container", "os": "Ubuntu latest", "ram": "7GB", "python": "3.9", "appdirs": "", "cmake": "", "conan": "", "ess-dmsc::ess-streaming-data-types": "", "h5py": "", "ipykernel": "6.3.1", "ipympl": "", "ipywidgets": "", "mantid-framework": "", "matplotlib-base": "", "ninja": "", "numpy": "", "pip": "", "pooch": "", "python-configuration": "", "python-confluent-kafka": "", "pythreejs": "", "pyyaml": "", "scipp::scipp": "", "scipy": "", "tbb": ""}, "requirements": {"appdirs": "", "cmake": "", "conan": "", "ess-dmsc::ess-streaming-data-types": "", "h5py": "", "ipykernel": "6.3.1", "ipympl": "", "ipywidgets": "", "mantid-framework": "", "matplotlib-base": "", "ninja": "", "numpy": "", "pip": "", "pooch": "", "python-configuration": "", "python-confluent-kafka": "", "pythreejs": "", "pyyaml": "", "scipp::scipp": "", "scipy": "", "tbb": ""}, "commit_hash": "9b58501b5902732511dca809ebe04b0da1061622", "date": 1635165988000, "env_name": "conda-py3.9-appdirs-cmake-conan-ess-dmsc__ess-streaming-data-types-h5py-ipykernel6.3.1-ipympl-ipywidgets-mantid-framework-matplotlib-base-ninja-numpy-pip-pooch-python-configuration-python-confluent-kafka-pythreejs-pyyaml-scipp__scipp-scipy-tbb", "python": "3.9", "profiles": {}, "started_at": {"load_nexus.LoadNexus.time_load_event_nexus": 1635246684494, "transform_coords.TransformCoords.time_energy_to_tof": 1635246696235, "transform_coords.TransformCoords.time_tof_to_dspacing": 1635246715301, "transform_coords.TransformCoords.time_tof_to_energy": 1635246734466, "transform_coords.TransformCoords.time_tof_to_wavelength": 1635246754455, "transform_coords.TransformCoords.time_wavelength_to_tof": 1635246773771}, "ended_at": {"load_nexus.LoadNexus.time_load_event_nexus": 1635246696234, "transform_coords.TransformCoords.time_energy_to_tof": 1635246715301, "transform_coords.TransformCoords.time_tof_to_dspacing": 1635246734466, "transform_coords.TransformCoords.time_tof_to_energy": 1635246754455, "transform_coords.TransformCoords.time_tof_to_wavelength": 1635246773771, "transform_coords.TransformCoords.time_wavelength_to_tof": 1635246793229}, "benchmark_version": {"load_nexus.LoadNexus.time_load_event_nexus": "9bb61e37c240f4221eff71f827efb0f1cfb5371f7c6b0e72f79b9ca92578e5e9", "transform_coords.TransformCoords.time_energy_to_tof": "f1ea8beffb41e75997f96056160ef6dd12d9afb53546d00f7e0cb2b307a616bb", "transform_coords.TransformCoords.time_tof_to_dspacing": "76d3e8bdf45621127e026f90298e8f292d01ddb57cb7caf05a5ce555a659d8ac", "transform_coords.TransformCoords.time_tof_to_energy": "32774381c7e0285d159959187b4537339285cc2573292bc6b39f5edd04d4bc0b", "transform_coords.TransformCoords.time_tof_to_wavelength": "46879c3a68b31604accd5a00f4187eb567d166242d70d944aa010a5d6f8de380", "transform_coords.TransformCoords.time_wavelength_to_tof": "d4710ab73daad9eb187b2c50c320802720ae09b880a656f3ac5284d75fea178b"}, "version": 1}