{"results": {"load_nexus.LoadNexus.time_load_event_nexus": {"result": [4.7528969009999855], "stats": [{"ci_99": [4.602341813030773, 4.859384165969249], "q_25": 4.717025181249966, "q_75": 4.766734709250031, "min": 4.645321465000052, "max": 4.772336691000021, "mean": 4.730862989500011, "std": 0.05073211919635208, "repeat": 4, "number": 1}]}, "transform_coords.TransformCoords.time_energy_to_tof": {"result": [0.001347109833327901], "stats": [{"ci_99": [0.0013268088986509669, 0.0013773019902279422], "q_25": 0.0013385900833213782, "q_75": 0.0013657850833344771, "min": 0.0013371764999969098, "max": 0.0013731761666614755, "mean": 0.0013520554444394547, "std": 1.4860922366115226e-05, "repeat": 6, "number": 6}]}, "transform_coords.TransformCoords.time_tof_to_dspacing": {"result": [0.036312746000021434], "stats": [{"ci_99": [0.03555534950487237, 0.03913068800000019], "q_25": 0.036209058749989254, "q_75": 0.0364704429999847, "min": 0.03616384399992967, "max": 0.03913068800000019, "mean": 0.03676958816665395, "std": 0.0010621834033263397, "repeat": 6, "number": 1}]}, "transform_coords.TransformCoords.time_tof_to_energy": {"result": [0.2586444299999755], "stats": [{"ci_99": [0.2542481687518245, 0.2762097250000579], "q_25": 0.258386526999999, "q_75": 0.26007845300001975, "min": 0.2581641120000313, "max": 0.2762097250000579, "mean": 0.26175328616668025, "std": 0.006513485394853465, "repeat": 6, "number": 1}]}, "transform_coords.TransformCoords.time_tof_to_wavelength": {"result": [0.0013435928333317784], "stats": [{"ci_99": [0.0013317413333311379, 0.0013538896886603157], "q_25": 0.0013396755833312568, "q_75": 0.0013469598333320694, "min": 0.0013317413333311379, "max": 0.001353363833345611, "mean": 0.001343123805556148, "std": 6.8225935574146895e-06, "repeat": 6, "number": 6}]}, "transform_coords.TransformCoords.time_wavelength_to_tof": {"result": [0.03394628449999004], "stats": [{"ci_99": [0.033216026063640526, 0.03666520900003434], "q_25": 0.033921590250031386, "q_75": 0.0341153919999897, "min": 0.03373233199999959, "max": 0.03666520900003434, "mean": 0.03439587166667479, "std": 0.001022729684092203, "repeat": 6, "number": 1}]}}, "params": {"cpu": "2 Core CPU", "machine": "cloud-container", "os": "Ubuntu latest", "ram": "7GB", "python": "3.9", "appdirs": "", "cmake": "", "conan": "", "ess-dmsc::ess-streaming-data-types": "", "h5py": "", "ipykernel": "6.3.1", "ipympl": "", "ipywidgets": "", "mantid-framework": "", "matplotlib-base": "", "ninja": "", "numpy": "", "pip": "", "pooch": "", "python-configuration": "", "python-confluent-kafka": "", "pythreejs": "", "pyyaml": "", "scipp::scipp": "", "scipy": "", "tbb": ""}, "requirements": {"appdirs": "", "cmake": "", "conan": "", "ess-dmsc::ess-streaming-data-types": "", "h5py": "", "ipykernel": "6.3.1", "ipympl": "", "ipywidgets": "", "mantid-framework": "", "matplotlib-base": "", "ninja": "", "numpy": "", "pip": "", "pooch": "", "python-configuration": "", "python-confluent-kafka": "", "pythreejs": "", "pyyaml": "", "scipp::scipp": "", "scipy": "", "tbb": ""}, "commit_hash": "9b58501b5902732511dca809ebe04b0da1061622", "date": 1635165988000, "env_name": "conda-py3.9-appdirs-cmake-conan-ess-dmsc__ess-streaming-data-types-h5py-ipykernel6.3.1-ipympl-ipywidgets-mantid-framework-matplotlib-base-ninja-numpy-pip-pooch-python-configuration-python-confluent-kafka-pythreejs-pyyaml-scipp__scipp-scipy-tbb", "python": "3.9", "profiles": {}, "started_at": {"load_nexus.LoadNexus.time_load_event_nexus": 1635304261948, "transform_coords.TransformCoords.time_energy_to_tof": 1635304276846, "transform_coords.TransformCoords.time_tof_to_dspacing": 1635304295603, "transform_coords.TransformCoords.time_tof_to_energy": 1635304314506, "transform_coords.TransformCoords.time_tof_to_wavelength": 1635304334311, "transform_coords.TransformCoords.time_wavelength_to_tof": 1635304353121}, "ended_at": {"load_nexus.LoadNexus.time_load_event_nexus": 1635304276845, "transform_coords.TransformCoords.time_energy_to_tof": 1635304295603, "transform_coords.TransformCoords.time_tof_to_dspacing": 1635304314506, "transform_coords.TransformCoords.time_tof_to_energy": 1635304334310, "transform_coords.TransformCoords.time_tof_to_wavelength": 1635304353121, "transform_coords.TransformCoords.time_wavelength_to_tof": 1635304372024}, "benchmark_version": {"load_nexus.LoadNexus.time_load_event_nexus": "9bb61e37c240f4221eff71f827efb0f1cfb5371f7c6b0e72f79b9ca92578e5e9", "transform_coords.TransformCoords.time_energy_to_tof": "f1ea8beffb41e75997f96056160ef6dd12d9afb53546d00f7e0cb2b307a616bb", "transform_coords.TransformCoords.time_tof_to_dspacing": "76d3e8bdf45621127e026f90298e8f292d01ddb57cb7caf05a5ce555a659d8ac", "transform_coords.TransformCoords.time_tof_to_energy": "32774381c7e0285d159959187b4537339285cc2573292bc6b39f5edd04d4bc0b", "transform_coords.TransformCoords.time_tof_to_wavelength": "46879c3a68b31604accd5a00f4187eb567d166242d70d944aa010a5d6f8de380", "transform_coords.TransformCoords.time_wavelength_to_tof": "d4710ab73daad9eb187b2c50c320802720ae09b880a656f3ac5284d75fea178b"}, "version": 1}