{"results": {"load_nexus.LoadNexus.time_load_event_nexus": {"result": [4.775877077000018], "stats": [{"ci_99": [4.081469151763593, 5.520203877569702], "q_25": 4.716525742499982, "q_75": 4.872667567999997, "min": 4.657174407999946, "max": 4.969458058999976, "mean": 4.8008365146666465, "std": 0.12870508878039189, "repeat": 3, "number": 1}]}, "transform_coords.TransformCoords.time_energy_to_tof": {"result": [0.001345609416664691], "stats": [{"ci_99": [0.001330643277572836, 0.0013739841666620123], "q_25": 0.001339663124999409, "q_75": 0.001348355833333888, "min": 0.0013359338333316373, "max": 0.0013739841666620123, "mean": 0.0013480148611096055, "std": 1.2496255281254313e-05, "repeat": 6, "number": 6}]}, "transform_coords.TransformCoords.time_tof_to_dspacing": {"result": [0.036149575500076025], "stats": [{"ci_99": [0.03557448437657511, 0.03655166462346644], "q_25": 0.03583022125000923, "q_75": 0.036212051000021006, "min": 0.03561136799999076, "max": 0.03651128199999221, "mean": 0.036063074500020775, "std": 0.0003041901377866104, "repeat": 6, "number": 1}]}, "transform_coords.TransformCoords.time_tof_to_energy": {"result": [0.25896583599998735], "stats": [{"ci_99": [0.2577678185823594, 0.2615619139999694], "q_25": 0.2586042702500464, "q_75": 0.25931370675002086, "min": 0.258241379000026, "max": 0.2615619139999694, "mean": 0.25927472950001135, "std": 0.0010902354866093814, "repeat": 6, "number": 1}]}, "transform_coords.TransformCoords.time_tof_to_wavelength": {"result": [0.0013478845833342725], "stats": [{"ci_99": [0.0013343835000038478, 0.0013558042614309205], "q_25": 0.0013457198750022787, "q_75": 0.0013491111666681377, "min": 0.0013343835000038478, "max": 0.0013556374999931602, "mean": 0.0013467180833338765, "std": 6.381708192417382e-06, "repeat": 6, "number": 6}]}, "transform_coords.TransformCoords.time_wavelength_to_tof": {"result": [0.03411124299995549], "stats": [{"ci_99": [0.03344313500002727, 0.0345412241428529], "q_25": 0.03374784850001333, "q_75": 0.034207072749936174, "min": 0.03344313500002727, "max": 0.03442255900000646, "mean": 0.033992318833317846, "std": 0.0003399056809936484, "repeat": 6, "number": 1}]}}, "params": {"cpu": "2 Core CPU", "machine": "cloud-container", "os": "Ubuntu latest", "ram": "7GB", "python": "3.9", "appdirs": "", "cmake": "", "conan": "", "ess-dmsc::ess-streaming-data-types": "", "h5py": "", "ipykernel": "6.3.1", "ipympl": "", "ipywidgets": "", "mantid-framework": "", "matplotlib-base": "", "ninja": "", "numpy": "", "pip": "", "pooch": "", "python-configuration": "", "python-confluent-kafka": "", "pythreejs": "", "pyyaml": "", "scipp::scipp": "", "scipy": "", "tbb": ""}, "requirements": {"appdirs": "", "cmake": "", "conan": "", "ess-dmsc::ess-streaming-data-types": "", "h5py": "", "ipykernel": "6.3.1", "ipympl": "", "ipywidgets": "", "mantid-framework": "", "matplotlib-base": "", "ninja": "", "numpy": "", "pip": "", "pooch": "", "python-configuration": "", "python-confluent-kafka": "", "pythreejs": "", "pyyaml": "", "scipp::scipp": "", "scipy": "", "tbb": ""}, "commit_hash": "9b58501b5902732511dca809ebe04b0da1061622", "date": 1635165988000, "env_name": "conda-py3.9-appdirs-cmake-conan-ess-dmsc__ess-streaming-data-types-h5py-ipykernel6.3.1-ipympl-ipywidgets-mantid-framework-matplotlib-base-ninja-numpy-pip-pooch-python-configuration-python-confluent-kafka-pythreejs-pyyaml-scipp__scipp-scipy-tbb", "python": "3.9", "profiles": {}, "started_at": {"load_nexus.LoadNexus.time_load_event_nexus": 1635213185832, "transform_coords.TransformCoords.time_energy_to_tof": 1635213200829, "transform_coords.TransformCoords.time_tof_to_dspacing": 1635213219585, "transform_coords.TransformCoords.time_tof_to_energy": 1635213238293, "transform_coords.TransformCoords.time_tof_to_wavelength": 1635213257901, "transform_coords.TransformCoords.time_wavelength_to_tof": 1635213276604}, "ended_at": {"load_nexus.LoadNexus.time_load_event_nexus": 1635213200828, "transform_coords.TransformCoords.time_energy_to_tof": 1635213219584, "transform_coords.TransformCoords.time_tof_to_dspacing": 1635213238293, "transform_coords.TransformCoords.time_tof_to_energy": 1635213257901, "transform_coords.TransformCoords.time_tof_to_wavelength": 1635213276604, "transform_coords.TransformCoords.time_wavelength_to_tof": 1635213295409}, "benchmark_version": {"load_nexus.LoadNexus.time_load_event_nexus": "9bb61e37c240f4221eff71f827efb0f1cfb5371f7c6b0e72f79b9ca92578e5e9", "transform_coords.TransformCoords.time_energy_to_tof": "f1ea8beffb41e75997f96056160ef6dd12d9afb53546d00f7e0cb2b307a616bb", "transform_coords.TransformCoords.time_tof_to_dspacing": "76d3e8bdf45621127e026f90298e8f292d01ddb57cb7caf05a5ce555a659d8ac", "transform_coords.TransformCoords.time_tof_to_energy": "32774381c7e0285d159959187b4537339285cc2573292bc6b39f5edd04d4bc0b", "transform_coords.TransformCoords.time_tof_to_wavelength": "46879c3a68b31604accd5a00f4187eb567d166242d70d944aa010a5d6f8de380", "transform_coords.TransformCoords.time_wavelength_to_tof": "d4710ab73daad9eb187b2c50c320802720ae09b880a656f3ac5284d75fea178b"}, "version": 1}