{"results": {"load_nexus.LoadNexus.time_load_event_nexus": {"result": [5.627252678000019], "stats": [{"ci_99": [0.040276978000377994, 11.214228377999657], "q_25": 5.571382921000023, "q_75": 5.683122435000016, "min": 5.515513164000026, "max": 5.738992192000012, "mean": 5.627252678000019, "std": 0.11173951399999282, "repeat": 2, "number": 1}]}, "transform_coords.TransformCoords.time_energy_to_tof": {"result": [0.0016665826000121342], "stats": [{"ci_99": [0.0015801482706758255, 0.001776517729337494], "q_25": 0.0016541272500091963, "q_75": 0.0016907883500095976, "min": 0.001640131800013478, "max": 0.001740034999988893, "mean": 0.0016783330000066598, "std": 3.76297313138338e-05, "repeat": 4, "number": 5}]}, "transform_coords.TransformCoords.time_tof_to_dspacing": {"result": [0.03811569850000751], "stats": [{"ci_99": [0.03730957579794486, 0.03903478020210477], "q_25": 0.0379744977499854, "q_75": 0.03831337875004692, "min": 0.03779119700004685, "max": 0.038666118000037386, "mean": 0.038172178000024815, "std": 0.0003195055922887674, "repeat": 4, "number": 1}]}, "transform_coords.TransformCoords.time_tof_to_energy": {"result": [0.30643510350000724], "stats": [{"ci_99": [0.2837903630138107, 0.33850215748615764], "q_25": 0.30453373775000614, "q_75": 0.31304762599998526, "min": 0.3017435570000089, "max": 0.32997127699991324, "mean": 0.31114626024998415, "std": 0.011057451657554066, "repeat": 4, "number": 1}]}, "transform_coords.TransformCoords.time_tof_to_wavelength": {"result": [0.0016207913000016562], "stats": [{"ci_99": [0.0007019466381467567, 0.0031260142618674547], "q_25": 0.0016094159000033415, "q_75": 0.001925355850005417, "min": 0.0016084106000107568, "max": 0.0028059286000143404, "mean": 0.0019139804500071023, "std": 0.0005150504750357411, "repeat": 4, "number": 5}]}, "transform_coords.TransformCoords.time_wavelength_to_tof": {"result": [0.03616874099998313], "stats": [{"ci_99": [0.033081769089793545, 0.03988648341021084], "q_25": 0.03542799299995636, "q_75": 0.03722487425002896, "min": 0.035292915000013636, "max": 0.03830610800002887, "mean": 0.03648412625000219, "std": 0.0012150715672424794, "repeat": 4, "number": 1}]}}, "params": {"cpu": "2 Core CPU", "machine": "cloud-container", "os": "Ubuntu latest", "ram": "7GB", "python": "3.9", "appdirs": "", "cmake": "", "conan": "", "ess-dmsc::ess-streaming-data-types": "", "h5py": "", "ipykernel": "6.3.1", "ipympl": "", "ipywidgets": "", "mantid-framework": "", "matplotlib-base": "", "ninja": "", "numpy": "", "pip": "", "pooch": "", "python-configuration": "", "python-confluent-kafka": "", "pythreejs": "", "pyyaml": "", "scipp::scipp": "", "scipy": "", "tbb": ""}, "requirements": {"appdirs": "", "cmake": "", "conan": "", "ess-dmsc::ess-streaming-data-types": "", "h5py": "", "ipykernel": "6.3.1", "ipympl": "", "ipywidgets": "", "mantid-framework": "", "matplotlib-base": "", "ninja": "", "numpy": "", "pip": "", "pooch": "", "python-configuration": "", "python-confluent-kafka": "", "pythreejs": "", "pyyaml": "", "scipp::scipp": "", "scipy": "", "tbb": ""}, "commit_hash": "9b58501b5902732511dca809ebe04b0da1061622", "date": 1635165988000, "env_name": "conda-py3.9-appdirs-cmake-conan-ess-dmsc__ess-streaming-data-types-h5py-ipykernel6.3.1-ipympl-ipywidgets-mantid-framework-matplotlib-base-ninja-numpy-pip-pooch-python-configuration-python-confluent-kafka-pythreejs-pyyaml-scipp__scipp-scipy-tbb", "python": "3.9", "profiles": {}, "started_at": {"load_nexus.LoadNexus.time_load_event_nexus": 1635279149815, "transform_coords.TransformCoords.time_energy_to_tof": 1635279161556, "transform_coords.TransformCoords.time_tof_to_dspacing": 1635279179063, "transform_coords.TransformCoords.time_tof_to_energy": 1635279196471, "transform_coords.TransformCoords.time_tof_to_wavelength": 1635279214426, "transform_coords.TransformCoords.time_wavelength_to_tof": 1635279231883}, "ended_at": {"load_nexus.LoadNexus.time_load_event_nexus": 1635279161555, "transform_coords.TransformCoords.time_energy_to_tof": 1635279179062, "transform_coords.TransformCoords.time_tof_to_dspacing": 1635279196471, "transform_coords.TransformCoords.time_tof_to_energy": 1635279214425, "transform_coords.TransformCoords.time_tof_to_wavelength": 1635279231883, "transform_coords.TransformCoords.time_wavelength_to_tof": 1635279249390}, "benchmark_version": {"load_nexus.LoadNexus.time_load_event_nexus": "9bb61e37c240f4221eff71f827efb0f1cfb5371f7c6b0e72f79b9ca92578e5e9", "transform_coords.TransformCoords.time_energy_to_tof": "f1ea8beffb41e75997f96056160ef6dd12d9afb53546d00f7e0cb2b307a616bb", "transform_coords.TransformCoords.time_tof_to_dspacing": "76d3e8bdf45621127e026f90298e8f292d01ddb57cb7caf05a5ce555a659d8ac", "transform_coords.TransformCoords.time_tof_to_energy": "32774381c7e0285d159959187b4537339285cc2573292bc6b39f5edd04d4bc0b", "transform_coords.TransformCoords.time_tof_to_wavelength": "46879c3a68b31604accd5a00f4187eb567d166242d70d944aa010a5d6f8de380", "transform_coords.TransformCoords.time_wavelength_to_tof": "d4710ab73daad9eb187b2c50c320802720ae09b880a656f3ac5284d75fea178b"}, "version": 1}