{"results": {"load_nexus.LoadNexus.time_load_event_nexus": {"result": [5.406796950999961], "stats": [{"ci_99": [3.8547110510022264, 6.9588828509976945], "q_25": 5.391276091999984, "q_75": 5.422317809999939, "min": 5.375755233000007, "max": 5.437838668999916, "mean": 5.406796950999961, "std": 0.0310417179999547, "repeat": 2, "number": 1}]}, "transform_coords.TransformCoords.time_energy_to_tof": {"result": [0.001671145900002102], "stats": [{"ci_99": [0.0014321254815675138, 0.001989810318435471], "q_25": 0.0016320389000043178, "q_75": 0.0017500748999992764, "min": 0.0016151629999967554, "max": 0.0018864168000050086, "mean": 0.001710967900001492, "std": 0.00010650648714328391, "repeat": 4, "number": 5}]}, "transform_coords.TransformCoords.time_tof_to_dspacing": {"result": [0.04018506549999756], "stats": [{"ci_99": [0.036755782328802306, 0.04517072167116408], "q_25": 0.0398792505000074, "q_75": 0.04126906699997335, "min": 0.03960083399999803, "max": 0.043882042999939586, "mean": 0.040963251999983186, "std": 0.0017086118824794028, "repeat": 4, "number": 1}]}, "transform_coords.TransformCoords.time_tof_to_energy": {"result": [0.3295453344999828], "stats": [{"ci_99": [0.32365319488323124, 0.33680193111681367], "q_25": 0.3282062687500229, "q_75": 0.33156662874998233, "min": 0.3279488410000795, "max": 0.33387074200004463, "mean": 0.33022756300002243, "std": 0.002373683969130969, "repeat": 4, "number": 1}]}, "transform_coords.TransformCoords.time_tof_to_wavelength": {"result": [0.0016137928999910402], "stats": [{"ci_99": [0.0015850331834293696, 0.0016579834165632737], "q_25": 0.0016121427999962635, "q_75": 0.0016231583999910984, "min": 0.0016107628000099794, "max": 0.0016476845999932265, "mean": 0.0016215082999963216, "std": 1.5186769916479422e-05, "repeat": 4, "number": 5}]}, "transform_coords.TransformCoords.time_wavelength_to_tof": {"result": [0.03741607199998498], "stats": [{"ci_99": [0.034553017349965284, 0.04009766865001875], "q_25": 0.036658233499963444, "q_75": 0.03808318150001355, "min": 0.035966249000011885, "max": 0.038502978999986226, "mean": 0.03732534299999202, "std": 0.0009754816414060879, "repeat": 4, "number": 1}]}}, "params": {"cpu": "2 Core CPU", "machine": "cloud-container", "os": "Ubuntu latest", "ram": "7GB", "python": "3.9", "appdirs": "", "cmake": "", "conan": "", "ess-dmsc::ess-streaming-data-types": "", "h5py": "", "ipykernel": "6.3.1", "ipympl": "", "ipywidgets": "", "mantid-framework": "", "matplotlib-base": "", "ninja": "", "numpy": "", "pip": "", "pooch": "", "python-configuration": "", "python-confluent-kafka": "", "pythreejs": "", "pyyaml": "", "scipp::scipp": "", "scipy": "", "tbb": ""}, "requirements": {"appdirs": "", "cmake": "", "conan": "", "ess-dmsc::ess-streaming-data-types": "", "h5py": "", "ipykernel": "6.3.1", "ipympl": "", "ipywidgets": "", "mantid-framework": "", "matplotlib-base": "", "ninja": "", "numpy": "", "pip": "", "pooch": "", "python-configuration": "", "python-confluent-kafka": "", "pythreejs": "", "pyyaml": "", "scipp::scipp": "", "scipy": "", "tbb": ""}, "commit_hash": "9b58501b5902732511dca809ebe04b0da1061622", "date": 1635165988000, "env_name": "conda-py3.9-appdirs-cmake-conan-ess-dmsc__ess-streaming-data-types-h5py-ipykernel6.3.1-ipympl-ipywidgets-mantid-framework-matplotlib-base-ninja-numpy-pip-pooch-python-configuration-python-confluent-kafka-pythreejs-pyyaml-scipp__scipp-scipy-tbb", "python": "3.9", "profiles": {}, "started_at": {"load_nexus.LoadNexus.time_load_event_nexus": 1635221601995, "transform_coords.TransformCoords.time_energy_to_tof": 1635221613437, "transform_coords.TransformCoords.time_tof_to_dspacing": 1635221631798, "transform_coords.TransformCoords.time_tof_to_energy": 1635221650169, "transform_coords.TransformCoords.time_tof_to_wavelength": 1635221669379, "transform_coords.TransformCoords.time_wavelength_to_tof": 1635221687634}, "ended_at": {"load_nexus.LoadNexus.time_load_event_nexus": 1635221613436, "transform_coords.TransformCoords.time_energy_to_tof": 1635221631798, "transform_coords.TransformCoords.time_tof_to_dspacing": 1635221650169, "transform_coords.TransformCoords.time_tof_to_energy": 1635221669378, "transform_coords.TransformCoords.time_tof_to_wavelength": 1635221687633, "transform_coords.TransformCoords.time_wavelength_to_tof": 1635221706042}, "benchmark_version": {"load_nexus.LoadNexus.time_load_event_nexus": "9bb61e37c240f4221eff71f827efb0f1cfb5371f7c6b0e72f79b9ca92578e5e9", "transform_coords.TransformCoords.time_energy_to_tof": "f1ea8beffb41e75997f96056160ef6dd12d9afb53546d00f7e0cb2b307a616bb", "transform_coords.TransformCoords.time_tof_to_dspacing": "76d3e8bdf45621127e026f90298e8f292d01ddb57cb7caf05a5ce555a659d8ac", "transform_coords.TransformCoords.time_tof_to_energy": "32774381c7e0285d159959187b4537339285cc2573292bc6b39f5edd04d4bc0b", "transform_coords.TransformCoords.time_tof_to_wavelength": "46879c3a68b31604accd5a00f4187eb567d166242d70d944aa010a5d6f8de380", "transform_coords.TransformCoords.time_wavelength_to_tof": "d4710ab73daad9eb187b2c50c320802720ae09b880a656f3ac5284d75fea178b"}, "version": 1}