{"results": {"load_nexus.LoadNexus.time_load_event_nexus": {"result": [5.560413132500003], "stats": [{"ci_99": [3.495899157499821, 7.6249271075001825], "q_25": 5.539767992750001, "q_75": 5.581058272250004, "min": 5.519122852999999, "max": 5.601703412000006, "mean": 5.560413132500003, "std": 0.041290279500003635, "repeat": 2, "number": 1}]}, "transform_coords.TransformCoords.time_energy_to_tof": {"result": [0.001683140000000094], "stats": [{"ci_99": [0.001593509805459559, 0.0017978600945499632], "q_25": 0.0016640397500054859, "q_75": 0.001714785199999369, "min": 0.001661849600009191, "max": 0.0017546102000096653, "mean": 0.001695684950004761, "std": 3.7438937065830695e-05, "repeat": 4, "number": 5}]}, "transform_coords.TransformCoords.time_tof_to_dspacing": {"result": [0.045326366500034965], "stats": [{"ci_99": [0.04327523681899053, 0.047698997180996086], "q_25": 0.044950962999962485, "q_75": 0.045862520500065784, "min": 0.04454175999990184, "max": 0.046753975000001446, "mean": 0.045487116999993304, "std": 0.0008161732178806679, "repeat": 4, "number": 1}]}, "transform_coords.TransformCoords.time_tof_to_energy": {"result": [0.33614496350003265], "stats": [{"ci_99": [0.28800890639408633, 0.3829615626059107], "q_25": 0.32059252150006046, "q_75": 0.35103767649997053, "min": 0.3168501520000291, "max": 0.352800858999899, "mean": 0.33548523449999834, "std": 0.01625755867756152, "repeat": 4, "number": 1}]}, "transform_coords.TransformCoords.time_tof_to_wavelength": {"result": [0.0017104698999901302], "stats": [{"ci_99": [0.0016231256510805107, 0.0017901529489067682], "q_25": 0.0016876191499932249, "q_75": 0.001729490049990545, "min": 0.0016641272000015306, "max": 0.0017414901999927678, "mean": 0.00170663929999364, "std": 2.9590613702468882e-05, "repeat": 4, "number": 5}]}, "transform_coords.TransformCoords.time_wavelength_to_tof": {"result": [0.04197844499998382], "stats": [{"ci_99": [0.03782987756558187, 0.04565296793440461], "q_25": 0.04086748824997244, "q_75": 0.042852379500004645, "min": 0.03970933300001889, "max": 0.04329946799998652, "mean": 0.04174142274999326, "std": 0.0013892648564156637, "repeat": 4, "number": 1}]}}, "params": {"cpu": "2 Core CPU", "machine": "cloud-container", "os": "Ubuntu latest", "ram": "7GB", "python": "3.9", "appdirs": "", "cmake": "", "conan": "", "ess-dmsc::ess-streaming-data-types": "", "h5py": "", "ipykernel": "6.3.1", "ipympl": "", "ipywidgets": "", "mantid-framework": "", "matplotlib-base": "", "ninja": "", "numpy": "", "pip": "", "pooch": "", "python-configuration": "", "python-confluent-kafka": "", "pythreejs": "", "pyyaml": "", "scipp::scipp": "", "scipy": "", "tbb": ""}, "requirements": {"appdirs": "", "cmake": "", "conan": "", "ess-dmsc::ess-streaming-data-types": "", "h5py": "", "ipykernel": "6.3.1", "ipympl": "", "ipywidgets": "", "mantid-framework": "", "matplotlib-base": "", "ninja": "", "numpy": "", "pip": "", "pooch": "", "python-configuration": "", "python-confluent-kafka": "", "pythreejs": "", "pyyaml": "", "scipp::scipp": "", "scipy": "", "tbb": ""}, "commit_hash": "9b58501b5902732511dca809ebe04b0da1061622", "date": 1635165988000, "env_name": "conda-py3.9-appdirs-cmake-conan-ess-dmsc__ess-streaming-data-types-h5py-ipykernel6.3.1-ipympl-ipywidgets-mantid-framework-matplotlib-base-ninja-numpy-pip-pooch-python-configuration-python-confluent-kafka-pythreejs-pyyaml-scipp__scipp-scipy-tbb", "python": "3.9", "profiles": {}, "started_at": {"load_nexus.LoadNexus.time_load_event_nexus": 1635174681461, "transform_coords.TransformCoords.time_energy_to_tof": 1635174693203, "transform_coords.TransformCoords.time_tof_to_dspacing": 1635174712216, "transform_coords.TransformCoords.time_tof_to_energy": 1635174731375, "transform_coords.TransformCoords.time_tof_to_wavelength": 1635174751191, "transform_coords.TransformCoords.time_wavelength_to_tof": 1635174770158}, "ended_at": {"load_nexus.LoadNexus.time_load_event_nexus": 1635174693202, "transform_coords.TransformCoords.time_energy_to_tof": 1635174712215, "transform_coords.TransformCoords.time_tof_to_dspacing": 1635174731375, "transform_coords.TransformCoords.time_tof_to_energy": 1635174751191, "transform_coords.TransformCoords.time_tof_to_wavelength": 1635174770157, "transform_coords.TransformCoords.time_wavelength_to_tof": 1635174788980}, "benchmark_version": {"load_nexus.LoadNexus.time_load_event_nexus": "9bb61e37c240f4221eff71f827efb0f1cfb5371f7c6b0e72f79b9ca92578e5e9", "transform_coords.TransformCoords.time_energy_to_tof": "f1ea8beffb41e75997f96056160ef6dd12d9afb53546d00f7e0cb2b307a616bb", "transform_coords.TransformCoords.time_tof_to_dspacing": "76d3e8bdf45621127e026f90298e8f292d01ddb57cb7caf05a5ce555a659d8ac", "transform_coords.TransformCoords.time_tof_to_energy": "32774381c7e0285d159959187b4537339285cc2573292bc6b39f5edd04d4bc0b", "transform_coords.TransformCoords.time_tof_to_wavelength": "46879c3a68b31604accd5a00f4187eb567d166242d70d944aa010a5d6f8de380", "transform_coords.TransformCoords.time_wavelength_to_tof": "d4710ab73daad9eb187b2c50c320802720ae09b880a656f3ac5284d75fea178b"}, "version": 1}