{"results": {"load_nexus.LoadNexus.time_load_event_nexus": {"result": [5.381452340999999], "stats": [{"ci_99": [-2.394272658999057, 13.157177340999048], "q_25": 5.303695091000009, "q_75": 5.45920959099999, "min": 5.225937841000018, "max": 5.53696684099998, "mean": 5.381452340999999, "std": 0.15551449999998113, "repeat": 2, "number": 1}]}, "transform_coords.TransformCoords.time_energy_to_tof": {"result": [0.0016192962500080437], "stats": [{"ci_99": [0.001393333145291309, 0.0018558176880541912], "q_25": 0.0015894077083373759, "q_75": 0.001654463958343418, "min": 0.0015071178333414537, "max": 0.0017525913333334604, "mean": 0.0016245754166727504, "std": 8.696577957151375e-05, "repeat": 4, "number": 6}]}, "transform_coords.TransformCoords.time_tof_to_dspacing": {"result": [0.04481801499997573], "stats": [{"ci_99": [0.04139157665982827, 0.04898066834014082], "q_25": 0.0439599827499535, "q_75": 0.04604415475000678, "min": 0.04392848199995569, "max": 0.04717997800003104, "mean": 0.04518612249998455, "std": 0.001347659696254012, "repeat": 4, "number": 1}]}, "transform_coords.TransformCoords.time_tof_to_energy": {"result": [0.29882637500003284], "stats": [{"ci_99": [0.28949106863878943, 0.3087082258612448], "q_25": 0.29653542575002234, "q_75": 0.30139059650002764, "min": 0.29493265400003565, "max": 0.30381318499996723, "mean": 0.29909964725001714, "std": 0.003387571396910026, "repeat": 4, "number": 1}]}, "transform_coords.TransformCoords.time_tof_to_wavelength": {"result": [0.0015089708000004976], "stats": [{"ci_99": [0.0012334659818481735, 0.0019008271181558429], "q_25": 0.0014786703499964917, "q_75": 0.0015974470000060137, "min": 0.001457040200011761, "max": 0.0017936043999952744, "mean": 0.0015671465500020076, "std": 0.00013345573709416176, "repeat": 4, "number": 5}]}, "transform_coords.TransformCoords.time_wavelength_to_tof": {"result": [0.043239236999966124], "stats": [{"ci_99": [0.035954265720366585, 0.050354006779567875], "q_25": 0.041241912249972756, "q_75": 0.04515146099996059, "min": 0.03988154199998917, "max": 0.04625652899994748, "mean": 0.04315413624996722, "std": 0.0025058060069696663, "repeat": 4, "number": 1}]}}, "params": {"cpu": "2 Core CPU", "machine": "cloud-container", "os": "Ubuntu latest", "ram": "7GB", "python": "3.9", "appdirs": "", "cmake": "", "conan": "", "ess-dmsc::ess-streaming-data-types": "", "h5py": "", "ipykernel": "6.3.1", "ipympl": "", "ipywidgets": "", "mantid-framework": "", "matplotlib-base": "", "ninja": "", "numpy": "", "pip": "", "pooch": "", "python-configuration": "", "python-confluent-kafka": "", "pythreejs": "", "pyyaml": "", "scipp::scipp": "", "scipy": "", "tbb": ""}, "requirements": {"appdirs": "", "cmake": "", "conan": "", "ess-dmsc::ess-streaming-data-types": "", "h5py": "", "ipykernel": "6.3.1", "ipympl": "", "ipywidgets": "", "mantid-framework": "", "matplotlib-base": "", "ninja": "", "numpy": "", "pip": "", "pooch": "", "python-configuration": "", "python-confluent-kafka": "", "pythreejs": "", "pyyaml": "", "scipp::scipp": "", "scipy": "", "tbb": ""}, "commit_hash": "9b58501b5902732511dca809ebe04b0da1061622", "date": 1635165988000, "env_name": "conda-py3.9-appdirs-cmake-conan-ess-dmsc__ess-streaming-data-types-h5py-ipykernel6.3.1-ipympl-ipywidgets-mantid-framework-matplotlib-base-ninja-numpy-pip-pooch-python-configuration-python-confluent-kafka-pythreejs-pyyaml-scipp__scipp-scipy-tbb", "python": "3.9", "profiles": {}, "started_at": {"load_nexus.LoadNexus.time_load_event_nexus": 1635311467561, "transform_coords.TransformCoords.time_energy_to_tof": 1635311478651, "transform_coords.TransformCoords.time_tof_to_dspacing": 1635311496061, "transform_coords.TransformCoords.time_tof_to_energy": 1635311513471, "transform_coords.TransformCoords.time_tof_to_wavelength": 1635311531542, "transform_coords.TransformCoords.time_wavelength_to_tof": 1635311548853}, "ended_at": {"load_nexus.LoadNexus.time_load_event_nexus": 1635311478650, "transform_coords.TransformCoords.time_energy_to_tof": 1635311496060, "transform_coords.TransformCoords.time_tof_to_dspacing": 1635311513470, "transform_coords.TransformCoords.time_tof_to_energy": 1635311531541, "transform_coords.TransformCoords.time_tof_to_wavelength": 1635311548852, "transform_coords.TransformCoords.time_wavelength_to_tof": 1635311566710}, "benchmark_version": {"load_nexus.LoadNexus.time_load_event_nexus": "9bb61e37c240f4221eff71f827efb0f1cfb5371f7c6b0e72f79b9ca92578e5e9", "transform_coords.TransformCoords.time_energy_to_tof": "f1ea8beffb41e75997f96056160ef6dd12d9afb53546d00f7e0cb2b307a616bb", "transform_coords.TransformCoords.time_tof_to_dspacing": "76d3e8bdf45621127e026f90298e8f292d01ddb57cb7caf05a5ce555a659d8ac", "transform_coords.TransformCoords.time_tof_to_energy": "32774381c7e0285d159959187b4537339285cc2573292bc6b39f5edd04d4bc0b", "transform_coords.TransformCoords.time_tof_to_wavelength": "46879c3a68b31604accd5a00f4187eb567d166242d70d944aa010a5d6f8de380", "transform_coords.TransformCoords.time_wavelength_to_tof": "d4710ab73daad9eb187b2c50c320802720ae09b880a656f3ac5284d75fea178b"}, "version": 1}