{"results": {"load_nexus.LoadNexus.time_load_event_nexus": {"result": [5.090747166000028], "stats": [{"ci_99": [4.703995766002208, 5.477498565997848], "q_25": 5.08687965200005, "q_75": 5.0946146800000065, "min": 5.083012138000072, "max": 5.098482193999985, "mean": 5.090747166000028, "std": 0.007735027999956401, "repeat": 2, "number": 1}]}, "transform_coords.TransformCoords.time_energy_to_tof": {"result": [0.0016834775999996054], "stats": [{"ci_99": [0.001513141532257491, 0.0018522841677448413], "q_25": 0.0016551998000011278, "q_75": 0.001710990649999644, "min": 0.0015929101999972773, "max": 0.001770986000008179, "mean": 0.001682712850001167, "std": 6.318776200981766e-05, "repeat": 4, "number": 5}]}, "transform_coords.TransformCoords.time_tof_to_dspacing": {"result": [0.03953822700003684], "stats": [{"ci_99": [0.03429425696015876, 0.046821095539876297], "q_25": 0.03873040175004405, "q_75": 0.04136550150001028, "min": 0.038557894999996734, "max": 0.04459635599999956, "mean": 0.040557676250017494, "std": 0.0024245918175030538, "repeat": 4, "number": 1}]}, "transform_coords.TransformCoords.time_tof_to_energy": {"result": [0.3139212520000001], "stats": [{"ci_99": [0.29426735441372726, 0.33654744308623835], "q_25": 0.30853863874997955, "q_75": 0.32079001200000334, "min": 0.30812519899996005, "max": 0.325661891999971, "mean": 0.3154073987499828, "std": 0.0073759437263740575, "repeat": 4, "number": 1}]}, "transform_coords.TransformCoords.time_tof_to_wavelength": {"result": [0.0016387885833353266], "stats": [{"ci_99": [0.0014492005097049353, 0.0018052539902901276], "q_25": 0.0016037812083311564, "q_75": 0.0016622346250017017, "min": 0.0015223958333194787, "max": 0.0017089359999999942, "mean": 0.0016272272499975315, "std": 6.71889672164951e-05, "repeat": 4, "number": 6}]}, "transform_coords.TransformCoords.time_wavelength_to_tof": {"result": [0.03667857849995926], "stats": [{"ci_99": [0.033863643639896704, 0.039886522860065984], "q_25": 0.036257863000003, "q_75": 0.0372957987499376, "min": 0.03550408600005994, "max": 0.03863908999994692, "mean": 0.036875083249981344, "std": 0.0011320349506029348, "repeat": 4, "number": 1}]}}, "params": {"cpu": "2 Core CPU", "machine": "cloud-container", "os": "Ubuntu latest", "ram": "7GB", "python": "3.9", "appdirs": "", "cmake": "", "conan": "", "ess-dmsc::ess-streaming-data-types": "", "h5py": "", "ipykernel": "6.3.1", "ipympl": "", "ipywidgets": "", "mantid-framework": "", "matplotlib-base": "", "ninja": "", "numpy": "", "pip": "", "pooch": "", "python-configuration": "", "python-confluent-kafka": "", "pythreejs": "", "pyyaml": "", "scipp::scipp": "", "scipy": "", "tbb": ""}, "requirements": {"appdirs": "", "cmake": "", "conan": "", "ess-dmsc::ess-streaming-data-types": "", "h5py": "", "ipykernel": "6.3.1", "ipympl": "", "ipywidgets": "", "mantid-framework": "", "matplotlib-base": "", "ninja": "", "numpy": "", "pip": "", "pooch": "", "python-configuration": "", "python-confluent-kafka": "", "pythreejs": "", "pyyaml": "", "scipp::scipp": "", "scipy": "", "tbb": ""}, "commit_hash": "9b58501b5902732511dca809ebe04b0da1061622", "date": 1635165988000, "env_name": "conda-py3.9-appdirs-cmake-conan-ess-dmsc__ess-streaming-data-types-h5py-ipykernel6.3.1-ipympl-ipywidgets-mantid-framework-matplotlib-base-ninja-numpy-pip-pooch-python-configuration-python-confluent-kafka-pythreejs-pyyaml-scipp__scipp-scipy-tbb", "python": "3.9", "profiles": {}, "started_at": {"load_nexus.LoadNexus.time_load_event_nexus": 1635261079929, "transform_coords.TransformCoords.time_energy_to_tof": 1635261090672, "transform_coords.TransformCoords.time_tof_to_dspacing": 1635261108625, "transform_coords.TransformCoords.time_tof_to_energy": 1635261126429, "transform_coords.TransformCoords.time_tof_to_wavelength": 1635261144787, "transform_coords.TransformCoords.time_wavelength_to_tof": 1635261162290}, "ended_at": {"load_nexus.LoadNexus.time_load_event_nexus": 1635261090672, "transform_coords.TransformCoords.time_energy_to_tof": 1635261108625, "transform_coords.TransformCoords.time_tof_to_dspacing": 1635261126429, "transform_coords.TransformCoords.time_tof_to_energy": 1635261144786, "transform_coords.TransformCoords.time_tof_to_wavelength": 1635261162290, "transform_coords.TransformCoords.time_wavelength_to_tof": 1635261179790}, "benchmark_version": {"load_nexus.LoadNexus.time_load_event_nexus": "9bb61e37c240f4221eff71f827efb0f1cfb5371f7c6b0e72f79b9ca92578e5e9", "transform_coords.TransformCoords.time_energy_to_tof": "f1ea8beffb41e75997f96056160ef6dd12d9afb53546d00f7e0cb2b307a616bb", "transform_coords.TransformCoords.time_tof_to_dspacing": "76d3e8bdf45621127e026f90298e8f292d01ddb57cb7caf05a5ce555a659d8ac", "transform_coords.TransformCoords.time_tof_to_energy": "32774381c7e0285d159959187b4537339285cc2573292bc6b39f5edd04d4bc0b", "transform_coords.TransformCoords.time_tof_to_wavelength": "46879c3a68b31604accd5a00f4187eb567d166242d70d944aa010a5d6f8de380", "transform_coords.TransformCoords.time_wavelength_to_tof": "d4710ab73daad9eb187b2c50c320802720ae09b880a656f3ac5284d75fea178b"}, "version": 1}