{"results": {"load_nexus.LoadNexus.time_load_event_nexus": {"result": [4.74291636449999], "stats": [{"ci_99": [4.541629942997094, 4.959923899002928], "q_25": 4.696130439250027, "q_75": 4.797562846249974, "min": 4.660004119000064, "max": 4.857270835999998, "mean": 4.750776921000011, "std": 0.07436144508386826, "repeat": 4, "number": 1}]}, "transform_coords.TransformCoords.time_energy_to_tof": {"result": [0.0013594860000030926], "stats": [{"ci_99": [0.001296648095244233, 0.0014724708333346825], "q_25": 0.0013444091666769964, "q_75": 0.0013960238333320756, "min": 0.0013144353333321608, "max": 0.0014724708333346825, "mean": 0.001375577472224955, "std": 5.1316955647177116e-05, "repeat": 6, "number": 6}]}, "transform_coords.TransformCoords.time_tof_to_dspacing": {"result": [0.03564814550000506], "stats": [{"ci_99": [0.03427297042455735, 0.03749242700001787], "q_25": 0.0350145889999709, "q_75": 0.035700897499992834, "min": 0.03454978599995684, "max": 0.03749242700001787, "mean": 0.035643398166655516, "std": 0.0009400695905928489, "repeat": 6, "number": 1}]}, "transform_coords.TransformCoords.time_tof_to_energy": {"result": [0.2587863599999878], "stats": [{"ci_99": [0.254006444554295, 0.2651663500000154], "q_25": 0.2570094620000418, "q_75": 0.25892996400000357, "min": 0.2566509129999872, "max": 0.2651663500000154, "mean": 0.25930860980000714, "std": 0.0030685068236259556, "repeat": 5, "number": 1}]}, "transform_coords.TransformCoords.time_tof_to_wavelength": {"result": [0.001343901083330934], "stats": [{"ci_99": [0.0012373859670125249, 0.00163780650000452], "q_25": 0.001311921916671584, "q_75": 0.001366779874987382, "min": 0.0013000683333264835, "max": 0.00163780650000452, "mean": 0.0013835575555529228, "std": 0.0001165877837859179, "repeat": 6, "number": 6}]}, "transform_coords.TransformCoords.time_wavelength_to_tof": {"result": [0.033488125500070964], "stats": [{"ci_99": [0.03231986977246607, 0.03457745089433577], "q_25": 0.03292291800008229, "q_75": 0.03396176400008244, "min": 0.03253416300003664, "max": 0.03432738900005461, "mean": 0.033448660333400916, "std": 0.0006568822553439995, "repeat": 6, "number": 1}]}}, "params": {"cpu": "2 Core CPU", "machine": "cloud-container", "os": "Ubuntu latest", "ram": "7GB", "python": "3.9", "appdirs": "", "cmake": "", "conan": "", "ess-dmsc::ess-streaming-data-types": "", "h5py": "", "ipykernel": "6.3.1", "ipympl": "", "ipywidgets": "", "mantid-framework": "", "matplotlib-base": "", "ninja": "", "numpy": "", "pip": "", "pooch": "", "python-configuration": "", "python-confluent-kafka": "", "pythreejs": "", "pyyaml": "", "scipp::scipp": "", "scipy": "", "tbb": ""}, "requirements": {"appdirs": "", "cmake": "", "conan": "", "ess-dmsc::ess-streaming-data-types": "", "h5py": "", "ipykernel": "6.3.1", "ipympl": "", "ipywidgets": "", "mantid-framework": "", "matplotlib-base": "", "ninja": "", "numpy": "", "pip": "", "pooch": "", "python-configuration": "", "python-confluent-kafka": "", "pythreejs": "", "pyyaml": "", "scipp::scipp": "", "scipy": "", "tbb": ""}, "commit_hash": "9b58501b5902732511dca809ebe04b0da1061622", "date": 1635165988000, "env_name": "conda-py3.9-appdirs-cmake-conan-ess-dmsc__ess-streaming-data-types-h5py-ipykernel6.3.1-ipympl-ipywidgets-mantid-framework-matplotlib-base-ninja-numpy-pip-pooch-python-configuration-python-confluent-kafka-pythreejs-pyyaml-scipp__scipp-scipy-tbb", "python": "3.9", "profiles": {}, "started_at": {"load_nexus.LoadNexus.time_load_event_nexus": 1635282606704, "transform_coords.TransformCoords.time_energy_to_tof": 1635282621706, "transform_coords.TransformCoords.time_tof_to_dspacing": 1635282641126, "transform_coords.TransformCoords.time_tof_to_energy": 1635282660587, "transform_coords.TransformCoords.time_tof_to_wavelength": 1635282676400, "transform_coords.TransformCoords.time_wavelength_to_tof": 1635282695664}, "ended_at": {"load_nexus.LoadNexus.time_load_event_nexus": 1635282621705, "transform_coords.TransformCoords.time_energy_to_tof": 1635282641125, "transform_coords.TransformCoords.time_tof_to_dspacing": 1635282660587, "transform_coords.TransformCoords.time_tof_to_energy": 1635282676399, "transform_coords.TransformCoords.time_tof_to_wavelength": 1635282695664, "transform_coords.TransformCoords.time_wavelength_to_tof": 1635282715179}, "benchmark_version": {"load_nexus.LoadNexus.time_load_event_nexus": "9bb61e37c240f4221eff71f827efb0f1cfb5371f7c6b0e72f79b9ca92578e5e9", "transform_coords.TransformCoords.time_energy_to_tof": "f1ea8beffb41e75997f96056160ef6dd12d9afb53546d00f7e0cb2b307a616bb", "transform_coords.TransformCoords.time_tof_to_dspacing": "76d3e8bdf45621127e026f90298e8f292d01ddb57cb7caf05a5ce555a659d8ac", "transform_coords.TransformCoords.time_tof_to_energy": "32774381c7e0285d159959187b4537339285cc2573292bc6b39f5edd04d4bc0b", "transform_coords.TransformCoords.time_tof_to_wavelength": "46879c3a68b31604accd5a00f4187eb567d166242d70d944aa010a5d6f8de380", "transform_coords.TransformCoords.time_wavelength_to_tof": "d4710ab73daad9eb187b2c50c320802720ae09b880a656f3ac5284d75fea178b"}, "version": 1}