{"results": {"load_nexus.LoadNexus.time_load_event_nexus": {"result": [4.759357946000023], "stats": [{"ci_99": [3.9446333688656208, 5.716543225801028], "q_25": 4.718580056999997, "q_75": 4.9069813620000104, "min": 4.677802167999971, "max": 5.054604777999998, "mean": 4.830588297333331, "std": 0.16186491062819014, "repeat": 3, "number": 1}]}, "transform_coords.TransformCoords.time_energy_to_tof": {"result": [0.0013463758333311184], "stats": [{"ci_99": [0.0013253732838160075, 0.0013661009384014862], "q_25": 0.0013388292083268045, "q_75": 0.001354872083339842, "min": 0.0013260013333251663, "max": 0.0013616518333302945, "mean": 0.0013457371111087468, "std": 1.2192401253514921e-05, "repeat": 6, "number": 6}]}, "transform_coords.TransformCoords.time_tof_to_dspacing": {"result": [0.03579568850000214], "stats": [{"ci_99": [0.03560570054483783, 0.0362273749999531], "q_25": 0.035767147749993455, "q_75": 0.035957805749973204, "min": 0.03569490500001393, "max": 0.0362273749999531, "mean": 0.03588052266665424, "std": 0.00018222362923251429, "repeat": 6, "number": 1}]}, "transform_coords.TransformCoords.time_tof_to_energy": {"result": [0.2585643045000552], "stats": [{"ci_99": [0.25665936672496537, 0.2625183190000371], "q_25": 0.2581269970000619, "q_75": 0.26096067424998637, "min": 0.2579690600000504, "max": 0.2625183190000371, "mean": 0.2595594466667042, "std": 0.0018406876813255985, "repeat": 6, "number": 1}]}, "transform_coords.TransformCoords.time_tof_to_wavelength": {"result": [0.001348950333332747], "stats": [{"ci_99": [0.0013228193881753064, 0.0013943511666714887], "q_25": 0.0013410632500097108, "q_75": 0.001361126041662904, "min": 0.0013298008333322286, "max": 0.0013943511666714887, "mean": 0.0013542785833351445, "std": 2.0814666336743054e-05, "repeat": 6, "number": 6}]}, "transform_coords.TransformCoords.time_wavelength_to_tof": {"result": [0.03378207450003856], "stats": [{"ci_99": [0.03336025162040081, 0.034164166379623113], "q_25": 0.0335999825000215, "q_75": 0.03398114649996842, "min": 0.033378734000052646, "max": 0.03404358199998114, "mean": 0.03376220900001196, "std": 0.00023997972732645633, "repeat": 6, "number": 1}]}}, "params": {"cpu": "2 Core CPU", "machine": "cloud-container", "os": "Ubuntu latest", "ram": "7GB", "python": "3.9", "appdirs": "", "cmake": "", "conan": "", "ess-dmsc::ess-streaming-data-types": "", "h5py": "", "ipykernel": "6.3.1", "ipympl": "", "ipywidgets": "", "mantid-framework": "", "matplotlib-base": "", "ninja": "", "numpy": "", "pip": "", "pooch": "", "python-configuration": "", "python-confluent-kafka": "", "pythreejs": "", "pyyaml": "", "scipp::scipp": "", "scipy": "", "tbb": ""}, "requirements": {"appdirs": "", "cmake": "", "conan": "", "ess-dmsc::ess-streaming-data-types": "", "h5py": "", "ipykernel": "6.3.1", "ipympl": "", "ipywidgets": "", "mantid-framework": "", "matplotlib-base": "", "ninja": "", "numpy": "", "pip": "", "pooch": "", "python-configuration": "", "python-confluent-kafka": "", "pythreejs": "", "pyyaml": "", "scipp::scipp": "", "scipy": "", "tbb": ""}, "commit_hash": "9b58501b5902732511dca809ebe04b0da1061622", "date": 1635165988000, "env_name": "conda-py3.9-appdirs-cmake-conan-ess-dmsc__ess-streaming-data-types-h5py-ipykernel6.3.1-ipympl-ipywidgets-mantid-framework-matplotlib-base-ninja-numpy-pip-pooch-python-configuration-python-confluent-kafka-pythreejs-pyyaml-scipp__scipp-scipy-tbb", "python": "3.9", "profiles": {}, "started_at": {"load_nexus.LoadNexus.time_load_event_nexus": 1635217870829, "transform_coords.TransformCoords.time_energy_to_tof": 1635217885829, "transform_coords.TransformCoords.time_tof_to_dspacing": 1635217904541, "transform_coords.TransformCoords.time_tof_to_energy": 1635217923293, "transform_coords.TransformCoords.time_tof_to_wavelength": 1635217942895, "transform_coords.TransformCoords.time_wavelength_to_tof": 1635217961546}, "ended_at": {"load_nexus.LoadNexus.time_load_event_nexus": 1635217885828, "transform_coords.TransformCoords.time_energy_to_tof": 1635217904541, "transform_coords.TransformCoords.time_tof_to_dspacing": 1635217923292, "transform_coords.TransformCoords.time_tof_to_energy": 1635217942895, "transform_coords.TransformCoords.time_tof_to_wavelength": 1635217961545, "transform_coords.TransformCoords.time_wavelength_to_tof": 1635217980246}, "benchmark_version": {"load_nexus.LoadNexus.time_load_event_nexus": "9bb61e37c240f4221eff71f827efb0f1cfb5371f7c6b0e72f79b9ca92578e5e9", "transform_coords.TransformCoords.time_energy_to_tof": "f1ea8beffb41e75997f96056160ef6dd12d9afb53546d00f7e0cb2b307a616bb", "transform_coords.TransformCoords.time_tof_to_dspacing": "76d3e8bdf45621127e026f90298e8f292d01ddb57cb7caf05a5ce555a659d8ac", "transform_coords.TransformCoords.time_tof_to_energy": "32774381c7e0285d159959187b4537339285cc2573292bc6b39f5edd04d4bc0b", "transform_coords.TransformCoords.time_tof_to_wavelength": "46879c3a68b31604accd5a00f4187eb567d166242d70d944aa010a5d6f8de380", "transform_coords.TransformCoords.time_wavelength_to_tof": "d4710ab73daad9eb187b2c50c320802720ae09b880a656f3ac5284d75fea178b"}, "version": 1}