{"results": {"load_nexus.LoadNexus.time_load_event_nexus": {"result": [5.2943694585], "stats": [{"ci_99": [-6.939946116494525, 17.528685033494515], "q_25": 5.172026302750055, "q_75": 5.4167126142499455, "min": 5.04968314700011, "max": 5.539055769999891, "mean": 5.2943694585, "std": 0.2446863114998905, "repeat": 2, "number": 1}]}, "transform_coords.TransformCoords.time_energy_to_tof": {"result": [0.0017020348000073681], "stats": [{"ci_99": [0.001378359619373822, 0.002033679880620711], "q_25": 0.0016346425499989435, "q_75": 0.0017734120000056919, "min": 0.0015467693999880795, "max": 0.0018732399999862536, "mean": 0.0017060197499972672, "std": 0.0001185943174448969, "repeat": 4, "number": 5}]}, "transform_coords.TransformCoords.time_tof_to_dspacing": {"result": [0.03903895100000909], "stats": [{"ci_99": [0.033685572566100386, 0.0477621384339662], "q_25": 0.03893682300000023, "q_75": 0.040825983500042184, "min": 0.03892234800002825, "max": 0.04589517200008686, "mean": 0.040723855500033324, "std": 0.0029868330097416467, "repeat": 4, "number": 1}]}, "transform_coords.TransformCoords.time_tof_to_energy": {"result": [0.32674294299994244], "stats": [{"ci_99": [0.3179507124514998, 0.3381188440484153], "q_25": 0.3251322127499634, "q_75": 0.32964550849993657, "min": 0.3245010089999596, "max": 0.3341522179999856, "mean": 0.3280347782499575, "std": 0.0037805460402624163, "repeat": 4, "number": 1}]}, "transform_coords.TransformCoords.time_tof_to_wavelength": {"result": [0.0016738037000095574], "stats": [{"ci_99": [0.0015378703276580832, 0.001789116272360162], "q_25": 0.00165026790000411, "q_75": 0.00168702910001457, "min": 0.00158683080001083, "max": 0.0017195350000065446, "mean": 0.0016634933000091224, "std": 4.806725729907183e-05, "repeat": 4, "number": 5}]}, "transform_coords.TransformCoords.time_wavelength_to_tof": {"result": [0.034830615999965175], "stats": [{"ci_99": [0.03075927426807092, 0.04025320123189883], "q_25": 0.0341383939999389, "q_75": 0.036198459750011125, "min": 0.03389538500005074, "max": 0.038468333999958304, "mean": 0.03550623774998485, "std": 0.001804783062195688, "repeat": 4, "number": 1}]}}, "params": {"cpu": "2 Core CPU", "machine": "cloud-container", "os": "Ubuntu latest", "ram": "7GB", "python": "3.9", "appdirs": "", "cmake": "", "conan": "", "ess-dmsc::ess-streaming-data-types": "", "h5py": "", "ipykernel": "6.3.1", "ipympl": "", "ipywidgets": "", "mantid-framework": "", "matplotlib-base": "", "ninja": "", "numpy": "", "pip": "", "pooch": "", "python-configuration": "", "python-confluent-kafka": "", "pythreejs": "", "pyyaml": "", "scipp::scipp": "", "scipy": "", "tbb": ""}, "requirements": {"appdirs": "", "cmake": "", "conan": "", "ess-dmsc::ess-streaming-data-types": "", "h5py": "", "ipykernel": "6.3.1", "ipympl": "", "ipywidgets": "", "mantid-framework": "", "matplotlib-base": "", "ninja": "", "numpy": "", "pip": "", "pooch": "", "python-configuration": "", "python-confluent-kafka": "", "pythreejs": "", "pyyaml": "", "scipp::scipp": "", "scipy": "", "tbb": ""}, "commit_hash": "9b58501b5902732511dca809ebe04b0da1061622", "date": 1635165988000, "env_name": "conda-py3.9-appdirs-cmake-conan-ess-dmsc__ess-streaming-data-types-h5py-ipykernel6.3.1-ipympl-ipywidgets-mantid-framework-matplotlib-base-ninja-numpy-pip-pooch-python-configuration-python-confluent-kafka-pythreejs-pyyaml-scipp__scipp-scipy-tbb", "python": "3.9", "profiles": {}, "started_at": {"load_nexus.LoadNexus.time_load_event_nexus": 1635271986485, "transform_coords.TransformCoords.time_energy_to_tof": 1635271997120, "transform_coords.TransformCoords.time_tof_to_dspacing": 1635272014429, "transform_coords.TransformCoords.time_tof_to_energy": 1635272032635, "transform_coords.TransformCoords.time_tof_to_wavelength": 1635272051948, "transform_coords.TransformCoords.time_wavelength_to_tof": 1635272069804}, "ended_at": {"load_nexus.LoadNexus.time_load_event_nexus": 1635271997119, "transform_coords.TransformCoords.time_energy_to_tof": 1635272014429, "transform_coords.TransformCoords.time_tof_to_dspacing": 1635272032635, "transform_coords.TransformCoords.time_tof_to_energy": 1635272051948, "transform_coords.TransformCoords.time_tof_to_wavelength": 1635272069803, "transform_coords.TransformCoords.time_wavelength_to_tof": 1635272086701}, "benchmark_version": {"load_nexus.LoadNexus.time_load_event_nexus": "9bb61e37c240f4221eff71f827efb0f1cfb5371f7c6b0e72f79b9ca92578e5e9", "transform_coords.TransformCoords.time_energy_to_tof": "f1ea8beffb41e75997f96056160ef6dd12d9afb53546d00f7e0cb2b307a616bb", "transform_coords.TransformCoords.time_tof_to_dspacing": "76d3e8bdf45621127e026f90298e8f292d01ddb57cb7caf05a5ce555a659d8ac", "transform_coords.TransformCoords.time_tof_to_energy": "32774381c7e0285d159959187b4537339285cc2573292bc6b39f5edd04d4bc0b", "transform_coords.TransformCoords.time_tof_to_wavelength": "46879c3a68b31604accd5a00f4187eb567d166242d70d944aa010a5d6f8de380", "transform_coords.TransformCoords.time_wavelength_to_tof": "d4710ab73daad9eb187b2c50c320802720ae09b880a656f3ac5284d75fea178b"}, "version": 1}