{"results": {"load_nexus.LoadNexus.time_load_event_nexus": {"result": [4.430095187999996], "stats": [{"ci_99": [4.3089855311463285, 4.534993725853673], "q_25": 4.410094717999996, "q_75": 4.4419900985, "min": 4.354054363999978, "max": 4.473713774000032, "mean": 4.4219896285, "std": 0.04308559573343544, "repeat": 4, "number": 1}]}, "transform_coords.TransformCoords.time_energy_to_tof": {"result": [0.0016529289166650565], "stats": [{"ci_99": [0.0006736648241063383, 0.003178062925887614], "q_25": 0.0016298290833323865, "q_75": 0.001948963708329643, "min": 0.0015620673333292718, "max": 0.0028355303333285065, "mean": 0.0019258638749969728, "std": 0.0005265046290360248, "repeat": 4, "number": 6}]}, "transform_coords.TransformCoords.time_tof_to_dspacing": {"result": [0.03887861349997479], "stats": [{"ci_99": [0.03842139067212591, 0.03923778582783776], "q_25": 0.03875412049994509, "q_75": 0.03895408125001154, "min": 0.03859338499989917, "max": 0.038967741000078604, "mean": 0.03882958824998184, "std": 0.00014978554720603097, "repeat": 4, "number": 1}]}, "transform_coords.TransformCoords.time_tof_to_energy": {"result": [0.30712051750003866], "stats": [{"ci_99": [0.28237935193541963, 0.32877431456466744], "q_25": 0.30212442400004136, "q_75": 0.3105729267500408, "min": 0.29207219200003465, "max": 0.31599410600006195, "mean": 0.3055768332500435, "std": 0.008675759029061259, "repeat": 4, "number": 1}]}, "transform_coords.TransformCoords.time_tof_to_wavelength": {"result": [0.0016938824166648676], "stats": [{"ci_99": [0.001523562704015004, 0.0018100722126519711], "q_25": 0.001654568249999026, "q_75": 0.0017061316249993297, "min": 0.0015683435000066008, "max": 0.0017111614999976155, "mean": 0.0016668174583334878, "std": 5.777563819506122e-05, "repeat": 4, "number": 6}]}, "transform_coords.TransformCoords.time_wavelength_to_tof": {"result": [0.037093990999949256], "stats": [{"ci_99": [0.03447731683988628, 0.04003300566011739], "q_25": 0.03642379524995931, "q_75": 0.03792535699999178, "min": 0.03619105000007039, "max": 0.03864161300003843, "mean": 0.037255161250001834, "std": 0.0009758221677731754, "repeat": 4, "number": 1}]}}, "params": {"cpu": "2 Core CPU", "machine": "cloud-container", "os": "Ubuntu latest", "ram": "7GB", "python": "3.9", "appdirs": "", "cmake": "", "conan": "", "ess-dmsc::ess-streaming-data-types": "", "h5py": "", "ipykernel": "6.3.1", "ipympl": "", "ipywidgets": "", "mantid-framework": "", "matplotlib-base": "", "ninja": "", "numpy": "", "pip": "", "pooch": "", "python-configuration": "", "python-confluent-kafka": "", "pythreejs": "", "pyyaml": "", "scipp::scipp": "", "scipy": "", "tbb": ""}, "requirements": {"appdirs": "", "cmake": "", "conan": "", "ess-dmsc::ess-streaming-data-types": "", "h5py": "", "ipykernel": "6.3.1", "ipympl": "", "ipywidgets": "", "mantid-framework": "", "matplotlib-base": "", "ninja": "", "numpy": "", "pip": "", "pooch": "", "python-configuration": "", "python-confluent-kafka": "", "pythreejs": "", "pyyaml": "", "scipp::scipp": "", "scipy": "", "tbb": ""}, "commit_hash": "a4272cfd720f9fd4682cf0d7469617d62fe834d8", "date": 1642690725000, "env_name": "conda-py3.9-appdirs-cmake-conan-ess-dmsc__ess-streaming-data-types-h5py-ipykernel6.3.1-ipympl-ipywidgets-mantid-framework-matplotlib-base-ninja-numpy-pip-pooch-python-configuration-python-confluent-kafka-pythreejs-pyyaml-scipp__scipp-scipy-tbb", "python": "3.9", "profiles": {}, "started_at": {"load_nexus.LoadNexus.time_load_event_nexus": 1642691404620, "transform_coords.TransformCoords.time_energy_to_tof": 1642691419080, "transform_coords.TransformCoords.time_tof_to_dspacing": 1642691436847, "transform_coords.TransformCoords.time_tof_to_energy": 1642691454613, "transform_coords.TransformCoords.time_tof_to_wavelength": 1642691473478, "transform_coords.TransformCoords.time_wavelength_to_tof": 1642691491341}, "ended_at": {"load_nexus.LoadNexus.time_load_event_nexus": 1642691419079, "transform_coords.TransformCoords.time_energy_to_tof": 1642691436847, "transform_coords.TransformCoords.time_tof_to_dspacing": 1642691454613, "transform_coords.TransformCoords.time_tof_to_energy": 1642691473478, "transform_coords.TransformCoords.time_tof_to_wavelength": 1642691491341, "transform_coords.TransformCoords.time_wavelength_to_tof": 1642691509514}, "benchmark_version": {"load_nexus.LoadNexus.time_load_event_nexus": "9bb61e37c240f4221eff71f827efb0f1cfb5371f7c6b0e72f79b9ca92578e5e9", "transform_coords.TransformCoords.time_energy_to_tof": "f1ea8beffb41e75997f96056160ef6dd12d9afb53546d00f7e0cb2b307a616bb", "transform_coords.TransformCoords.time_tof_to_dspacing": "76d3e8bdf45621127e026f90298e8f292d01ddb57cb7caf05a5ce555a659d8ac", "transform_coords.TransformCoords.time_tof_to_energy": "32774381c7e0285d159959187b4537339285cc2573292bc6b39f5edd04d4bc0b", "transform_coords.TransformCoords.time_tof_to_wavelength": "46879c3a68b31604accd5a00f4187eb567d166242d70d944aa010a5d6f8de380", "transform_coords.TransformCoords.time_wavelength_to_tof": "d4710ab73daad9eb187b2c50c320802720ae09b880a656f3ac5284d75fea178b"}, "version": 1}