{"results": {"load_nexus.LoadNexus.time_load_event_nexus": {"result": [3.893654142999992], "stats": [{"ci_99": [3.7080330562064225, 4.094854764293596], "q_25": 3.8446255052499794, "q_75": 3.950472548000022, "min": 3.8243378680000433, "max": 3.9941294870000092, "mean": 3.901443910250009, "std": 0.06750956210505152, "repeat": 4, "number": 1}]}, "transform_coords.TransformCoords.time_energy_to_tof": {"result": [0.001212733187500703], "stats": [{"ci_99": [0.0011672300462124455, 0.0012581463750080957], "q_25": 0.0011922955937500035, "q_75": 0.0012239086562537693, "min": 0.001173320749998652, "max": 0.0012581463750080957, "mean": 0.0012116750625021193, "std": 2.7489047524195646e-05, "repeat": 6, "number": 8}]}, "transform_coords.TransformCoords.time_tof_to_dspacing": {"result": [0.037861552499975915], "stats": [{"ci_99": [0.03729587430979332, 0.03868090969018344], "q_25": 0.03769347799996581, "q_75": 0.03828538675000459, "min": 0.037469753999971545, "max": 0.03867337500003032, "mean": 0.03798839199998838, "std": 0.00041996837765104667, "repeat": 6, "number": 1}]}, "transform_coords.TransformCoords.time_tof_to_energy": {"result": [0.264473341500036], "stats": [{"ci_99": [0.24435922011902622, 0.28835835388103376], "q_25": 0.25977033900002766, "q_75": 0.27106178950003823, "min": 0.25828616700005114, "max": 0.2782022979999965, "mean": 0.2663587870000299, "std": 0.007873451781218297, "repeat": 4, "number": 1}]}, "transform_coords.TransformCoords.time_tof_to_wavelength": {"result": [0.0012126520625059811], "stats": [{"ci_99": [0.0011836387957543733, 0.0012598959999934323], "q_25": 0.0012015675312433416, "q_75": 0.0012268583750021378, "min": 0.001193483125007333, "max": 0.0012598959999934323, "mean": 0.0012180249583337854, "std": 2.2266665537954344e-05, "repeat": 6, "number": 8}]}, "transform_coords.TransformCoords.time_wavelength_to_tof": {"result": [0.036568198499935534], "stats": [{"ci_99": [0.032756732027578665, 0.05087694700000611], "q_25": 0.036239121749986225, "q_75": 0.037215953250012035, "min": 0.03564404199994442, "max": 0.05087694700000611, "mean": 0.03886978116664371, "std": 0.005395674916691004, "repeat": 6, "number": 1}]}}, "params": {"cpu": "2 Core CPU", "machine": "cloud-container", "os": "Ubuntu latest", "ram": "7GB", "python": "3.9", "appdirs": "", "cmake": "", "conan": "", "ess-dmsc::ess-streaming-data-types": "", "h5py": "", "ipykernel": "6.3.1", "ipympl": "", "ipywidgets": "", "mantid-framework": "", "matplotlib-base": "", "ninja": "", "numpy": "", "pip": "", "pooch": "", "python-configuration": "", "python-confluent-kafka": "", "pythreejs": "", "pyyaml": "", "scipp::scipp": "", "scipy": "", "tbb": ""}, "requirements": {"appdirs": "", "cmake": "", "conan": "", "ess-dmsc::ess-streaming-data-types": "", "h5py": "", "ipykernel": "6.3.1", "ipympl": "", "ipywidgets": "", "mantid-framework": "", "matplotlib-base": "", "ninja": "", "numpy": "", "pip": "", "pooch": "", "python-configuration": "", "python-confluent-kafka": "", "pythreejs": "", "pyyaml": "", "scipp::scipp": "", "scipy": "", "tbb": ""}, "commit_hash": "a47acb37ae7ae14b54794711ea7cd5a8f187271b", "date": 1637068633000, "env_name": "conda-py3.9-appdirs-cmake-conan-ess-dmsc__ess-streaming-data-types-h5py-ipykernel6.3.1-ipympl-ipywidgets-mantid-framework-matplotlib-base-ninja-numpy-pip-pooch-python-configuration-python-confluent-kafka-pythreejs-pyyaml-scipp__scipp-scipy-tbb", "python": "3.9", "profiles": {}, "started_at": {"load_nexus.LoadNexus.time_load_event_nexus": 1637071897305, "transform_coords.TransformCoords.time_energy_to_tof": 1637071909698, "transform_coords.TransformCoords.time_tof_to_dspacing": 1637071929358, "transform_coords.TransformCoords.time_tof_to_energy": 1637071949121, "transform_coords.TransformCoords.time_tof_to_wavelength": 1637071965124, "transform_coords.TransformCoords.time_wavelength_to_tof": 1637071984992}, "ended_at": {"load_nexus.LoadNexus.time_load_event_nexus": 1637071909697, "transform_coords.TransformCoords.time_energy_to_tof": 1637071929358, "transform_coords.TransformCoords.time_tof_to_dspacing": 1637071949120, "transform_coords.TransformCoords.time_tof_to_energy": 1637071965123, "transform_coords.TransformCoords.time_tof_to_wavelength": 1637071984992, "transform_coords.TransformCoords.time_wavelength_to_tof": 1637072010367}, "benchmark_version": {"load_nexus.LoadNexus.time_load_event_nexus": "9bb61e37c240f4221eff71f827efb0f1cfb5371f7c6b0e72f79b9ca92578e5e9", "transform_coords.TransformCoords.time_energy_to_tof": "f1ea8beffb41e75997f96056160ef6dd12d9afb53546d00f7e0cb2b307a616bb", "transform_coords.TransformCoords.time_tof_to_dspacing": "76d3e8bdf45621127e026f90298e8f292d01ddb57cb7caf05a5ce555a659d8ac", "transform_coords.TransformCoords.time_tof_to_energy": "32774381c7e0285d159959187b4537339285cc2573292bc6b39f5edd04d4bc0b", "transform_coords.TransformCoords.time_tof_to_wavelength": "46879c3a68b31604accd5a00f4187eb567d166242d70d944aa010a5d6f8de380", "transform_coords.TransformCoords.time_wavelength_to_tof": "d4710ab73daad9eb187b2c50c320802720ae09b880a656f3ac5284d75fea178b"}, "version": 1}