{"results": {"load_nexus.LoadNexus.time_load_event_nexus": {"result": [3.787275400999988], "stats": [{"ci_99": [3.625757420653142, 3.995938948346807], "q_25": 3.754907540249974, "q_75": 3.8432160452499886, "min": 3.7485947579999674, "max": 3.920247177999954, "mean": 3.8108481844999744, "std": 0.06853238669343914, "repeat": 4, "number": 1}]}, "transform_coords.TransformCoords.time_energy_to_tof": {"result": [0.0011963153333327784], "stats": [{"ci_99": [0.0009805761695757397, 0.0021002829999916786], "q_25": 0.0011873265555600986, "q_75": 0.0012126376111041282, "min": 0.001183560444448833, "max": 0.0021002829999916786, "mean": 0.001346480462961642, "std": 0.0003373030242681884, "repeat": 6, "number": 9}]}, "transform_coords.TransformCoords.time_tof_to_dspacing": {"result": [0.03759860100001333], "stats": [{"ci_99": [0.028844660122633915, 0.060012275544030685], "q_25": 0.03723947000000294, "q_75": 0.0526522165000074, "min": 0.03697539699999197, "max": 0.05960835999997016, "mean": 0.044428467833332284, "std": 0.010049938169475865, "repeat": 6, "number": 1}]}, "transform_coords.TransformCoords.time_tof_to_energy": {"result": [0.2607729339999878], "stats": [{"ci_99": [0.23189794049530085, 0.3221435903046854], "q_25": 0.25812403700001596, "q_75": 0.30076402500003496, "min": 0.25797411999997166, "max": 0.3074687109999559, "mean": 0.27702076539999326, "std": 0.022247124929360786, "repeat": 5, "number": 1}]}, "transform_coords.TransformCoords.time_tof_to_wavelength": {"result": [0.0011879771111075067], "stats": [{"ci_99": [0.0011538805090713783, 0.0012282624538943172], "q_25": 0.0011709074722242956, "q_75": 0.001212271166672786, "min": 0.001165755888892919, "max": 0.0012191319999980503, "mean": 0.0011910714814828479, "std": 2.169409077697093e-05, "repeat": 6, "number": 9}]}, "transform_coords.TransformCoords.time_wavelength_to_tof": {"result": [0.03587520449997328], "stats": [{"ci_99": [0.028371526905204975, 0.05559919676148567], "q_25": 0.03575865874995543, "q_75": 0.04909770700001559, "min": 0.035631099000056565, "max": 0.0553056450000895, "mean": 0.0419853618333453, "std": 0.008789466433494144, "repeat": 6, "number": 1}]}}, "params": {"cpu": "2 Core CPU", "machine": "cloud-container", "os": "Ubuntu latest", "ram": "7GB", "python": "3.9", "appdirs": "", "cmake": "", "conan": "", "ess-dmsc::ess-streaming-data-types": "", "h5py": "", "ipykernel": "6.3.1", "ipympl": "", "ipywidgets": "", "mantid-framework": "", "matplotlib-base": "", "ninja": "", "numpy": "", "pip": "", "pooch": "", "python-configuration": "", "python-confluent-kafka": "", "pythreejs": "", "pyyaml": "", "scipp::scipp": "", "scipy": "", "tbb": ""}, "requirements": {"appdirs": "", "cmake": "", "conan": "", "ess-dmsc::ess-streaming-data-types": "", "h5py": "", "ipykernel": "6.3.1", "ipympl": "", "ipywidgets": "", "mantid-framework": "", "matplotlib-base": "", "ninja": "", "numpy": "", "pip": "", "pooch": "", "python-configuration": "", "python-confluent-kafka": "", "pythreejs": "", "pyyaml": "", "scipp::scipp": "", "scipy": "", "tbb": ""}, "commit_hash": "b020b15bcc8cdbe26b56aee0793f01b06358e2fd", "date": 1636708795000, "env_name": "conda-py3.9-appdirs-cmake-conan-ess-dmsc__ess-streaming-data-types-h5py-ipykernel6.3.1-ipympl-ipywidgets-mantid-framework-matplotlib-base-ninja-numpy-pip-pooch-python-configuration-python-confluent-kafka-pythreejs-pyyaml-scipp__scipp-scipy-tbb", "python": "3.9", "profiles": {}, "started_at": {"load_nexus.LoadNexus.time_load_event_nexus": 1636711932754, "transform_coords.TransformCoords.time_energy_to_tof": 1636711944896, "transform_coords.TransformCoords.time_tof_to_dspacing": 1636711964249, "transform_coords.TransformCoords.time_tof_to_energy": 1636711983709, "transform_coords.TransformCoords.time_tof_to_wavelength": 1636712004067, "transform_coords.TransformCoords.time_wavelength_to_tof": 1636712023421}, "ended_at": {"load_nexus.LoadNexus.time_load_event_nexus": 1636711944895, "transform_coords.TransformCoords.time_energy_to_tof": 1636711964248, "transform_coords.TransformCoords.time_tof_to_dspacing": 1636711983709, "transform_coords.TransformCoords.time_tof_to_energy": 1636712004066, "transform_coords.TransformCoords.time_tof_to_wavelength": 1636712023420, "transform_coords.TransformCoords.time_wavelength_to_tof": 1636712042824}, "benchmark_version": {"load_nexus.LoadNexus.time_load_event_nexus": "9bb61e37c240f4221eff71f827efb0f1cfb5371f7c6b0e72f79b9ca92578e5e9", "transform_coords.TransformCoords.time_energy_to_tof": "f1ea8beffb41e75997f96056160ef6dd12d9afb53546d00f7e0cb2b307a616bb", "transform_coords.TransformCoords.time_tof_to_dspacing": "76d3e8bdf45621127e026f90298e8f292d01ddb57cb7caf05a5ce555a659d8ac", "transform_coords.TransformCoords.time_tof_to_energy": "32774381c7e0285d159959187b4537339285cc2573292bc6b39f5edd04d4bc0b", "transform_coords.TransformCoords.time_tof_to_wavelength": "46879c3a68b31604accd5a00f4187eb567d166242d70d944aa010a5d6f8de380", "transform_coords.TransformCoords.time_wavelength_to_tof": "d4710ab73daad9eb187b2c50c320802720ae09b880a656f3ac5284d75fea178b"}, "version": 1}