{"results": {"load_nexus.LoadNexus.time_load_event_nexus": {"result": [5.7082338495000045], "stats": [{"ci_99": [-5.711958925497413, 17.128426624497415], "q_25": 5.59403192175003, "q_75": 5.822435777249979, "min": 5.479829994000056, "max": 5.936637704999953, "mean": 5.7082338495000045, "std": 0.22840385549994835, "repeat": 2, "number": 1}]}, "transform_coords.TransformCoords.time_energy_to_tof": {"result": [0.0017716361000111648], "stats": [{"ci_99": [0.001615895707713779, 0.0019501473922858815], "q_25": 0.0017489201000103092, "q_75": 0.0018057375500006856, "min": 0.0017072635999966224, "max": 0.0018815503999803696, "mean": 0.0017830215499998303, "std": 6.297303722712216e-05, "repeat": 4, "number": 5}]}, "transform_coords.TransformCoords.time_tof_to_dspacing": {"result": [0.03874009049997085], "stats": [{"ci_99": [0.037375943396567815, 0.03994963160340702], "q_25": 0.03831382174996634, "q_75": 0.03908905624999193, "min": 0.038069620999976905, "max": 0.039101348000031066, "mean": 0.03866278749998742, "std": 0.0004455339159765826, "repeat": 4, "number": 1}]}, "transform_coords.TransformCoords.time_tof_to_energy": {"result": [0.3259499629999709], "stats": [{"ci_99": [0.3189334811839464, 0.3332950643160055], "q_25": 0.32464788824998436, "q_75": 0.3274163474999625, "min": 0.3226098359999696, "max": 0.32994732899999235, "mean": 0.32611427274997595, "std": 0.00263642574799597, "repeat": 4, "number": 1}]}, "transform_coords.TransformCoords.time_tof_to_wavelength": {"result": [0.0017406250999897565], "stats": [{"ci_99": [0.0016401441369502114, 0.0018065146630370785], "q_25": 0.001717119149998325, "q_75": 0.0017468353499850763, "min": 0.0016652022000016586, "max": 0.0017468651999934081, "mean": 0.001723329399993645, "std": 3.394066579062371e-05, "repeat": 4, "number": 5}]}, "transform_coords.TransformCoords.time_wavelength_to_tof": {"result": [0.03531961800001682], "stats": [{"ci_99": [0.03444143016213269, 0.03651751933796282], "q_25": 0.03518728925004666, "q_75": 0.03561180350001791, "min": 0.03513080900006571, "max": 0.036147854000091684, "mean": 0.03547947475004776, "std": 0.0004016131210997929, "repeat": 4, "number": 1}]}}, "params": {"cpu": "2 Core CPU", "machine": "cloud-container", "os": "Ubuntu latest", "ram": "7GB", "python": "3.9", "appdirs": "", "cmake": "", "conan": "", "ess-dmsc::ess-streaming-data-types": "", "h5py": "", "ipykernel": "6.3.1", "ipympl": "", "ipywidgets": "", "mantid-framework": "", "matplotlib-base": "", "ninja": "", "numpy": "", "pip": "", "pooch": "", "python-configuration": "", "python-confluent-kafka": "", "pythreejs": "", "pyyaml": "", "scipp::scipp": "", "scipy": "", "tbb": ""}, "requirements": {"appdirs": "", "cmake": "", "conan": "", "ess-dmsc::ess-streaming-data-types": "", "h5py": "", "ipykernel": "6.3.1", "ipympl": "", "ipywidgets": "", "mantid-framework": "", "matplotlib-base": "", "ninja": "", "numpy": "", "pip": "", "pooch": "", "python-configuration": "", "python-confluent-kafka": "", "pythreejs": "", "pyyaml": "", "scipp::scipp": "", "scipy": "", "tbb": ""}, "commit_hash": "b14b092519043606bba3e4eea936e2eac619ebc4", "date": 1635859507000, "env_name": "conda-py3.9-appdirs-cmake-conan-ess-dmsc__ess-streaming-data-types-h5py-ipykernel6.3.1-ipympl-ipywidgets-mantid-framework-matplotlib-base-ninja-numpy-pip-pooch-python-configuration-python-confluent-kafka-pythreejs-pyyaml-scipp__scipp-scipy-tbb", "python": "3.9", "profiles": {}, "started_at": {"load_nexus.LoadNexus.time_load_event_nexus": 1635862395553, "transform_coords.TransformCoords.time_energy_to_tof": 1635862407004, "transform_coords.TransformCoords.time_tof_to_dspacing": 1635862425715, "transform_coords.TransformCoords.time_tof_to_energy": 1635862444571, "transform_coords.TransformCoords.time_tof_to_wavelength": 1635862464181, "transform_coords.TransformCoords.time_wavelength_to_tof": 1635862482688}, "ended_at": {"load_nexus.LoadNexus.time_load_event_nexus": 1635862407004, "transform_coords.TransformCoords.time_energy_to_tof": 1635862425714, "transform_coords.TransformCoords.time_tof_to_dspacing": 1635862444571, "transform_coords.TransformCoords.time_tof_to_energy": 1635862464181, "transform_coords.TransformCoords.time_tof_to_wavelength": 1635862482688, "transform_coords.TransformCoords.time_wavelength_to_tof": 1635862501248}, "benchmark_version": {"load_nexus.LoadNexus.time_load_event_nexus": "9bb61e37c240f4221eff71f827efb0f1cfb5371f7c6b0e72f79b9ca92578e5e9", "transform_coords.TransformCoords.time_energy_to_tof": "f1ea8beffb41e75997f96056160ef6dd12d9afb53546d00f7e0cb2b307a616bb", "transform_coords.TransformCoords.time_tof_to_dspacing": "76d3e8bdf45621127e026f90298e8f292d01ddb57cb7caf05a5ce555a659d8ac", "transform_coords.TransformCoords.time_tof_to_energy": "32774381c7e0285d159959187b4537339285cc2573292bc6b39f5edd04d4bc0b", "transform_coords.TransformCoords.time_tof_to_wavelength": "46879c3a68b31604accd5a00f4187eb567d166242d70d944aa010a5d6f8de380", "transform_coords.TransformCoords.time_wavelength_to_tof": "d4710ab73daad9eb187b2c50c320802720ae09b880a656f3ac5284d75fea178b"}, "version": 1}