{"results": {"load_nexus.LoadNexus.time_load_event_nexus": {"result": [3.601525498499967], "stats": [{"ci_99": [3.1216343428778814, 4.079211916622089], "q_25": 3.4393927754999964, "q_75": 3.762555852749955, "min": 3.431419326000025, "max": 3.7672221959999774, "mean": 3.6004231297499842, "std": 0.16374609630759224, "repeat": 4, "number": 1}]}, "transform_coords.TransformCoords.time_energy_to_tof": {"result": [0.0013055481875028363], "stats": [{"ci_99": [0.0012076874999991105, 0.0013682511532273074], "q_25": 0.0012586523437505548, "q_75": 0.0013160781250007858, "min": 0.0012076874999991105, "max": 0.0013570248750056635, "mean": 0.0012897362083350572, "std": 4.9242619334508206e-05, "repeat": 6, "number": 8}]}, "transform_coords.TransformCoords.time_tof_to_dspacing": {"result": [0.03378387199998656], "stats": [{"ci_99": [0.033451878109718676, 0.03422321255694492], "q_25": 0.033724689499990745, "q_75": 0.0339961872500254, "min": 0.03346701300000632, "max": 0.03421859399998084, "mean": 0.033837545333331796, "std": 0.00024233041552856896, "repeat": 6, "number": 1}]}, "transform_coords.TransformCoords.time_tof_to_energy": {"result": [0.24197929150003006], "stats": [{"ci_99": [0.22570254632052988, 0.2725786480000352], "q_25": 0.2367114952499918, "q_75": 0.247722524750003, "min": 0.2309715410000308, "max": 0.2725786480000352, "mean": 0.24535021183334985, "std": 0.013478662667152598, "repeat": 6, "number": 1}]}, "transform_coords.TransformCoords.time_tof_to_wavelength": {"result": [0.0012950788571442573], "stats": [{"ci_99": [0.001217797574572456, 0.0013651934730485383], "q_25": 0.0012557753928612264, "q_75": 0.001315578857139193, "min": 0.0012295430000059632, "max": 0.0013641859999974518, "mean": 0.0012914955238104975, "std": 4.504046095018169e-05, "repeat": 6, "number": 7}]}, "transform_coords.TransformCoords.time_wavelength_to_tof": {"result": [0.03222897050000029], "stats": [{"ci_99": [0.031422336833855355, 0.033418005000044104], "q_25": 0.03191891325000995, "q_75": 0.03269953749999388, "min": 0.031703105999952186, "max": 0.033418005000044104, "mean": 0.03237516766666696, "std": 0.0005888936866713288, "repeat": 6, "number": 1}]}}, "params": {"cpu": "2 Core CPU", "machine": "cloud-container", "os": "Ubuntu latest", "ram": "7GB", "python": "3.9", "appdirs": "", "cmake": "", "conan": "", "ess-dmsc::ess-streaming-data-types": "", "h5py": "", "ipykernel": "6.3.1", "ipympl": "", "ipywidgets": "", "mantid-framework": "", "matplotlib-base": "", "ninja": "", "numpy": "", "pip": "", "pooch": "", "python-configuration": "", "python-confluent-kafka": "", "pythreejs": "", "pyyaml": "", "scipp::scipp": "", "scipy": "", "tbb": ""}, "requirements": {"appdirs": "", "cmake": "", "conan": "", "ess-dmsc::ess-streaming-data-types": "", "h5py": "", "ipykernel": "6.3.1", "ipympl": "", "ipywidgets": "", "mantid-framework": "", "matplotlib-base": "", "ninja": "", "numpy": "", "pip": "", "pooch": "", "python-configuration": "", "python-confluent-kafka": "", "pythreejs": "", "pyyaml": "", "scipp::scipp": "", "scipy": "", "tbb": ""}, "commit_hash": "b865aaabb68eb265149f4d417eb97f31001af0ec", "date": 1643012977000, "env_name": "conda-py3.9-appdirs-cmake-conan-ess-dmsc__ess-streaming-data-types-h5py-ipykernel6.3.1-ipympl-ipywidgets-mantid-framework-matplotlib-base-ninja-numpy-pip-pooch-python-configuration-python-confluent-kafka-pythreejs-pyyaml-scipp__scipp-scipy-tbb", "python": "3.9", "profiles": {}, "started_at": {"load_nexus.LoadNexus.time_load_event_nexus": 1643015379864, "transform_coords.TransformCoords.time_energy_to_tof": 1643015392056, "transform_coords.TransformCoords.time_tof_to_dspacing": 1643015410710, "transform_coords.TransformCoords.time_tof_to_energy": 1643015430066, "transform_coords.TransformCoords.time_tof_to_wavelength": 1643015450223, "transform_coords.TransformCoords.time_wavelength_to_tof": 1643015468832}, "ended_at": {"load_nexus.LoadNexus.time_load_event_nexus": 1643015392056, "transform_coords.TransformCoords.time_energy_to_tof": 1643015410710, "transform_coords.TransformCoords.time_tof_to_dspacing": 1643015430065, "transform_coords.TransformCoords.time_tof_to_energy": 1643015450222, "transform_coords.TransformCoords.time_tof_to_wavelength": 1643015468832, "transform_coords.TransformCoords.time_wavelength_to_tof": 1643015488140}, "benchmark_version": {"load_nexus.LoadNexus.time_load_event_nexus": "9bb61e37c240f4221eff71f827efb0f1cfb5371f7c6b0e72f79b9ca92578e5e9", "transform_coords.TransformCoords.time_energy_to_tof": "f1ea8beffb41e75997f96056160ef6dd12d9afb53546d00f7e0cb2b307a616bb", "transform_coords.TransformCoords.time_tof_to_dspacing": "76d3e8bdf45621127e026f90298e8f292d01ddb57cb7caf05a5ce555a659d8ac", "transform_coords.TransformCoords.time_tof_to_energy": "32774381c7e0285d159959187b4537339285cc2573292bc6b39f5edd04d4bc0b", "transform_coords.TransformCoords.time_tof_to_wavelength": "46879c3a68b31604accd5a00f4187eb567d166242d70d944aa010a5d6f8de380", "transform_coords.TransformCoords.time_wavelength_to_tof": "d4710ab73daad9eb187b2c50c320802720ae09b880a656f3ac5284d75fea178b"}, "version": 1}