{"results": {"load_nexus.LoadNexus.time_load_event_nexus": {"result": [3.8647633504999703], "stats": [{"ci_99": [3.722801950888954, 4.055357622610994], "q_25": 3.8384074579999634, "q_75": 3.915435679249981, "min": 3.835975219999966, "max": 3.99081722599999, "mean": 3.8890797867499742, "std": 0.06256654201342653, "repeat": 4, "number": 1}]}, "transform_coords.TransformCoords.time_energy_to_tof": {"result": [0.0013000293333283884], "stats": [{"ci_99": [0.0012324254950146813, 0.001369195504981931], "q_25": 0.0012878269444437742, "q_75": 0.0013130128888829203, "min": 0.0012663034444434136, "max": 0.0013368798888930339, "mean": 0.001300810499998306, "std": 2.521664863889313e-05, "repeat": 4, "number": 9}]}, "transform_coords.TransformCoords.time_tof_to_dspacing": {"result": [0.04421770300001526], "stats": [{"ci_99": [0.038347239465251454, 0.050934773534750344], "q_25": 0.04275865574999216, "q_75": 0.04610005375002402, "min": 0.04226066399996853, "max": 0.0478679560000046, "mean": 0.04464100650000091, "std": 0.0022238233857656844, "repeat": 4, "number": 1}]}, "transform_coords.TransformCoords.time_tof_to_energy": {"result": [0.30838501800002405], "stats": [{"ci_99": [0.2615910589640608, 0.35729222403594163], "q_25": 0.30053102925000985, "q_75": 0.3172956302500154, "min": 0.28559453399998347, "max": 0.3354019959999732, "mean": 0.3094416415000012, "std": 0.017758029901092546, "repeat": 4, "number": 1}]}, "transform_coords.TransformCoords.time_tof_to_wavelength": {"result": [0.0013580911875052948], "stats": [{"ci_99": [0.0011203544236125169, 0.001577790451385347], "q_25": 0.0012854015937477925, "q_75": 0.001421762031256435, "min": 0.0012465889999901947, "max": 0.0014335183749949465, "mean": 0.0013490724374989327, "std": 7.895768641135927e-05, "repeat": 4, "number": 8}]}, "transform_coords.TransformCoords.time_wavelength_to_tof": {"result": [0.04260601750002024], "stats": [{"ci_99": [0.03908324503429944, 0.04681955096567129], "q_25": 0.04192220924997514, "q_75": 0.04363520625003048, "min": 0.041414696999936496, "max": 0.045178859999964516, "mean": 0.042951397999985375, "std": 0.0014222619148115316, "repeat": 4, "number": 1}]}}, "params": {"cpu": "2 Core CPU", "machine": "cloud-container", "os": "Ubuntu latest", "ram": "7GB", "python": "3.9", "appdirs": "", "cmake": "", "conan": "", "ess-dmsc::ess-streaming-data-types": "", "h5py": "", "ipykernel": "6.3.1", "ipympl": "", "ipywidgets": "", "mantid-framework": "", "matplotlib-base": "", "ninja": "", "numpy": "", "pip": "", "pooch": "", "python-configuration": "", "python-confluent-kafka": "", "pythreejs": "", "pyyaml": "", "scipp::scipp": "", "scipy": "", "tbb": ""}, "requirements": {"appdirs": "", "cmake": "", "conan": "", "ess-dmsc::ess-streaming-data-types": "", "h5py": "", "ipykernel": "6.3.1", "ipympl": "", "ipywidgets": "", "mantid-framework": "", "matplotlib-base": "", "ninja": "", "numpy": "", "pip": "", "pooch": "", "python-configuration": "", "python-confluent-kafka": "", "pythreejs": "", "pyyaml": "", "scipp::scipp": "", "scipy": "", "tbb": ""}, "commit_hash": "be9a1cd8dbc7b9fe220b96ccf1079e679a25e06b", "date": 1636725504000, "env_name": "conda-py3.9-appdirs-cmake-conan-ess-dmsc__ess-streaming-data-types-h5py-ipykernel6.3.1-ipympl-ipywidgets-mantid-framework-matplotlib-base-ninja-numpy-pip-pooch-python-configuration-python-confluent-kafka-pythreejs-pyyaml-scipp__scipp-scipy-tbb", "python": "3.9", "profiles": {}, "started_at": {"load_nexus.LoadNexus.time_load_event_nexus": 1636726320525, "transform_coords.TransformCoords.time_energy_to_tof": 1636726333169, "transform_coords.TransformCoords.time_tof_to_dspacing": 1636726350973, "transform_coords.TransformCoords.time_tof_to_energy": 1636726368723, "transform_coords.TransformCoords.time_tof_to_wavelength": 1636726386929, "transform_coords.TransformCoords.time_wavelength_to_tof": 1636726404533}, "ended_at": {"load_nexus.LoadNexus.time_load_event_nexus": 1636726333168, "transform_coords.TransformCoords.time_energy_to_tof": 1636726350972, "transform_coords.TransformCoords.time_tof_to_dspacing": 1636726368723, "transform_coords.TransformCoords.time_tof_to_energy": 1636726386929, "transform_coords.TransformCoords.time_tof_to_wavelength": 1636726404532, "transform_coords.TransformCoords.time_wavelength_to_tof": 1636726422232}, "benchmark_version": {"load_nexus.LoadNexus.time_load_event_nexus": "9bb61e37c240f4221eff71f827efb0f1cfb5371f7c6b0e72f79b9ca92578e5e9", "transform_coords.TransformCoords.time_energy_to_tof": "f1ea8beffb41e75997f96056160ef6dd12d9afb53546d00f7e0cb2b307a616bb", "transform_coords.TransformCoords.time_tof_to_dspacing": "76d3e8bdf45621127e026f90298e8f292d01ddb57cb7caf05a5ce555a659d8ac", "transform_coords.TransformCoords.time_tof_to_energy": "32774381c7e0285d159959187b4537339285cc2573292bc6b39f5edd04d4bc0b", "transform_coords.TransformCoords.time_tof_to_wavelength": "46879c3a68b31604accd5a00f4187eb567d166242d70d944aa010a5d6f8de380", "transform_coords.TransformCoords.time_wavelength_to_tof": "d4710ab73daad9eb187b2c50c320802720ae09b880a656f3ac5284d75fea178b"}, "version": 1}