{"results": {"load_nexus.LoadNexus.time_load_event_nexus": {"result": [4.6671549870000035], "stats": [{"ci_99": [3.420885696345417, 6.133094707654595], "q_25": 4.605401845000017, "q_75": 4.89366095150001, "min": 4.543648703000031, "max": 5.1201669160000165, "mean": 4.776990202000017, "std": 0.24784557466394083, "repeat": 3, "number": 1}]}, "transform_coords.TransformCoords.time_energy_to_tof": {"result": [0.001215564499995973], "stats": [{"ci_99": [0.0011259193522269114, 0.0014733008333394082], "q_25": 0.0012086560416643504, "q_75": 0.0013069114583241042, "min": 0.0011907808333262437, "max": 0.0014733008333394082, "mean": 0.001273154055551926, "std": 0.00010154033773265259, "repeat": 6, "number": 6}]}, "transform_coords.TransformCoords.time_tof_to_dspacing": {"result": [0.033801197499997215], "stats": [{"ci_99": [0.03282788900003197, 0.03425087641014658], "q_25": 0.03372715075001054, "q_75": 0.03392970249998939, "min": 0.03282788900003197, "max": 0.03410811199995578, "mean": 0.03370223366666399, "std": 0.0004120302090868066, "repeat": 6, "number": 1}]}, "transform_coords.TransformCoords.time_tof_to_energy": {"result": [0.2434242019999715], "stats": [{"ci_99": [0.22725077879342143, 0.25588826020655825], "q_25": 0.2337861184999923, "q_75": 0.24593430350002166, "min": 0.2300211980000313, "max": 0.2552030869999271, "mean": 0.24156951949998984, "std": 0.008766368624631463, "repeat": 6, "number": 1}]}, "transform_coords.TransformCoords.time_tof_to_wavelength": {"result": [0.0012662651428659696], "stats": [{"ci_99": [0.001184273710860671, 0.0013497136700964438], "q_25": 0.0012237254285715998, "q_75": 0.001309426499996594, "min": 0.0012115145714395631, "max": 0.0013245581428528957, "mean": 0.0012669936904785573, "std": 4.7291805934149426e-05, "repeat": 6, "number": 7}]}, "transform_coords.TransformCoords.time_wavelength_to_tof": {"result": [0.03143682749993104], "stats": [{"ci_99": [0.030883336037246578, 0.031985614296059325], "q_25": 0.031235998750048566, "q_75": 0.0317117472499433, "min": 0.03089316900002359, "max": 0.031867583999996896, "mean": 0.03143447516665295, "std": 0.0003374039343414523, "repeat": 6, "number": 1}]}}, "params": {"cpu": "2 Core CPU", "machine": "cloud-container", "os": "Ubuntu latest", "ram": "7GB", "python": "3.9", "appdirs": "", "cmake": "", "conan": "", "ess-dmsc::ess-streaming-data-types": "", "h5py": "", "ipykernel": "6.3.1", "ipympl": "", "ipywidgets": "", "mantid-framework": "", "matplotlib-base": "", "ninja": "", "numpy": "", "pip": "", "pooch": "", "python-configuration": "", "python-confluent-kafka": "", "pythreejs": "", "pyyaml": "", "scipp::scipp": "", "scipy": "", "tbb": ""}, "requirements": {"appdirs": "", "cmake": "", "conan": "", "ess-dmsc::ess-streaming-data-types": "", "h5py": "", "ipykernel": "6.3.1", "ipympl": "", "ipywidgets": "", "mantid-framework": "", "matplotlib-base": "", "ninja": "", "numpy": "", "pip": "", "pooch": "", "python-configuration": "", "python-confluent-kafka": "", "pythreejs": "", "pyyaml": "", "scipp::scipp": "", "scipy": "", "tbb": ""}, "commit_hash": "caff2dbc416e5357115b97152c136bff56fdbdf6", "date": 1635829539000, "env_name": "conda-py3.9-appdirs-cmake-conan-ess-dmsc__ess-streaming-data-types-h5py-ipykernel6.3.1-ipympl-ipywidgets-mantid-framework-matplotlib-base-ninja-numpy-pip-pooch-python-configuration-python-confluent-kafka-pythreejs-pyyaml-scipp__scipp-scipy-tbb", "python": "3.9", "profiles": {}, "started_at": {"load_nexus.LoadNexus.time_load_event_nexus": 1635833558748, "transform_coords.TransformCoords.time_energy_to_tof": 1635833573345, "transform_coords.TransformCoords.time_tof_to_dspacing": 1635833591093, "transform_coords.TransformCoords.time_tof_to_energy": 1635833608843, "transform_coords.TransformCoords.time_tof_to_wavelength": 1635833627447, "transform_coords.TransformCoords.time_wavelength_to_tof": 1635833645145}, "ended_at": {"load_nexus.LoadNexus.time_load_event_nexus": 1635833573345, "transform_coords.TransformCoords.time_energy_to_tof": 1635833591093, "transform_coords.TransformCoords.time_tof_to_dspacing": 1635833608843, "transform_coords.TransformCoords.time_tof_to_energy": 1635833627446, "transform_coords.TransformCoords.time_tof_to_wavelength": 1635833645145, "transform_coords.TransformCoords.time_wavelength_to_tof": 1635833663302}, "benchmark_version": {"load_nexus.LoadNexus.time_load_event_nexus": "9bb61e37c240f4221eff71f827efb0f1cfb5371f7c6b0e72f79b9ca92578e5e9", "transform_coords.TransformCoords.time_energy_to_tof": "f1ea8beffb41e75997f96056160ef6dd12d9afb53546d00f7e0cb2b307a616bb", "transform_coords.TransformCoords.time_tof_to_dspacing": "76d3e8bdf45621127e026f90298e8f292d01ddb57cb7caf05a5ce555a659d8ac", "transform_coords.TransformCoords.time_tof_to_energy": "32774381c7e0285d159959187b4537339285cc2573292bc6b39f5edd04d4bc0b", "transform_coords.TransformCoords.time_tof_to_wavelength": "46879c3a68b31604accd5a00f4187eb567d166242d70d944aa010a5d6f8de380", "transform_coords.TransformCoords.time_wavelength_to_tof": "d4710ab73daad9eb187b2c50c320802720ae09b880a656f3ac5284d75fea178b"}, "version": 1}