{"results": {"load_nexus.LoadNexus.time_load_event_nexus": {"result": [3.7992110309999987], "stats": [{"ci_99": [3.746357448845984, 3.8712694336540356], "q_25": 3.790846116499992, "q_75": 3.8171783557500163, "min": 3.7881637820000265, "max": 3.8486679210000148, "mean": 3.8088134412500096, "std": 0.024035527576034058, "repeat": 4, "number": 1}]}, "transform_coords.TransformCoords.time_energy_to_tof": {"result": [0.001366382071430345], "stats": [{"ci_99": [0.0013184434857163286, 0.0014512872857202247], "q_25": 0.0013521834999953139, "q_75": 0.001391516714284486, "min": 0.0013330675714249601, "max": 0.0014512872857202247, "mean": 0.0013774107619042297, "std": 3.8588239963999027e-05, "repeat": 6, "number": 7}]}, "transform_coords.TransformCoords.time_tof_to_dspacing": {"result": [0.03638803149999603], "stats": [{"ci_99": [0.03570095099996706, 0.036894766621136235], "q_25": 0.036269953000001465, "q_75": 0.03660976750002476, "min": 0.03570095099996706, "max": 0.036787998000022526, "mean": 0.03636321416666988, "std": 0.00034961847013745354, "repeat": 6, "number": 1}]}, "transform_coords.TransformCoords.time_tof_to_energy": {"result": [0.2514783465000221], "stats": [{"ci_99": [0.24954640123285887, 0.25811423100003594], "q_25": 0.25115745150000635, "q_75": 0.2521655520000081, "min": 0.2509936620000417, "max": 0.25811423100003594, "mean": 0.2525849488333544, "std": 0.0025128103342167145, "repeat": 6, "number": 1}]}, "transform_coords.TransformCoords.time_tof_to_wavelength": {"result": [0.0013586107857130564], "stats": [{"ci_99": [0.0013283331884387242, 0.001376671049654866], "q_25": 0.001339803535714168, "q_75": 0.0013622632142836926, "min": 0.0013303864285733522, "max": 0.0013703895714261957, "mean": 0.0013525021190467952, "std": 1.4936433339624897e-05, "repeat": 6, "number": 7}]}, "transform_coords.TransformCoords.time_wavelength_to_tof": {"result": [0.034865510500026176], "stats": [{"ci_99": [0.034317621202782936, 0.03538807046391985], "q_25": 0.03463650999995593, "q_75": 0.03513134725002942, "min": 0.034347448000062286, "max": 0.035258470000030684, "mean": 0.03485284583335139, "std": 0.0003243921354197137, "repeat": 6, "number": 1}]}}, "params": {"cpu": "2 Core CPU", "machine": "cloud-container", "os": "Ubuntu latest", "ram": "7GB", "python": "3.9", "appdirs": "", "cmake": "", "conan": "", "ess-dmsc::ess-streaming-data-types": "", "h5py": "", "ipykernel": "6.3.1", "ipympl": "", "ipywidgets": "", "mantid-framework": "", "matplotlib-base": "", "ninja": "", "numpy": "", "pip": "", "pooch": "", "python-configuration": "", "python-confluent-kafka": "", "pythreejs": "", "pyyaml": "", "scipp::scipp": "", "scipy": "", "tbb": ""}, "requirements": {"appdirs": "", "cmake": "", "conan": "", "ess-dmsc::ess-streaming-data-types": "", "h5py": "", "ipykernel": "6.3.1", "ipympl": "", "ipywidgets": "", "mantid-framework": "", "matplotlib-base": "", "ninja": "", "numpy": "", "pip": "", "pooch": "", "python-configuration": "", "python-confluent-kafka": "", "pythreejs": "", "pyyaml": "", "scipp::scipp": "", "scipy": "", "tbb": ""}, "commit_hash": "cb4502706485597b95f4ecc3f79f48f28b2242f4", "date": 1642658062000, "env_name": "conda-py3.9-appdirs-cmake-conan-ess-dmsc__ess-streaming-data-types-h5py-ipykernel6.3.1-ipympl-ipywidgets-mantid-framework-matplotlib-base-ninja-numpy-pip-pooch-python-configuration-python-confluent-kafka-pythreejs-pyyaml-scipp__scipp-scipy-tbb", "python": "3.9", "profiles": {}, "started_at": {"load_nexus.LoadNexus.time_load_event_nexus": 1642659062515, "transform_coords.TransformCoords.time_energy_to_tof": 1642659074766, "transform_coords.TransformCoords.time_tof_to_dspacing": 1642659094437, "transform_coords.TransformCoords.time_tof_to_energy": 1642659114148, "transform_coords.TransformCoords.time_tof_to_wavelength": 1642659134612, "transform_coords.TransformCoords.time_wavelength_to_tof": 1642659154172}, "ended_at": {"load_nexus.LoadNexus.time_load_event_nexus": 1642659074766, "transform_coords.TransformCoords.time_energy_to_tof": 1642659094437, "transform_coords.TransformCoords.time_tof_to_dspacing": 1642659114148, "transform_coords.TransformCoords.time_tof_to_energy": 1642659134611, "transform_coords.TransformCoords.time_tof_to_wavelength": 1642659154172, "transform_coords.TransformCoords.time_wavelength_to_tof": 1642659173837}, "benchmark_version": {"load_nexus.LoadNexus.time_load_event_nexus": "9bb61e37c240f4221eff71f827efb0f1cfb5371f7c6b0e72f79b9ca92578e5e9", "transform_coords.TransformCoords.time_energy_to_tof": "f1ea8beffb41e75997f96056160ef6dd12d9afb53546d00f7e0cb2b307a616bb", "transform_coords.TransformCoords.time_tof_to_dspacing": "76d3e8bdf45621127e026f90298e8f292d01ddb57cb7caf05a5ce555a659d8ac", "transform_coords.TransformCoords.time_tof_to_energy": "32774381c7e0285d159959187b4537339285cc2573292bc6b39f5edd04d4bc0b", "transform_coords.TransformCoords.time_tof_to_wavelength": "46879c3a68b31604accd5a00f4187eb567d166242d70d944aa010a5d6f8de380", "transform_coords.TransformCoords.time_wavelength_to_tof": "d4710ab73daad9eb187b2c50c320802720ae09b880a656f3ac5284d75fea178b"}, "version": 1}