{"results": {"load_nexus.LoadNexus.time_load_event_nexus": {"result": [4.767356463999931], "stats": [{"ci_99": [3.696476349380755, 5.915081637285955], "q_25": 4.675782136000009, "q_75": 4.916564585999993, "min": 4.584207808000087, "max": 5.065772708000054, "mean": 4.805778993333358, "std": 0.19846646450265928, "repeat": 3, "number": 1}]}, "transform_coords.TransformCoords.time_energy_to_tof": {"result": [0.0014585121666736236], "stats": [{"ci_99": [0.0010385567326177392, 0.002902283999996295], "q_25": 0.0013989682916673019, "q_75": 0.0015375270416673932, "min": 0.0013244926666592012, "max": 0.002902283999996295, "mean": 0.0016811311111110982, "std": 0.0005509994866408625, "repeat": 6, "number": 6}]}, "transform_coords.TransformCoords.time_tof_to_dspacing": {"result": [0.04089693499997793], "stats": [{"ci_99": [0.035246715304866116, 0.05271911400006957], "q_25": 0.040077358999951684, "q_75": 0.04095445899997685, "min": 0.039584154999943166, "max": 0.05271911400006957, "mean": 0.04284640439998384, "std": 0.004963066930060421, "repeat": 5, "number": 1}]}, "transform_coords.TransformCoords.time_tof_to_energy": {"result": [0.2973295770000277], "stats": [{"ci_99": [0.2105288577229826, 0.389633243777035], "q_25": 0.28546795875004705, "q_75": 0.3119426689999898, "min": 0.25540773299997, "max": 0.3502573160000111, "mean": 0.3000810507500091, "std": 0.03367226859772577, "repeat": 4, "number": 1}]}, "transform_coords.TransformCoords.time_tof_to_wavelength": {"result": [0.001434301249995921], "stats": [{"ci_99": [0.0012958690876778152, 0.0016502093333391106], "q_25": 0.001388777374989066, "q_75": 0.0014640362499989124, "min": 0.001315974499997689, "max": 0.0016502093333391106, "mean": 0.0014470561666636665, "std": 0.00010364504769088522, "repeat": 6, "number": 6}]}, "transform_coords.TransformCoords.time_wavelength_to_tof": {"result": [0.038635245500017845], "stats": [{"ci_99": [0.03499112181207355, 0.043882664000079785], "q_25": 0.0375065290000407, "q_75": 0.04050351974998989, "min": 0.03566992499997923, "max": 0.043882664000079785, "mean": 0.03917994133335393, "std": 0.002654756043333845, "repeat": 6, "number": 1}]}}, "params": {"cpu": "2 Core CPU", "machine": "cloud-container", "os": "Ubuntu latest", "ram": "7GB", "python": "3.9", "appdirs": "", "cmake": "", "conan": "", "ess-dmsc::ess-streaming-data-types": "", "h5py": "", "ipykernel": "6.3.1", "ipympl": "", "ipywidgets": "", "mantid-framework": "", "matplotlib-base": "", "ninja": "", "numpy": "", "pip": "", "pooch": "", "python-configuration": "", "python-confluent-kafka": "", "pythreejs": "", "pyyaml": "", "scipp::scipp": "", "scipy": "", "tbb": ""}, "requirements": {"appdirs": "", "cmake": "", "conan": "", "ess-dmsc::ess-streaming-data-types": "", "h5py": "", "ipykernel": "6.3.1", "ipympl": "", "ipywidgets": "", "mantid-framework": "", "matplotlib-base": "", "ninja": "", "numpy": "", "pip": "", "pooch": "", "python-configuration": "", "python-confluent-kafka": "", "pythreejs": "", "pyyaml": "", "scipp::scipp": "", "scipy": "", "tbb": ""}, "commit_hash": "ccb18877e883dd268493b26ae0a12b7576655e93", "date": 1636032499000, "env_name": "conda-py3.9-appdirs-cmake-conan-ess-dmsc__ess-streaming-data-types-h5py-ipykernel6.3.1-ipympl-ipywidgets-mantid-framework-matplotlib-base-ninja-numpy-pip-pooch-python-configuration-python-confluent-kafka-pythreejs-pyyaml-scipp__scipp-scipy-tbb", "python": "3.9", "profiles": {}, "started_at": {"load_nexus.LoadNexus.time_load_event_nexus": 1636035098117, "transform_coords.TransformCoords.time_energy_to_tof": 1636035112961, "transform_coords.TransformCoords.time_tof_to_dspacing": 1636035132768, "transform_coords.TransformCoords.time_tof_to_energy": 1636035154233, "transform_coords.TransformCoords.time_tof_to_wavelength": 1636035172190, "transform_coords.TransformCoords.time_wavelength_to_tof": 1636035192809}, "ended_at": {"load_nexus.LoadNexus.time_load_event_nexus": 1636035112960, "transform_coords.TransformCoords.time_energy_to_tof": 1636035132767, "transform_coords.TransformCoords.time_tof_to_dspacing": 1636035154233, "transform_coords.TransformCoords.time_tof_to_energy": 1636035172189, "transform_coords.TransformCoords.time_tof_to_wavelength": 1636035192808, "transform_coords.TransformCoords.time_wavelength_to_tof": 1636035213368}, "benchmark_version": {"load_nexus.LoadNexus.time_load_event_nexus": "9bb61e37c240f4221eff71f827efb0f1cfb5371f7c6b0e72f79b9ca92578e5e9", "transform_coords.TransformCoords.time_energy_to_tof": "f1ea8beffb41e75997f96056160ef6dd12d9afb53546d00f7e0cb2b307a616bb", "transform_coords.TransformCoords.time_tof_to_dspacing": "76d3e8bdf45621127e026f90298e8f292d01ddb57cb7caf05a5ce555a659d8ac", "transform_coords.TransformCoords.time_tof_to_energy": "32774381c7e0285d159959187b4537339285cc2573292bc6b39f5edd04d4bc0b", "transform_coords.TransformCoords.time_tof_to_wavelength": "46879c3a68b31604accd5a00f4187eb567d166242d70d944aa010a5d6f8de380", "transform_coords.TransformCoords.time_wavelength_to_tof": "d4710ab73daad9eb187b2c50c320802720ae09b880a656f3ac5284d75fea178b"}, "version": 1}