{"results": {"load_nexus.LoadNexus.time_load_event_nexus": {"result": [5.6685288819999755], "stats": [{"ci_99": [-8.972562817999744, 20.30962058199968], "q_25": 5.522117964999978, "q_75": 5.814939798999973, "min": 5.375707047999981, "max": 5.96135071599997, "mean": 5.6685288819999755, "std": 0.2928218339999944, "repeat": 2, "number": 1}]}, "transform_coords.TransformCoords.time_energy_to_tof": {"result": [0.001852814600010788], "stats": [{"ci_99": [0.0015015531374259685, 0.002140753262587272], "q_25": 0.001764949650004155, "q_75": 0.0019090181500132529, "min": 0.0016354632000002312, "max": 0.0019435204000046724, "mean": 0.00182115320000662, "std": 0.00011774556986869621, "repeat": 4, "number": 5}]}, "transform_coords.TransformCoords.time_tof_to_dspacing": {"result": [0.03956617799997275], "stats": [{"ci_99": [0.03206946845191656, 0.05071219354802871], "q_25": 0.03897574724996389, "q_75": 0.04198126174998151, "min": 0.038485373999947114, "max": 0.04794559399999798, "mean": 0.04139083099997265, "std": 0.003821973554061413, "repeat": 4, "number": 1}]}, "transform_coords.TransformCoords.time_tof_to_energy": {"result": [0.3334657594999726], "stats": [{"ci_99": [0.32868954824487684, 0.33789224225512715], "q_25": 0.33240631849997726, "q_75": 0.3343503362499973, "min": 0.33082454600003075, "max": 0.33540751600003205, "mean": 0.333290895250002, "std": 0.001672614389922224, "repeat": 4, "number": 1}]}, "transform_coords.TransformCoords.time_tof_to_wavelength": {"result": [0.0016759954999997716], "stats": [{"ci_99": [0.0013861384310001027, 0.00212191146901724], "q_25": 0.0016640344999984793, "q_75": 0.0017659859500099627, "min": 0.0016445648000171786, "max": 0.0020195440000179586, "mean": 0.0017540249500086703, "std": 0.00015388221661547012, "repeat": 4, "number": 5}]}, "transform_coords.TransformCoords.time_wavelength_to_tof": {"result": [0.03635393699994438], "stats": [{"ci_99": [0.03470799939508202, 0.037780855104883763], "q_25": 0.03592902574996515, "q_75": 0.03666933849996212, "min": 0.03541172899997491, "max": 0.03685810600006789, "mean": 0.03624442724998289, "std": 0.0005525993226130955, "repeat": 4, "number": 1}]}}, "params": {"cpu": "2 Core CPU", "machine": "cloud-container", "os": "Ubuntu latest", "ram": "7GB", "python": "3.9", "appdirs": "", "cmake": "", "conan": "", "ess-dmsc::ess-streaming-data-types": "", "h5py": "", "ipykernel": "6.3.1", "ipympl": "", "ipywidgets": "", "mantid-framework": "", "matplotlib-base": "", "ninja": "", "numpy": "", "pip": "", "pooch": "", "python-configuration": "", "python-confluent-kafka": "", "pythreejs": "", "pyyaml": "", "scipp::scipp": "", "scipy": "", "tbb": ""}, "requirements": {"appdirs": "", "cmake": "", "conan": "", "ess-dmsc::ess-streaming-data-types": "", "h5py": "", "ipykernel": "6.3.1", "ipympl": "", "ipywidgets": "", "mantid-framework": "", "matplotlib-base": "", "ninja": "", "numpy": "", "pip": "", "pooch": "", "python-configuration": "", "python-confluent-kafka": "", "pythreejs": "", "pyyaml": "", "scipp::scipp": "", "scipy": "", "tbb": ""}, "commit_hash": "d0140a411226b41e6d1775e77f1107502388ad67", "date": 1635840698000, "env_name": "conda-py3.9-appdirs-cmake-conan-ess-dmsc__ess-streaming-data-types-h5py-ipykernel6.3.1-ipympl-ipywidgets-mantid-framework-matplotlib-base-ninja-numpy-pip-pooch-python-configuration-python-confluent-kafka-pythreejs-pyyaml-scipp__scipp-scipy-tbb", "python": "3.9", "profiles": {}, "started_at": {"load_nexus.LoadNexus.time_load_event_nexus": 1635844352051, "transform_coords.TransformCoords.time_energy_to_tof": 1635844363387, "transform_coords.TransformCoords.time_tof_to_dspacing": 1635844381236, "transform_coords.TransformCoords.time_tof_to_energy": 1635844399392, "transform_coords.TransformCoords.time_tof_to_wavelength": 1635844418497, "transform_coords.TransformCoords.time_wavelength_to_tof": 1635844436761}, "ended_at": {"load_nexus.LoadNexus.time_load_event_nexus": 1635844363387, "transform_coords.TransformCoords.time_energy_to_tof": 1635844381236, "transform_coords.TransformCoords.time_tof_to_dspacing": 1635844399392, "transform_coords.TransformCoords.time_tof_to_energy": 1635844418496, "transform_coords.TransformCoords.time_tof_to_wavelength": 1635844436761, "transform_coords.TransformCoords.time_wavelength_to_tof": 1635844454820}, "benchmark_version": {"load_nexus.LoadNexus.time_load_event_nexus": "9bb61e37c240f4221eff71f827efb0f1cfb5371f7c6b0e72f79b9ca92578e5e9", "transform_coords.TransformCoords.time_energy_to_tof": "f1ea8beffb41e75997f96056160ef6dd12d9afb53546d00f7e0cb2b307a616bb", "transform_coords.TransformCoords.time_tof_to_dspacing": "76d3e8bdf45621127e026f90298e8f292d01ddb57cb7caf05a5ce555a659d8ac", "transform_coords.TransformCoords.time_tof_to_energy": "32774381c7e0285d159959187b4537339285cc2573292bc6b39f5edd04d4bc0b", "transform_coords.TransformCoords.time_tof_to_wavelength": "46879c3a68b31604accd5a00f4187eb567d166242d70d944aa010a5d6f8de380", "transform_coords.TransformCoords.time_wavelength_to_tof": "d4710ab73daad9eb187b2c50c320802720ae09b880a656f3ac5284d75fea178b"}, "version": 1}