{"results": {"load_nexus.LoadNexus.time_load_event_nexus": {"result": [3.7876450635000083], "stats": [{"ci_99": [3.4376829783996325, 4.322183431100375], "q_25": 3.7754504177500507, "q_75": 3.8921278504999606, "min": 3.7458898180000233, "max": 4.198552873999972, "mean": 3.879933204750003, "std": 0.18475070149433614, "repeat": 4, "number": 1}]}, "transform_coords.TransformCoords.time_energy_to_tof": {"result": [0.0012031851111184246], "stats": [{"ci_99": [0.000825438273606832, 0.001712017504175336], "q_25": 0.0011491316388938027, "q_75": 0.0013227813611157067, "min": 0.0011134495555577611, "max": 0.0015550917777697275, "mean": 0.0012687278888910845, "std": 0.0001719463481763773, "repeat": 4, "number": 9}]}, "transform_coords.TransformCoords.time_tof_to_dspacing": {"result": [0.049305274499999996], "stats": [{"ci_99": [0.02848285191472079, 0.0702018400852853], "q_25": 0.0428052440000215, "q_75": 0.05584237649998158, "min": 0.041220028999987335, "max": 0.05753880600002503, "mean": 0.04934234600000309, "std": 0.007149779031491888, "repeat": 4, "number": 1}]}, "transform_coords.TransformCoords.time_tof_to_energy": {"result": [0.32415262000000666], "stats": [{"ci_99": [0.28765720726269994, 0.360635912737305], "q_25": 0.31682175649999067, "q_75": 0.33147742350001863, "min": 0.30567835700003343, "max": 0.3426026429999638, "mean": 0.32414656000000264, "std": 0.013302802803548416, "repeat": 4, "number": 1}]}, "transform_coords.TransformCoords.time_tof_to_wavelength": {"result": [0.00128481624999921], "stats": [{"ci_99": [0.0010092798406069637, 0.0015738759718950494], "q_25": 0.0012113623749954172, "q_75": 0.0013650317812547996, "min": 0.0011736838749953904, "max": 0.0014229952500102172, "mean": 0.0012915779062510069, "std": 9.833261240702976e-05, "repeat": 4, "number": 8}]}, "transform_coords.TransformCoords.time_wavelength_to_tof": {"result": [0.04573286849995384], "stats": [{"ci_99": [0.02958322085470234, 0.06360343564523571], "q_25": 0.041194850499977065, "q_75": 0.051131346249945864, "min": 0.040391097999986414, "max": 0.05451647799998227, "mean": 0.04659332824996909, "std": 0.0058989884844264555, "repeat": 4, "number": 1}]}}, "params": {"cpu": "2 Core CPU", "machine": "cloud-container", "os": "Ubuntu latest", "ram": "7GB", "python": "3.9", "appdirs": "", "cmake": "", "conan": "", "ess-dmsc::ess-streaming-data-types": "", "h5py": "", "ipykernel": "6.3.1", "ipympl": "", "ipywidgets": "", "mantid-framework": "", "matplotlib-base": "", "ninja": "", "numpy": "", "pip": "", "pooch": "", "python-configuration": "", "python-confluent-kafka": "", "pythreejs": "", "pyyaml": "", "scipp::scipp": "", "scipy": "", "tbb": ""}, "requirements": {"appdirs": "", "cmake": "", "conan": "", "ess-dmsc::ess-streaming-data-types": "", "h5py": "", "ipykernel": "6.3.1", "ipympl": "", "ipywidgets": "", "mantid-framework": "", "matplotlib-base": "", "ninja": "", "numpy": "", "pip": "", "pooch": "", "python-configuration": "", "python-confluent-kafka": "", "pythreejs": "", "pyyaml": "", "scipp::scipp": "", "scipy": "", "tbb": ""}, "commit_hash": "e3944d7980c0bb8947422d9f92930fabd64dc164", "date": 1638867771000, "env_name": "conda-py3.9-appdirs-cmake-conan-ess-dmsc__ess-streaming-data-types-h5py-ipykernel6.3.1-ipympl-ipywidgets-mantid-framework-matplotlib-base-ninja-numpy-pip-pooch-python-configuration-python-confluent-kafka-pythreejs-pyyaml-scipp__scipp-scipy-tbb", "python": "3.9", "profiles": {}, "started_at": {"load_nexus.LoadNexus.time_load_event_nexus": 1638868313260, "transform_coords.TransformCoords.time_energy_to_tof": 1638868325500, "transform_coords.TransformCoords.time_tof_to_dspacing": 1638868342751, "transform_coords.TransformCoords.time_tof_to_energy": 1638868360010, "transform_coords.TransformCoords.time_tof_to_wavelength": 1638868378115, "transform_coords.TransformCoords.time_wavelength_to_tof": 1638868396118}, "ended_at": {"load_nexus.LoadNexus.time_load_event_nexus": 1638868325499, "transform_coords.TransformCoords.time_energy_to_tof": 1638868342751, "transform_coords.TransformCoords.time_tof_to_dspacing": 1638868360009, "transform_coords.TransformCoords.time_tof_to_energy": 1638868378115, "transform_coords.TransformCoords.time_tof_to_wavelength": 1638868396118, "transform_coords.TransformCoords.time_wavelength_to_tof": 1638868413971}, "benchmark_version": {"load_nexus.LoadNexus.time_load_event_nexus": "9bb61e37c240f4221eff71f827efb0f1cfb5371f7c6b0e72f79b9ca92578e5e9", "transform_coords.TransformCoords.time_energy_to_tof": "f1ea8beffb41e75997f96056160ef6dd12d9afb53546d00f7e0cb2b307a616bb", "transform_coords.TransformCoords.time_tof_to_dspacing": "76d3e8bdf45621127e026f90298e8f292d01ddb57cb7caf05a5ce555a659d8ac", "transform_coords.TransformCoords.time_tof_to_energy": "32774381c7e0285d159959187b4537339285cc2573292bc6b39f5edd04d4bc0b", "transform_coords.TransformCoords.time_tof_to_wavelength": "46879c3a68b31604accd5a00f4187eb567d166242d70d944aa010a5d6f8de380", "transform_coords.TransformCoords.time_wavelength_to_tof": "d4710ab73daad9eb187b2c50c320802720ae09b880a656f3ac5284d75fea178b"}, "version": 1}