{"results": {"load_nexus.LoadNexus.time_load_event_nexus": {"result": [3.6063546674999998], "stats": [{"ci_99": [2.9385832826477207, 4.2771586703522715], "q_25": 3.3805873464999934, "q_75": 3.833638297500002, "min": 3.3759086499999853, "max": 3.842865920999998, "mean": 3.6078709764999957, "std": 0.22889516076935873, "repeat": 4, "number": 1}]}, "transform_coords.TransformCoords.time_energy_to_tof": {"result": [0.0012784454999987815], "stats": [{"ci_99": [0.0011687195543721093, 0.0013895089456301298], "q_25": 0.0012239261562498882, "q_75": 0.0013289335937525237, "min": 0.001199588375001781, "max": 0.0013666901250033447, "mean": 0.0012791142500011194, "std": 6.377009085432109e-05, "repeat": 6, "number": 8}]}, "transform_coords.TransformCoords.time_tof_to_dspacing": {"result": [0.03658040100000903], "stats": [{"ci_99": [0.035108692906640905, 0.03790403909333529], "q_25": 0.03589467125000567, "q_75": 0.03705718449997164, "min": 0.03523106799997322, "max": 0.03776411899997356, "mean": 0.0365063659999881, "std": 0.0008553864372923146, "repeat": 6, "number": 1}]}, "transform_coords.TransformCoords.time_tof_to_energy": {"result": [0.24316099350002673], "stats": [{"ci_99": [0.23800544052628997, 0.24663480447374692], "q_25": 0.24038538875001336, "q_75": 0.24468312025003058, "min": 0.23812164899999289, "max": 0.24482641600002353, "mean": 0.24232012250001844, "std": 0.0025905893060726064, "repeat": 6, "number": 1}]}, "transform_coords.TransformCoords.time_tof_to_wavelength": {"result": [0.0013261899999967852], "stats": [{"ci_99": [0.0012094031978082177, 0.0013736467188529596], "q_25": 0.0012486983124944118, "q_75": 0.0013298526249982956, "min": 0.0012105637499999489, "max": 0.0013322647499975915, "mean": 0.0012915249583305883, "std": 5.28400675433108e-05, "repeat": 6, "number": 8}]}, "transform_coords.TransformCoords.time_wavelength_to_tof": {"result": [0.03449342899997987], "stats": [{"ci_99": [0.03399140279243441, 0.03503978487423253], "q_25": 0.03428032824996308, "q_75": 0.034781070750014464, "min": 0.03409037899996292, "max": 0.034930080000094677, "mean": 0.03451559383333347, "std": 0.0003065347609068706, "repeat": 6, "number": 1}]}}, "params": {"cpu": "2 Core CPU", "machine": "cloud-container", "os": "Ubuntu latest", "ram": "7GB", "python": "3.9", "appdirs": "", "cmake": "", "conan": "", "ess-dmsc::ess-streaming-data-types": "", "h5py": "", "ipykernel": "6.3.1", "ipympl": "", "ipywidgets": "", "mantid-framework": "", "matplotlib-base": "", "ninja": "", "numpy": "", "pip": "", "pooch": "", "python-configuration": "", "python-confluent-kafka": "", "pythreejs": "", "pyyaml": "", "scipp::scipp": "", "scipy": "", "tbb": ""}, "requirements": {"appdirs": "", "cmake": "", "conan": "", "ess-dmsc::ess-streaming-data-types": "", "h5py": "", "ipykernel": "6.3.1", "ipympl": "", "ipywidgets": "", "mantid-framework": "", "matplotlib-base": "", "ninja": "", "numpy": "", "pip": "", "pooch": "", "python-configuration": "", "python-confluent-kafka": "", "pythreejs": "", "pyyaml": "", "scipp::scipp": "", "scipy": "", "tbb": ""}, "commit_hash": "f4c65be917fa267dbd120fd8707f51bfcc716701", "date": 1642498327000, "env_name": "conda-py3.9-appdirs-cmake-conan-ess-dmsc__ess-streaming-data-types-h5py-ipykernel6.3.1-ipympl-ipywidgets-mantid-framework-matplotlib-base-ninja-numpy-pip-pooch-python-configuration-python-confluent-kafka-pythreejs-pyyaml-scipp__scipp-scipy-tbb", "python": "3.9", "profiles": {}, "started_at": {"load_nexus.LoadNexus.time_load_event_nexus": 1642500602008, "transform_coords.TransformCoords.time_energy_to_tof": 1642500612947, "transform_coords.TransformCoords.time_tof_to_dspacing": 1642500631351, "transform_coords.TransformCoords.time_tof_to_energy": 1642500649810, "transform_coords.TransformCoords.time_tof_to_wavelength": 1642500668967, "transform_coords.TransformCoords.time_wavelength_to_tof": 1642500687272}, "ended_at": {"load_nexus.LoadNexus.time_load_event_nexus": 1642500612947, "transform_coords.TransformCoords.time_energy_to_tof": 1642500631350, "transform_coords.TransformCoords.time_tof_to_dspacing": 1642500649809, "transform_coords.TransformCoords.time_tof_to_energy": 1642500668967, "transform_coords.TransformCoords.time_tof_to_wavelength": 1642500687272, "transform_coords.TransformCoords.time_wavelength_to_tof": 1642500705627}, "benchmark_version": {"load_nexus.LoadNexus.time_load_event_nexus": "9bb61e37c240f4221eff71f827efb0f1cfb5371f7c6b0e72f79b9ca92578e5e9", "transform_coords.TransformCoords.time_energy_to_tof": "f1ea8beffb41e75997f96056160ef6dd12d9afb53546d00f7e0cb2b307a616bb", "transform_coords.TransformCoords.time_tof_to_dspacing": "76d3e8bdf45621127e026f90298e8f292d01ddb57cb7caf05a5ce555a659d8ac", "transform_coords.TransformCoords.time_tof_to_energy": "32774381c7e0285d159959187b4537339285cc2573292bc6b39f5edd04d4bc0b", "transform_coords.TransformCoords.time_tof_to_wavelength": "46879c3a68b31604accd5a00f4187eb567d166242d70d944aa010a5d6f8de380", "transform_coords.TransformCoords.time_wavelength_to_tof": "d4710ab73daad9eb187b2c50c320802720ae09b880a656f3ac5284d75fea178b"}, "version": 1}