{"results": {"load_nexus.LoadNexus.time_load_event_nexus": {"result": [3.784177219999947], "stats": [{"ci_99": [3.6708481059516704, 3.9011847620482807], "q_25": 3.7506050559999267, "q_75": 3.8195885979999957, "min": 3.7407879070000263, "max": 3.8349233889999823, "mean": 3.7860164339999756, "std": 0.03962457815401957, "repeat": 4, "number": 1}]}, "transform_coords.TransformCoords.time_energy_to_tof": {"result": [0.0011015696666668697], "stats": [{"ci_99": [0.0010888288729464166, 0.0011235657777761946], "q_25": 0.001097407305558641, "q_75": 0.0011114670277771034, "min": 0.0010947216666686978, "max": 0.0011235657777761946, "mean": 0.0011053687962969518, "std": 1.0273532736561003e-05, "repeat": 6, "number": 9}]}, "transform_coords.TransformCoords.time_tof_to_dspacing": {"result": [0.028960065999996232], "stats": [{"ci_99": [0.025998844013260868, 0.04029942200003234], "q_25": 0.02866348124999263, "q_75": 0.029453609000029246, "min": 0.028396195000027546, "max": 0.04029942200003234, "mean": 0.03079974866668067, "std": 0.004265097273369712, "repeat": 6, "number": 1}]}, "transform_coords.TransformCoords.time_tof_to_energy": {"result": [0.22945506649998038], "stats": [{"ci_99": [0.21987325934617663, 0.25935091100001273], "q_25": 0.22889738200004217, "q_75": 0.24073982175001163, "min": 0.2284601039999643, "max": 0.25935091100001273, "mean": 0.23665567366667042, "std": 0.011592150747516534, "repeat": 6, "number": 1}]}, "transform_coords.TransformCoords.time_tof_to_wavelength": {"result": [0.0010895196666669766], "stats": [{"ci_99": [0.0010708119984462706, 0.0011079944444468816], "q_25": 0.001083191666670776, "q_75": 0.001095176166663868, "min": 0.0010710112222227508, "max": 0.0011079944444468816, "mean": 0.0010893648333341877, "std": 1.161440838227078e-05, "repeat": 6, "number": 9}]}, "transform_coords.TransformCoords.time_wavelength_to_tof": {"result": [0.02720406250000451], "stats": [{"ci_99": [0.026718012000003455, 0.027690836000033414], "q_25": 0.02712958424996259, "q_75": 0.027264488000042775, "min": 0.026718012000003455, "max": 0.027690836000033414, "mean": 0.027201060166675006, "std": 0.0002851613545852989, "repeat": 6, "number": 1}]}}, "params": {"cpu": "2 Core CPU", "machine": "cloud-container", "os": "Ubuntu latest", "ram": "7GB", "python": "3.9", "appdirs": "", "cmake": "", "conan": "", "ess-dmsc::ess-streaming-data-types": "", "h5py": "", "ipykernel": "6.3.1", "ipympl": "", "ipywidgets": "", "mantid-framework": "", "matplotlib-base": "", "ninja": "", "numpy": "", "pip": "", "pooch": "", "python-configuration": "", "python-confluent-kafka": "", "pythreejs": "", "pyyaml": "", "scipp::scipp": "", "scipy": "", "tbb": ""}, "requirements": {"appdirs": "", "cmake": "", "conan": "", "ess-dmsc::ess-streaming-data-types": "", "h5py": "", "ipykernel": "6.3.1", "ipympl": "", "ipywidgets": "", "mantid-framework": "", "matplotlib-base": "", "ninja": "", "numpy": "", "pip": "", "pooch": "", "python-configuration": "", "python-confluent-kafka": "", "pythreejs": "", "pyyaml": "", "scipp::scipp": "", "scipy": "", "tbb": ""}, "commit_hash": "f70edbbfde37e2c028b03137a9d67e680ba39f4e", "date": 1638449000000, "env_name": "conda-py3.9-appdirs-cmake-conan-ess-dmsc__ess-streaming-data-types-h5py-ipykernel6.3.1-ipympl-ipywidgets-mantid-framework-matplotlib-base-ninja-numpy-pip-pooch-python-configuration-python-confluent-kafka-pythreejs-pyyaml-scipp__scipp-scipy-tbb", "python": "3.9", "profiles": {}, "started_at": {"load_nexus.LoadNexus.time_load_event_nexus": 1638451182915, "transform_coords.TransformCoords.time_energy_to_tof": 1638451195043, "transform_coords.TransformCoords.time_tof_to_dspacing": 1638451213332, "transform_coords.TransformCoords.time_tof_to_energy": 1638451231671, "transform_coords.TransformCoords.time_tof_to_wavelength": 1638451250763, "transform_coords.TransformCoords.time_wavelength_to_tof": 1638451269003}, "ended_at": {"load_nexus.LoadNexus.time_load_event_nexus": 1638451195042, "transform_coords.TransformCoords.time_energy_to_tof": 1638451213331, "transform_coords.TransformCoords.time_tof_to_dspacing": 1638451231671, "transform_coords.TransformCoords.time_tof_to_energy": 1638451250763, "transform_coords.TransformCoords.time_tof_to_wavelength": 1638451269003, "transform_coords.TransformCoords.time_wavelength_to_tof": 1638451287348}, "benchmark_version": {"load_nexus.LoadNexus.time_load_event_nexus": "9bb61e37c240f4221eff71f827efb0f1cfb5371f7c6b0e72f79b9ca92578e5e9", "transform_coords.TransformCoords.time_energy_to_tof": "f1ea8beffb41e75997f96056160ef6dd12d9afb53546d00f7e0cb2b307a616bb", "transform_coords.TransformCoords.time_tof_to_dspacing": "76d3e8bdf45621127e026f90298e8f292d01ddb57cb7caf05a5ce555a659d8ac", "transform_coords.TransformCoords.time_tof_to_energy": "32774381c7e0285d159959187b4537339285cc2573292bc6b39f5edd04d4bc0b", "transform_coords.TransformCoords.time_tof_to_wavelength": "46879c3a68b31604accd5a00f4187eb567d166242d70d944aa010a5d6f8de380", "transform_coords.TransformCoords.time_wavelength_to_tof": "d4710ab73daad9eb187b2c50c320802720ae09b880a656f3ac5284d75fea178b"}, "version": 1}